SaleID,ProductKey,CustomerKey,DateKey,SalesAmount,Quantity,Timestamp
c0078cd1-3ddc-439a-b41d-7498e8e75e62,21,460,20240809,1639.1,18,2024-08-09 20:21:00
be8532af-16b7-432c-a13d-4c6e6836d12d,30,198,20241128,186.11,42,2024-11-28 05:01:00
8666f277-cc58-4fde-9d58-697da9e040f2,13,524,20241013,1712.72,49,2024-10-13 00:36:00
d9a7f974-9572-48dd-aa36-3f96b280dfc7,22,369,20240608,66.36,21,2024-06-08 19:58:00
d71733ac-4fc4-42e6-ae48-c2150c8a92ae,17,709,20241115,1705.51,31,2024-11-15 12:24:00
b7475afb-27f7-46fe-8bcd-c099c178d17f,48,929,20240828,1509.94,3,2024-08-28 05:43:00
427c33bb-dff7-4332-8d29-954728c713b1,21,983,20241022,1070.59,31,2024-10-22 15:17:00
812ad61f-2e80-4b95-ae02-a91976bd2baa,7,536,20240620,1097.0,2,2024-06-20 09:59:00
a18dadb3-b2e6-476e-b2fb-b4a477721bf0,6,164,20241115,683.83,38,2024-11-15 09:33:00
fb7031b8-6ea9-48f1-9a00-9bc178359f8d,18,955,20240707,1187.22,26,2024-07-07 00:55:00
16380106-881a-4b17-b7a6-cdb1cb7b0310,47,102,20240610,1660.55,37,2024-06-10 20:40:00
3b8b6be3-3531-4e99-bb88-f690abf80831,40,246,20241031,1285.76,12,2024-10-31 22:31:00
1c2ea051-0ea9-4464-9328-f005529e49b0,45,231,20241030,580.56,2,2024-10-30 09:54:00
385f4dc3-93d8-4aea-9448-9ae392f1c70f,13,266,20240922,1729.19,38,2024-09-22 19:51:00
65286b1d-53a6-4935-a98a-1cb1876e571e,19,558,20240928,1700.77,44,2024-09-28 12:04:00
a71af1cd-5827-45bc-9819-7b822084b056,5,267,20240729,1685.47,20,2024-07-29 14:48:00
fc2fbc9b-7dd9-47f9-8c88-f4657b809fda,24,647,20240817,960.8,37,2024-08-17 13:20:00
d5ffcbb0-4af7-471e-a978-8d26a139e065,31,99,20240820,1220.63,5,2024-08-20 12:26:00
0ca44dee-070d-4ba5-92f5-4294061c1b6a,3,152,20240912,415.25,29,2024-09-12 16:38:00
f97142ca-80a7-4ab5-8c96-7b0469fb88a5,28,36,20240909,1493.54,42,2024-09-09 02:48:00
58c1a7e8-29f1-4d4c-9888-cd673ceba8e6,28,23,20241101,1433.8,15,2024-11-01 03:59:00
eb6df0f0-19b3-4275-b39a-c35781dfdb4e,44,362,20240617,426.93,39,2024-06-17 01:40:00
3641c1a6-0bdb-4aaf-a3b0-458602903485,41,709,20241121,312.35,2,2024-11-21 11:15:00
136ab78d-42f8-4a6e-8943-2094d42bdd3f,4,743,20240920,416.27,4,2024-09-20 12:07:00
66bc9a58-2e6d-4348-92f8-f57474dc0de4,30,308,20241008,1679.89,38,2024-10-08 19:53:00
1268b62d-b2d7-4b7c-9b18-5560c7ebaa04,42,523,20240724,1660.59,5,2024-07-24 20:12:00
18014131-342b-49b5-907d-48a526417144,24,736,20240801,1314.46,6,2024-08-01 05:18:00
eb5a95a7-ce17-470a-b427-aa4c664392de,26,835,20240716,1298.54,12,2024-07-16 11:20:00
30b84bb4-7e58-4ca5-8fa2-1f623f55b3b5,6,140,20241115,318.78,22,2024-11-15 18:19:00
5f8bb866-d86e-4395-b3a5-58bf7600d3e6,12,355,20240720,407.13,12,2024-07-20 08:41:00
8268a6e7-968a-4445-80c5-b59d37e7e3b4,24,408,20241126,149.62,38,2024-11-26 06:12:00
d02bc4a1-62de-4e8b-8f8a-9e24face51cd,12,67,20240728,117.33,43,2024-07-28 06:47:00
7558e674-3185-4e8b-aac7-b69f696ff520,50,581,20240602,566.6,24,2024-06-02 09:56:00
4afa45a3-75ba-4560-b54b-2ecd125c7035,1,10,20241127,63.47,39,2024-11-27 03:22:00
bf9aa06a-da36-4664-83cd-7dfc777e6eb2,27,527,20241025,1116.63,3,2024-10-25 16:12:00
a92bb4e9-3082-4299-bee5-8027fe2d403a,31,811,20240919,1475.13,26,2024-09-19 09:17:00
bf55606a-74d3-41c4-8cef-0ca72e4a274e,7,755,20240628,1330.2,33,2024-06-28 11:37:00
a7df02f3-4b9a-4e9b-9113-9c9a5da29e37,16,219,20241117,327.25,26,2024-11-17 14:28:00
88fa37b6-09fd-4184-9721-208d5b212866,7,672,20241028,1828.59,39,2024-10-28 06:57:00
e0cc0f71-11f2-471b-a9b1-5d5124a9d96c,15,815,20240917,1601.49,10,2024-09-17 10:24:00
a256770c-db66-437d-9db8-6346f9d8d8ee,27,710,20241029,1803.84,23,2024-10-29 16:50:00
59329e7d-8f3b-46ba-9942-320f5da6f2d3,18,199,20240715,454.09,23,2024-07-15 20:25:00
eadd19f2-3559-4a99-ad07-393bc6bac4f5,46,750,20241115,920.92,24,2024-11-15 15:17:00
4e737a78-aeff-4adf-94a0-fef9dde62658,28,669,20241014,1173.01,49,2024-10-14 18:44:00
f19231fe-3de1-48b9-9efa-dc2884f65eec,23,705,20240612,70.83,46,2024-06-12 19:38:00
1c7278b6-d1be-4426-822a-0ef8039e013a,27,349,20240724,438.13,4,2024-07-24 05:39:00
a7073ff5-3730-4d09-a663-9d9901468c8f,45,519,20240801,187.88,12,2024-08-01 21:46:00
949dd381-1374-4c88-b015-203191c45582,29,255,20240725,1430.55,10,2024-07-25 23:46:00
7e2ee1e6-7d6e-4919-b4bf-513c9f1a5c3a,12,242,20240621,87.0,4,2024-06-21 04:19:00
1a53d0e8-0170-46b2-aa74-73a36f97db21,35,988,20241026,1369.19,13,2024-10-26 00:53:00
197d12b4-c030-4270-85c9-107b1400cdfa,47,719,20240804,547.12,34,2024-08-04 20:34:00
e63c465b-1899-4c98-9b0c-4418336d6bfd,10,300,20240818,630.2,38,2024-08-18 15:59:00
bc361bb9-cfab-4a32-8860-13d68c1e447d,18,232,20240812,534.62,24,2024-08-12 14:55:00
efd718d4-54bc-4be5-ba44-b7f8e84b488f,45,256,20240729,184.42,26,2024-07-29 08:45:00
9a14c492-be52-4068-90e0-67e2048aadb1,18,735,20241112,1107.99,34,2024-11-12 19:34:00
e574a566-b13b-40d4-962f-ef3b667e1e8f,35,292,20240626,111.07,11,2024-06-26 10:00:00
b9ffb5d6-253b-4d59-a363-02a6a51aaa22,10,64,20241105,1685.41,50,2024-11-05 10:59:00
b3a786d3-7ed0-4087-969b-d20c8a9c310f,41,749,20241031,1453.5,8,2024-10-31 07:48:00
0fb893e1-62a4-4668-88f8-eb5fc955dc37,16,390,20241106,1379.18,21,2024-11-06 17:32:00
d29c7619-8515-457d-b638-095a0360cfee,18,598,20241117,1897.31,14,2024-11-17 22:27:00
4ddf28d3-014d-4ae9-be7c-4f3b338a92c2,50,172,20240824,209.86,15,2024-08-24 02:47:00
023fab01-4ef7-462a-b12b-7eb26b6d301b,10,643,20240808,1125.76,8,2024-08-08 09:28:00
a022602d-50f9-438b-819e-6efb98149b43,38,265,20240923,74.77,3,2024-09-23 19:12:00
88de872f-a99a-4049-a5b9-ab2486c61260,34,854,20240621,321.19,3,2024-06-21 07:47:00
c03f2b6a-26b6-42bb-b8a2-256e2b359312,22,804,20241124,178.51,30,2024-11-24 01:54:00
446934cb-7db4-4452-8628-b1da6bc94992,50,490,20241010,706.35,35,2024-10-10 18:54:00
cc81a00e-42ee-4d00-b7bc-ff49f7ab5ebf,27,920,20241017,1499.29,26,2024-10-17 17:43:00
4d0dd941-70f4-4131-94c8-989e198f9555,9,668,20241125,1482.66,7,2024-11-25 02:48:00
5d76d2b3-7ccc-4236-9ec2-7afb2fab57a8,37,853,20240709,1681.72,46,2024-07-09 14:14:00
c20dbbdd-653d-47ca-88cf-968afaf87907,10,566,20240721,1680.94,17,2024-07-21 18:57:00
fc0e8cc9-73da-437a-92c6-012ca8ae0298,28,736,20240821,858.03,10,2024-08-21 05:46:00
1561b6c7-e70b-4a8a-b7b2-7f286d1d89b6,28,363,20240728,1395.9,20,2024-07-28 17:46:00
ac24fdb7-3dd3-4314-9b8f-c00d609fba9c,33,189,20240620,999.8,17,2024-06-20 01:06:00
547b1ca9-b13d-44c0-b035-b67e898ec083,49,267,20240604,109.49,25,2024-06-04 09:35:00
17712153-2a14-4934-8fb4-e96620512eda,16,760,20240725,1842.46,2,2024-07-25 11:05:00
76336300-e9cf-40aa-9ca2-2584acb6c756,6,261,20241001,1823.12,39,2024-10-01 12:50:00
3e15cf20-9455-4c7f-8f96-74c2cb314d0c,45,983,20240921,1704.28,48,2024-09-21 22:12:00
2b513981-aefe-4fdd-8e8c-e5162ffa3302,19,198,20241002,493.34,47,2024-10-02 02:12:00
43820e30-b97a-465e-ac58-224b28d47db5,26,856,20240803,1363.31,27,2024-08-03 08:22:00
9b021985-b81f-4247-b3f8-ed46c1889788,38,176,20241101,856.0,25,2024-11-01 03:16:00
e4e1c6ee-010c-4e8b-b537-c6c5e6d9ce72,4,400,20240803,1893.26,5,2024-08-03 02:48:00
60f762f9-080a-43ba-80e7-c999aea4d32c,11,261,20241121,1819.99,13,2024-11-21 13:06:00
1c428051-2b97-4fe5-a40b-161d41ab8e1e,20,134,20240709,724.72,17,2024-07-09 15:36:00
1eacc82d-1c09-43fd-8919-f561c55318ba,47,367,20240731,956.12,24,2024-07-31 16:27:00
922f3693-6f51-4b00-b592-5fe7a3b29b66,4,78,20240629,614.64,6,2024-06-29 11:22:00
f19345ff-66b2-479b-8911-f224d6ada62a,6,735,20241126,1185.03,38,2024-11-26 17:54:00
ce462655-3852-4898-b927-c018b4b9dac1,42,958,20241108,581.96,29,2024-11-08 17:33:00
9d4c49dd-26c2-49ad-b6c5-5625a8b53857,6,432,20240622,1525.73,30,2024-06-22 07:36:00
b805b1aa-734c-4f43-b043-b962119d23ea,17,790,20241115,148.59,44,2024-11-15 18:18:00
f2237e29-a380-4b52-bb2d-c4699d333b91,1,390,20240622,190.84,24,2024-06-22 20:14:00
6654b1f5-1650-44d9-b576-137dc0d710a0,39,816,20240705,810.3,9,2024-07-05 02:51:00
efe2b0fd-ff42-47e0-a3d3-596f40e57e07,13,955,20241116,1921.64,45,2024-11-16 17:36:00
9fd6592e-51d2-47aa-b5a2-6a779db2b3d2,30,673,20241007,810.58,13,2024-10-07 12:46:00
e2c34c5a-18e0-44c6-87b9-3026a1d56f61,19,225,20241010,944.71,43,2024-10-10 02:15:00
d8e236b8-4bbf-4e63-8544-54e21526aabb,27,178,20240705,1621.67,12,2024-07-05 02:52:00
56033c89-94ce-4b8a-bf22-05f5313541e9,32,992,20241025,725.72,16,2024-10-25 23:17:00
f8d89e28-07af-4f44-9e07-a83ab7228db8,6,838,20240709,170.53,50,2024-07-09 07:57:00
a6a7dd47-2c55-454f-8f8f-e7890d729811,19,197,20240919,847.78,1,2024-09-19 04:35:00
15236e7e-041e-4f43-95b3-22691485bc33,2,910,20240731,586.63,7,2024-07-31 03:53:00
91e7fc59-4a3a-4f52-93d5-8b04337f6349,10,595,20241020,1290.08,47,2024-10-20 00:33:00
884f702a-5c9c-426d-ac2c-2cbf43a816ff,7,502,20240801,1027.42,32,2024-08-01 02:58:00
f8e716bc-35eb-4fda-96c2-5a13e3afb336,21,219,20240809,1275.15,9,2024-08-09 05:02:00
3852c8ce-e757-4545-a2f9-116c5c044bbd,1,990,20240911,91.38,6,2024-09-11 09:57:00
b2ec0db6-9331-49d0-b739-3e369d972e9e,46,60,20240907,265.11,39,2024-09-07 08:28:00
ea39ef04-cd4a-47f2-8edf-2cad7d3f6a45,10,219,20241003,1969.99,8,2024-10-03 05:36:00
d2f5c3e9-4841-40a8-a165-239230c0c669,32,655,20240709,1649.13,17,2024-07-09 18:44:00
bf761c0f-9232-4dbb-8351-9c4b5b365ad4,25,513,20240805,691.78,50,2024-08-05 01:17:00
d12e6731-7d9f-4325-a650-31a1d446bc63,15,463,20240603,1052.68,43,2024-06-03 15:48:00
a189e19b-e0ae-4252-8729-7a9ac98e7fb5,41,587,20240906,1556.93,24,2024-09-06 01:55:00
6bc4588c-5a1a-4769-9f3e-f51464b4fb2f,11,34,20240927,1590.88,19,2024-09-27 01:07:00
e0c729a2-b666-453f-a413-9f85ddffc783,17,63,20240923,778.67,37,2024-09-23 21:05:00
aa2e0734-2692-4443-89c5-7d70356ba9ac,31,660,20241103,1850.28,22,2024-11-03 21:25:00
0e9322f8-92b7-4471-b675-ee7572540df3,50,538,20241117,1669.96,50,2024-11-17 14:32:00
4a60a347-0508-4a6e-bc84-e42164801d68,16,172,20240725,76.93,46,2024-07-25 03:14:00
f7cbffc2-3938-4609-aab6-de2dd6b6bb86,4,166,20241119,1629.51,28,2024-11-19 12:48:00
21a59756-e74f-4b40-bc17-754ff2965175,11,555,20240702,1502.15,1,2024-07-02 17:36:00
2ff79432-7fad-44f2-9634-c2bf7da8e9d7,43,367,20241005,1304.7,9,2024-10-05 18:58:00
64dedfbe-0c26-4f3f-8906-77b12bd33ece,15,477,20240703,141.84,41,2024-07-03 14:03:00
57931de4-bf64-40bc-8c07-a8afded16c66,36,38,20241006,1813.16,27,2024-10-06 16:41:00
09fa18e4-3351-49f1-9805-f5f748e57ae5,23,547,20240817,1263.16,37,2024-08-17 05:16:00
586839dd-7280-48c3-b809-f749c20f45b2,1,423,20241015,1456.14,27,2024-10-15 06:28:00
01250bfc-81d0-475a-858e-2f866db1bffb,15,840,20240807,508.76,32,2024-08-07 09:47:00
d9aa118d-4400-4c8e-9e8f-fd58402d4c58,24,393,20240920,1885.0,43,2024-09-20 10:17:00
d45c238b-30e5-4236-a071-9a0c646443d8,9,395,20241004,1396.4,40,2024-10-04 23:21:00
fd7d93cd-4fdf-4f65-ba17-9403b7edbeeb,2,285,20240805,844.56,19,2024-08-05 23:45:00
585627b3-5e92-4b5c-8f0c-5638024c3776,7,255,20240914,1755.93,39,2024-09-14 10:14:00
dfb99330-e676-4823-a27f-d44b955a61e6,40,206,20241117,1999.04,9,2024-11-17 23:07:00
c28dbfef-ed78-4b06-921a-2ae4a92c4653,4,591,20240618,711.2,30,2024-06-18 01:09:00
a83acee6-69dc-4b97-a00e-ffd593568c3e,39,338,20240602,524.49,24,2024-06-02 12:59:00
9bc4059c-aa4a-4e3d-ad29-22e0cee86645,22,58,20240716,757.79,9,2024-07-16 11:22:00
a09ecc0c-42cc-43e0-9c8f-2ddf9622f6a8,33,531,20240621,1764.41,43,2024-06-21 01:02:00
eaf7b86e-d4b1-4953-ae14-c136b0596d15,23,499,20240723,1762.96,13,2024-07-23 19:56:00
7682ec16-e3b0-4f0f-8068-4baf638ea442,32,844,20240827,1242.79,42,2024-08-27 08:15:00
d6e2c67e-bfd4-4568-a34f-4358c215b1c6,46,878,20240820,887.35,5,2024-08-20 02:18:00
2cdbc4be-721f-4cd6-879a-50eba74136f6,26,749,20240820,732.2,5,2024-08-20 18:48:00
cd2872d6-0fe9-41ea-8e1c-5832f745d973,26,365,20240913,317.1,6,2024-09-13 20:55:00
37b024bc-b9af-416b-82cc-1a69dc0b81de,5,65,20240925,791.08,5,2024-09-25 10:14:00
1d2c932a-869b-4d85-be79-c699c822f424,48,854,20240605,1576.27,44,2024-06-05 07:21:00
ce55edbf-a2bd-4297-866d-3f9102989244,7,283,20241025,1360.31,4,2024-10-25 20:57:00
e2825d09-285d-4852-a11e-786cc5a67706,34,763,20240828,1328.52,32,2024-08-28 00:38:00
6a3ad7d0-054c-4f34-945f-9984979c83c8,41,583,20241004,274.27,49,2024-10-04 07:25:00
bb7d478c-7cdf-4683-b18b-70fe1ffec914,3,808,20240922,931.07,14,2024-09-22 22:18:00
78be1d0c-1374-44f0-ad5c-c4e81cbfcde4,35,139,20240822,1265.97,36,2024-08-22 07:33:00
58535162-81e9-4161-ab73-8959314ac916,48,830,20240629,730.26,48,2024-06-29 15:31:00
114f69b7-0557-45e1-a8b6-bd574278fead,11,310,20240720,467.04,38,2024-07-20 13:57:00
b3c36b2d-16d7-4e82-85d2-be47b7ef5766,13,430,20240929,1825.56,7,2024-09-29 18:08:00
9d02314b-f157-4897-baa2-d7c793f71192,29,396,20240706,1128.17,6,2024-07-06 00:07:00
f1823964-ed68-43b2-83ee-8e0422b676fb,9,736,20241017,1507.65,11,2024-10-17 10:15:00
d362f521-2707-4116-9d06-c788698dc79e,49,285,20240912,195.98,48,2024-09-12 20:17:00
2d105c6f-9656-4b17-890d-c78b6e570e1b,14,173,20240818,648.23,37,2024-08-18 14:02:00
8338ade6-9a74-4c53-857c-2ed3dc4d05b9,40,240,20240610,454.5,47,2024-06-10 21:03:00
02c1dbe9-adf9-4200-9e7f-8a0b0b5bd277,21,738,20240806,158.38,33,2024-08-06 02:25:00
dac478c6-6146-435d-a4f4-a375c59fa7e3,20,753,20241022,895.42,43,2024-10-22 01:49:00
ddc672ec-3ddb-4956-896e-928100df5f59,37,54,20240730,756.11,48,2024-07-30 22:55:00
7be369be-0aa7-47a2-9289-97ad39cc1c75,6,544,20240928,440.47,24,2024-09-28 10:09:00
352127bd-9c03-497c-819c-d7b382dcabba,17,468,20240728,302.41,29,2024-07-28 13:48:00
afe199ac-260a-4606-bd4f-be237e078555,12,966,20240911,346.42,46,2024-09-11 22:34:00
54dc2680-5e4f-42cd-a066-cc57cdf04bd0,30,581,20241102,1154.3,7,2024-11-02 22:51:00
0b30d468-14fd-48c6-8ab5-462ea67c4541,25,471,20240812,1684.02,5,2024-08-12 21:44:00
8ea2232b-a1a1-4ac4-a085-651616aaf6df,3,453,20240611,390.2,10,2024-06-11 14:57:00
f08c1f1d-6882-4118-b3cd-c077c2e51943,2,424,20240616,391.97,14,2024-06-16 00:46:00
b334b53a-344e-4d4a-a5d2-9b04c60a4665,28,181,20240725,1296.95,22,2024-07-25 23:36:00
8bc6e0c8-a2a4-4cf2-b8a7-abb49f7426b2,40,143,20240614,1931.63,23,2024-06-14 17:17:00
c635140b-bbdd-4aa0-b12d-5f278c9d78b5,38,82,20241102,1000.84,2,2024-11-02 05:30:00
8c253e60-c403-4c13-b745-ada6820b506a,25,959,20240830,1994.26,10,2024-08-30 19:51:00
0bc293f7-758a-46bd-8276-1a9cf31ff9b5,2,199,20240611,1951.98,22,2024-06-11 18:17:00
edcf9398-e7a0-44be-b5c8-714e453c480c,30,698,20240906,1342.2,5,2024-09-06 12:32:00
32a2d11b-df32-4af2-981d-4667ab7792f6,35,969,20240630,979.41,23,2024-06-30 10:14:00
863ae4b9-f5b7-4296-ac9b-3ca2a77220c1,48,253,20240920,1261.43,5,2024-09-20 11:55:00
d718b309-bad6-4c80-ac62-09ce91fe7c2b,5,562,20241014,212.05,20,2024-10-14 11:21:00
0d7ec861-2883-4692-a2f4-a0b4967fed4f,19,318,20240822,461.93,5,2024-08-22 19:22:00
2e7eb9b7-2cd9-48e5-b12c-840965705ff4,33,964,20240720,1659.99,26,2024-07-20 20:59:00
f88e997a-65bc-4e3c-966f-7d8796f83c5d,30,256,20240816,40458.92,26,2024-08-16 13:23:00
2888170c-711a-44e4-b080-600e8faf1b55,21,67,20240824,184.41,4,2024-08-24 09:28:00
ab6ba852-c218-43ff-bc0b-f88ae7f539ff,44,840,20240709,1670.53,4,2024-07-09 13:05:00
877880e2-a8d3-4e5f-ad91-d02000170bc9,49,552,20240730,952.0,17,2024-07-30 07:11:00
f3ba2ce9-41e9-46db-b839-bb82a031d39f,33,107,20240616,404.8,24,2024-06-16 23:40:00
d129ccfe-a386-46f4-a9c4-b8ff297b560f,24,80,20241104,1702.72,1,2024-11-04 05:47:00
8befea8f-43be-41cb-9618-c537a0497963,13,640,20240805,1480.24,27,2024-08-05 15:58:00
2fe49708-a52e-401d-b5c2-eb7975b2983c,2,143,20240714,1214.65,42,2024-07-14 22:20:00
a90112aa-d3f3-4064-b9bd-8d391b528201,40,228,20240612,1725.87,4,2024-06-12 10:03:00
e6831d6a-e923-4018-8319-27135c981a0b,8,203,20240703,1578.34,10,2024-07-03 06:58:00
cbea1c75-8657-4e4d-bf0e-4208457fef72,30,408,20241115,285.35,48,2024-11-15 03:49:00
85109b7e-9353-4e89-957d-89bb5e9aee53,29,306,20241026,1291.35,27,2024-10-26 07:22:00
17d610fc-eec2-4196-b145-f57fc7d9cf66,20,461,20241103,1889.53,45,2024-11-03 05:32:00
7b9deb16-b292-490f-8dc9-7fe9ff1b2c62,30,809,20241031,553.57,5,2024-10-31 22:08:00
1d5cb073-1956-40a6-ba94-1ba3923d5975,22,132,20240905,1605.14,5,2024-09-05 18:34:00
27a88424-0422-49c4-83e9-abb4d943e364,16,632,20240618,224.59,3,2024-06-18 12:26:00
33fe3b6b-dbee-43cf-86ca-a52f363eb7d5,34,915,20240812,1774.32,3,2024-08-12 10:49:00
6d64fddc-b727-44cb-a7f9-7b179c596236,17,435,20240813,1205.8,34,2024-08-13 13:22:00
56ada645-5362-4538-9627-05ab38d064ae,34,756,20240930,1416.84,15,2024-09-30 16:13:00
648b64ea-69bd-407f-97db-643411d845d7,10,509,20240925,456.16,14,2024-09-25 17:03:00
a6043489-da97-47ad-8ea7-4b1375b8005b,29,283,20241023,1948.54,46,2024-10-23 22:02:00
9df3d54e-5b5b-4255-99d1-0d390c3677b7,33,472,20240824,269.89,20,2024-08-24 19:39:00
b763001f-a050-4e85-accd-84f271b4e686,4,686,20240806,610.38,4,2024-08-06 17:34:00
6ef6e83c-a8bd-4dcb-b622-8124ef33b6e5,20,653,20240909,77.91,10,2024-09-09 02:30:00
6e1573c8-e276-47df-919c-6f2d8e1349e7,42,467,20240709,1705.25,26,2024-07-09 23:30:00
ddb64cd6-ef7b-4497-ab7e-b249da02a85c,35,755,20241012,1825.9,49,2024-10-12 22:11:00
9e60a222-c32e-4472-be4e-eb9d47cea01f,38,10,20240817,812.31,11,2024-08-17 20:23:00
a4b3ade5-30ef-4d3b-9809-79f109e21334,35,445,20240703,385.25,7,2024-07-03 00:47:00
f33a4278-f58a-4912-bd8f-c2700287ac0c,41,634,20240930,1193.95,18,2024-09-30 06:54:00
95b148fe-4bc0-465a-951e-648777bfd3c3,32,843,20240902,1542.34,14,2024-09-02 11:35:00
28ce5b3f-e543-48a7-9e6a-c766a756307e,50,857,20240927,576.87,20,2024-09-27 14:52:00
195eb497-20b3-47c2-bf7b-1fe94a1c89d5,17,844,20240801,1109.66,26,2024-08-01 17:30:00
bf58531f-a85b-49fc-ba64-fea2be47963f,21,611,20240611,1508.14,25,2024-06-11 05:47:00
7951ab3e-2563-47a3-ab7a-b3b9398a3217,30,468,20240827,1467.72,43,2024-08-27 11:04:00
337f4ebf-6fc0-475a-856d-8c22f2606679,46,68,20241025,495.71,23,2024-10-25 15:40:00
093ee9bc-25b1-428f-8bb1-9362e9821897,4,399,20241019,188.21,37,2024-10-19 01:20:00
9f14da72-376c-4492-8772-e1ec137cd219,7,349,20240829,1093.79,8,2024-08-29 22:10:00
2213a992-c7d1-4a3c-9160-a33aef487964,35,187,20240903,122.27,1,2024-09-03 04:32:00
5ef71f30-a49d-4a44-94ad-3d4b302229ff,39,468,20241109,408.0,37,2024-11-09 17:06:00
84eb29bf-5922-4587-9765-66c9b750a5f6,15,650,20240919,1705.99,19,2024-09-19 12:45:00
768aab16-ea10-4d74-aa66-d585e5c0850b,50,682,20240708,324.91,9,2024-07-08 05:59:00
e1a6d311-4ca2-48de-b603-13aacfd56538,27,749,20240821,1948.75,12,2024-08-21 01:40:00
1ab5b7b6-146a-410d-adb9-33761ffbf91b,42,335,20240831,1641.06,43,2024-08-31 13:03:00
50482f93-76d0-4d4f-b8bc-e9c0a27905bf,40,267,20241124,1552.1,1,2024-11-24 22:52:00
fd5a7567-f749-4c0a-bb29-4aceb197c5d0,12,590,20240819,1110.42,26,2024-08-19 13:02:00
ef21cf3b-411c-45d6-bd4c-0119bd25e1bf,41,238,20240812,1932.05,12,2024-08-12 20:08:00
838f8e79-4646-4c30-8952-28c1a9a56881,26,446,20241126,427.15,41,2024-11-26 22:28:00
f5ebdeec-dbb8-4c9e-8f60-0a8c334a85ff,39,1000,20241112,1126.75,26,2024-11-12 09:07:00
df59422d-5b39-4b43-a1b2-667169bc4d06,18,677,20240928,1832.12,24,2024-09-28 01:21:00
8cf8ff1b-46e2-4027-a8cb-8c834d4ce1f4,50,633,20240804,1128.3,24,2024-08-04 09:54:00
7b759b14-df58-4ba7-b3a2-0ab78f74e972,15,19,20240905,1509.9,4,2024-09-05 01:51:00
adaf7f82-79d8-4b2f-afa5-d7ec7df32a14,1,408,20240718,97.51,4,2024-07-18 02:30:00
7421f947-44ac-430e-83d9-b48a709045d4,16,934,20240801,648.29,30,2024-08-01 18:08:00
d145674f-5238-4068-80d7-0e7ea7332942,29,37,20241021,411.33,43,2024-10-21 07:56:00
c91dc519-cd34-4a52-9ed5-79ca7118b945,11,680,20241125,687.33,1,2024-11-25 12:12:00
8e28d7bf-7093-4818-8c7a-47899615d6b1,23,715,20240927,782.01,15,2024-09-27 02:59:00
8b3a2761-7f0f-4597-bfd4-4f9ef53562ae,31,967,20240704,137.99,48,2024-07-04 22:24:00
ae16fd36-9da0-498d-b5c3-08b830c98d62,36,88,20240925,1969.76,35,2024-09-25 10:53:00
4397e9df-6c81-4cb6-a02a-a17bd2dd03fd,21,140,20240611,1160.94,16,2024-06-11 20:32:00
a59f958c-5d7d-484e-857d-2a89c1182c00,23,607,20241101,1149.25,22,2024-11-01 16:46:00
880ec322-0414-4fac-9c82-140735c7e93d,16,571,20240725,132.12,21,2024-07-25 01:10:00
9b215165-e918-4380-98be-991513283a9e,18,948,20240824,1483.7,44,2024-08-24 09:49:00
256458d9-a142-4b9b-bad1-43b7c5b6b496,29,650,20240927,100.83,6,2024-09-27 14:56:00
44847d69-0c78-4ad0-bff4-61f01f36e64c,21,886,20241018,159.84,5,2024-10-18 15:19:00
b53e0159-6e4a-4226-9d87-d072e2afa1cc,38,420,20240822,1263.84,50,2024-08-22 07:07:00
97b2782f-0409-4657-a048-effc0f1f9199,9,612,20241104,1260.57,40,2024-11-04 14:59:00
076c3c62-4034-4cec-b7a1-b853581d874d,31,726,20240706,1786.72,23,2024-07-06 06:03:00
41b6da58-fc54-4401-ad67-844c9ea50dbf,33,153,20240921,1985.11,16,2024-09-21 00:18:00
1b130601-b2db-4b33-93e1-e2f788c6f783,27,100,20241103,1826.23,2,2024-11-03 06:54:00
bfcad844-0b2b-44d5-bdc9-025e1440b8c9,48,904,20240629,1977.55,33,2024-06-29 10:04:00
b1b07535-f371-41f4-ae03-beed5a72ef73,6,895,20241015,213.28,1,2024-10-15 19:32:00
6f95713d-b62c-4c90-9047-110e1e5c2a18,50,342,20240720,1989.24,42,2024-07-20 08:56:00
0f09d125-c84a-4f9a-87e9-fcac329ac634,41,364,20241001,888.29,25,2024-10-01 23:42:00
17033d42-a197-41a9-9956-644111a9548e,50,653,20240704,1854.3,5,2024-07-04 00:27:00
b3293f8e-826d-426f-a3c8-67af558b507b,7,70,20241112,330.41,17,2024-11-12 17:08:00
7780dd89-1e6e-4ce2-a914-1f79bbfa5b8a,46,210,20241104,1506.29,37,2024-11-04 21:22:00
51d47914-a72f-4718-948e-b9ac6af5b19a,47,220,20240811,792.14,23,2024-08-11 14:20:00
7109e849-1d15-49a2-bb45-c3bdb8ca3d37,18,647,20240806,1111.11,1,2024-08-06 05:26:00
24cf1b21-eab8-4a16-9743-f03962dda3a8,2,162,20240716,1065.44,45,2024-07-16 10:55:00
0f3da216-a35e-4bf3-a75d-0fd672945676,17,357,20241005,410.85,28,2024-10-05 10:51:00
35f03955-d055-4b65-be92-3513cbb0f74a,31,756,20240721,611.46,15,2024-07-21 06:18:00
4f8f8e6d-7b72-4c42-b7e5-2b03a7bf8b22,33,838,20241008,800.48,37,2024-10-08 23:22:00
f401a41e-1e1e-4d68-9667-b13223b21d35,47,224,20240619,834.29,25,2024-06-19 14:44:00
2882abb7-6311-476d-827d-1e2a949cf69f,11,416,20240722,1507.34,27,2024-07-22 01:56:00
b5aa4274-6f13-4230-b8d9-46348ccc271b,40,984,20240623,1260.38,1,2024-06-23 08:20:00
99420d30-b914-46da-908a-fba5036f8d5d,11,940,20240719,1751.49,48,2024-07-19 15:01:00
e99c9bd5-0e90-4dba-a534-54d0042ee1df,14,840,20240805,1064.16,47,2024-08-05 13:00:00
71e2d174-90ab-435c-b0e5-d06ed70b4d71,45,71,20241124,337.62,7,2024-11-24 03:14:00
a98078dc-d959-43f3-abbc-1b761fc69cf6,23,213,20241006,142.59,40,2024-10-06 02:31:00
10005492-7fd8-47ef-8e0d-1aed62485156,14,806,20240702,283.5,2,2024-07-02 14:29:00
68bdd0e5-d939-4692-a54a-f7d27ce1a851,40,658,20240709,972.39,28,2024-07-09 22:52:00
d201fee5-b746-470b-99d6-a57ace2b0076,47,690,20240619,991.88,43,2024-06-19 01:46:00
bb673bc0-4ab2-4a3f-b2d8-628a9808f607,3,24,20240904,359.55,5,2024-09-04 10:18:00
0024fb7e-3fce-42c6-b4e9-181e63b3b577,24,494,20240730,997.67,27,2024-07-30 07:33:00
d38bdec6-c28b-49b0-8819-bcd17485e108,36,525,20240617,1443.56,25,2024-06-17 11:56:00
d5b82c13-f205-4093-bcee-795b7947de30,3,578,20241001,1762.83,20,2024-10-01 02:03:00
57fdcdfe-e503-4060-8622-13475dbfc25e,20,595,20240825,657.18,16,2024-08-25 04:27:00
5b4aa2df-5bb3-4245-9e3d-55691f5c21b6,26,410,20240826,1637.85,21,2024-08-26 06:57:00
3bf10154-9df0-4aa4-ae2e-ba7539e33f6d,8,651,20240821,432.19,21,2024-08-21 04:32:00
51dc712b-972e-47b0-9aaf-aca6a26aaa44,2,729,20240820,1575.75,8,2024-08-20 10:07:00
9775e12a-c922-4f3e-a50d-12a02531f1c0,17,826,20240818,760.7,23,2024-08-18 15:43:00
0eecd196-3f6b-48b5-90ae-9505648d395f,2,828,20241026,416.38,3,2024-10-26 21:03:00
7af90bfb-995d-4151-a0df-ac0b9df51180,13,48,20241112,298.28,37,2024-11-12 17:32:00
c3a59211-df2b-4cb8-977a-670b6c846c7f,38,517,20240607,997.36,1,2024-06-07 23:17:00
4ab1963f-aeb6-4045-b663-0fa0c439fb10,4,125,20241111,326.09,9,2024-11-11 07:15:00
ec79086b-7f25-470b-9f2e-13bdad25c548,26,369,20240811,174.36,23,2024-08-11 19:06:00
4f82312b-4a08-4657-88ac-35e84bb9f2a9,10,812,20240627,1766.71,41,2024-06-27 19:17:00
f637d016-3066-4827-83bc-3f2bf5188401,26,941,20241112,1319.48,45,2024-11-12 10:18:00
5171a653-7ab1-4711-9dfe-c0a8978c2141,40,890,20240604,1759.71,18,2024-06-04 18:49:00
36b07bfc-641e-4ec5-954a-fec4440f6d16,8,450,20240921,438.69,47,2024-09-21 06:06:00
144c45e7-9aae-4d79-93ea-253ae9b549b1,13,845,20240906,773.84,41,2024-09-06 02:27:00
11adf581-aa56-4c21-a4f3-2bc0ecf69f9f,49,223,20240930,881.14,8,2024-09-30 12:20:00
bc960540-41d0-4d4d-be1f-76238266423f,47,981,20240725,586.87,8,2024-07-25 19:40:00
8913bc70-9211-4362-8300-a0b1be388804,18,540,20240616,1952.6,13,2024-06-16 08:57:00
99b59fe6-07e3-4890-ae1f-1eda0b96dfa6,15,14,20240807,1044.16,4,2024-08-07 14:12:00
47946550-d226-4487-bbe9-5618127ef193,42,153,20240804,615.94,44,2024-08-04 23:14:00
8cd03cee-edd1-4dc5-bf81-f4f86be7a8dc,33,342,20240923,997.18,9,2024-09-23 16:41:00
5eed85a3-05f7-467f-953a-fef5811ea2c1,16,34,20241022,1981.83,19,2024-10-22 18:56:00
f1ec0abe-dd75-4e8f-a967-cc5fc8ef533e,29,910,20241123,144.75,49,2024-11-23 19:23:00
ef5b79ed-e8d5-447c-85a8-0c0e585bdd6e,50,910,20240925,267.82,31,2024-09-25 21:45:00
f93ca157-278a-4dd6-910a-736099f159ef,44,949,20240907,171.11,33,2024-09-07 05:01:00
0b86c429-5f0a-476e-8682-b06a4e18fecf,28,324,20240612,1045.39,49,2024-06-12 12:48:00
56cc6ef4-76c2-4174-854a-bac1845e43a5,38,107,20240826,149.24,35,2024-08-26 14:11:00
b80b4bbf-9028-4d30-b49c-b9019cfb69e7,19,554,20240628,1323.79,28,2024-06-28 03:42:00
58426c02-00d2-4413-8324-383a0469358d,36,425,20240902,1127.99,19,2024-09-02 18:02:00
104e8750-e893-46d2-8f6d-55a9869023dd,1,393,20241119,721.18,20,2024-11-19 14:42:00
b4ba3c53-f463-4f13-b833-d7d3422cf10a,23,526,20241031,1197.85,27,2024-10-31 11:30:00
5f5efcb8-f47c-4db3-847d-8a357ab089a3,27,395,20240612,1307.63,31,2024-06-12 11:29:00
669962a6-8843-4f78-a3b3-a8c944d185a9,3,685,20240702,1359.2,16,2024-07-02 21:55:00
0e529fe1-1953-4514-8be5-4027391e4d40,44,622,20240602,788.89,37,2024-06-02 13:40:00
cadf26a2-3033-4ace-9416-249d457fbddf,31,370,20240911,1946.67,27,2024-09-11 20:40:00
9d24b8b0-6649-4d3a-bd3b-6d219697e449,34,721,20240730,304.3,13,2024-07-30 22:06:00
62466f7b-dd8c-46f2-9502-eb0b4a9f2656,39,199,20240909,1721.94,13,2024-09-09 17:22:00
e5779392-6d4b-463e-98a5-38aaceb53f77,45,57,20241027,1538.57,43,2024-10-27 03:10:00
ececf65a-6dcd-47b8-8c88-172f06a3a093,49,434,20241103,749.11,49,2024-11-03 05:46:00
fb55e66e-9556-4c41-b9b8-b871f8569ea1,34,362,20241004,256.71,15,2024-10-04 15:36:00
c2556e78-364a-4006-bac3-1c66de5515e9,25,214,20241115,1986.46,21,2024-11-15 14:03:00
8dd707a7-5a84-4e50-b005-af79080a9796,31,206,20240603,1616.71,15,2024-06-03 10:52:00
a91090df-c6c7-4008-a4bb-103a0c16e44c,8,355,20240810,346.83,22,2024-08-10 08:50:00
79f9e33d-ed98-4e8a-be80-dc53f2aaa503,10,451,20241029,126.5,24,2024-10-29 12:21:00
65e74ff8-9b6f-4c5b-9642-73fd526e227e,25,141,20240920,1121.56,19,2024-09-20 15:48:00
d5c78739-6c46-4394-8217-7daf8d055dbd,7,569,20241014,1810.61,8,2024-10-14 18:12:00
6bb32244-49f5-40a8-98ae-fc2e57955a68,1,609,20240803,1375.11,19,2024-08-03 11:05:00
381e8a33-2501-4778-bdd1-bdce3dbd0d88,21,825,20240820,859.82,35,2024-08-20 17:14:00
f99b2222-5d03-40fc-af8f-c150be70e8ae,4,622,20241020,864.52,48,2024-10-20 13:32:00
dc8b72cd-c8bc-4b06-9699-0442ee65dc63,12,367,20241102,788.07,5,2024-11-02 20:36:00
1adca1e9-dcc5-4774-aa4c-0a85b204ba0d,7,148,20240926,584.7,48,2024-09-26 11:23:00
b354bcbc-a51b-46ac-832d-f0f6049a1b8d,3,423,20240823,436.45,4,2024-08-23 05:55:00
dce3b878-d018-42a8-98c8-a179f983f638,42,382,20240923,133.51,41,2024-09-23 04:19:00
219f09ae-742b-452d-a979-5406e2553632,15,303,20240624,1765.07,28,2024-06-24 07:22:00
4b292203-dcbd-4614-a755-b1674b3a5c19,15,254,20240811,127.08,46,2024-08-11 20:01:00
80589360-46b6-4798-894c-3a982b7c037d,35,849,20240905,1718.59,10,2024-09-05 19:51:00
e835d705-7f03-449d-b395-2771b19d11b2,46,993,20241028,380.14,30,2024-10-28 12:33:00
76b2e63f-0df2-418c-94ae-2b31a3065466,47,141,20241008,1906.83,37,2024-10-08 07:41:00
08774333-bc63-4d68-8b30-891f85e7a1f6,31,569,20240731,750.86,23,2024-07-31 17:23:00
adb8e960-cb8f-4591-8911-8fcec71af895,44,110,20240707,1532.87,33,2024-07-07 01:20:00
f392c361-7ade-468b-b7a1-3a09eaabfd68,8,331,20240619,1181.08,27,2024-06-19 22:25:00
c1551c29-1263-46b3-8417-60f804f9918b,23,826,20240704,1076.87,20,2024-07-04 07:14:00
3f3a9d5a-6369-4c74-9ecd-ed81a92d653e,45,596,20240730,1801.16,3,2024-07-30 12:09:00
a955aaaa-e605-4c2d-88b2-e39f3f3bbc2a,12,351,20241108,1313.15,44,2024-11-08 16:56:00
052a9bfd-f19a-4867-acab-11e70529d65e,1,655,20240926,1571.69,4,2024-09-26 04:59:00
4d896ea1-0716-41cd-916c-60df1199fa41,9,440,20241028,1454.39,4,2024-10-28 12:06:00
15c7bc0a-51a7-4ccc-a577-dd932967b50c,23,587,20240701,1994.0,24,2024-07-01 09:29:00
5bc4093e-4796-4d0e-b8f6-03c124fb0e88,22,744,20240929,1233.32,26,2024-09-29 02:58:00
5fd5a7bd-b827-4394-b9c5-e937b9ff7534,6,296,20240821,1324.52,46,2024-08-21 13:48:00
6be90ea4-6ade-4a93-9564-51439d8e170c,42,384,20240704,1887.52,50,2024-07-04 11:20:00
1745c9a3-6fff-4d36-96fd-814aba9783f9,9,852,20240605,1142.37,35,2024-06-05 03:23:00
eefb11c5-4ee2-4514-9628-1708739d1a15,15,909,20240831,1749.17,42,2024-08-31 18:48:00
3e00a8ad-ab1a-4194-8ff0-c33bc603219d,25,322,20240709,1130.8,36,2024-07-09 15:48:00
9308f038-a20f-455c-ac63-30ddcbe0ab27,13,939,20241018,1042.18,36,2024-10-18 08:14:00
ea00044a-2df0-4194-a515-9757faa8c886,46,838,20240709,200.36,14,2024-07-09 00:47:00
61419089-c301-4d3e-b8b1-5d546c64d671,15,616,20240820,1034.64,45,2024-08-20 19:12:00
18145c5f-2a9f-4a64-bfb6-2ed7951b64b4,3,964,20240909,315.58,24,2024-09-09 12:13:00
ec0688f2-6132-46b8-9e1e-c9bc5110645e,20,628,20241107,483.89,45,2024-11-07 20:12:00
067f8cc8-7003-4a78-9930-5c0f3c6af5e3,22,874,20240623,589.95,42,2024-06-23 03:05:00
190c478b-0410-49e8-aedf-726e77dcc0e0,31,532,20240919,103.26,9,2024-09-19 07:57:00
38f975d7-619b-445d-a4b5-2e54d99b4dcf,31,203,20240701,567.94,50,2024-07-01 15:32:00
3f37383c-56bb-4c6a-9b25-e46f158bd6f1,10,856,20240803,848.57,38,2024-08-03 14:54:00
a2b4266f-9ae7-4379-943b-934638bce28c,31,450,20240817,168.03,30,2024-08-17 10:49:00
77882ed0-0c98-4c15-ab8e-be6d07731ba0,48,497,20240701,555.45,24,2024-07-01 20:04:00
27e5e4a3-028f-401c-9b62-f5db2b16e6b4,42,982,20240702,1516.04,6,2024-07-02 07:59:00
8c13fb08-f186-4208-afcd-6f6750bef67c,11,909,20241122,596.24,24,2024-11-22 02:26:00
6317ec76-274f-47d1-9f13-d28b17829d04,7,522,20240904,406.61,31,2024-09-04 16:03:00
0633c263-d315-4ba3-aed8-42471569750a,22,438,20240918,391.49,20,2024-09-18 20:31:00
caf91560-f52d-45ab-bdad-29d25b427d94,35,129,20240813,828.68,21,2024-08-13 04:09:00
9c263861-829d-465a-baa1-35cb17760af7,38,187,20240626,1598.16,42,2024-06-26 13:59:00
8868eff2-191e-4e8a-8c94-198bebee437c,10,687,20240724,417.73,17,2024-07-24 22:23:00
ae8b51ed-ef58-4aa6-ad6d-4b7c610d974c,29,648,20240707,1284.19,38,2024-07-07 09:09:00
3e3861cf-ca99-4ca4-88dc-5dab5a549f2f,41,324,20240822,1537.04,7,2024-08-22 14:25:00
1b8b6be9-5a4c-4bb3-bbc3-bdf49bc51c2d,46,129,20241106,344.78,38,2024-11-06 06:33:00
785f7fe3-8be7-4260-86e9-153aa6baf37c,32,678,20241102,370.42,31,2024-11-02 22:03:00
f5c20103-4d57-4aba-bbdf-5d810ced2061,20,617,20240715,261.8,4,2024-07-15 14:16:00
3ceb663b-ceca-42de-916a-21eb76d1b87f,43,667,20240917,1867.58,21,2024-09-17 18:48:00
40fb0f4b-c9a8-4216-afb6-5d84a9e68011,12,806,20240722,578.23,9,2024-07-22 07:33:00
054a773b-fe5d-4191-942d-0ac594f0e54e,13,907,20240719,1794.46,2,2024-07-19 01:24:00
921304be-4e7e-4eed-b0cb-c4b0d6fff5a9,43,999,20240709,432.72,10,2024-07-09 03:28:00
de5a64f6-ef68-49b1-96ce-ab40553d984a,26,968,20240930,1365.22,45,2024-09-30 04:33:00
1574a798-fd2d-48b7-ab40-94e7bec6ec97,46,168,20241119,350.25,5,2024-11-19 08:11:00
2ce533ea-f5fc-466e-bf70-e02898641c0f,25,918,20240915,946.8,41,2024-09-15 00:06:00
635c916e-c720-4ab6-aeac-8922748fcdeb,16,828,20241002,1739.38,34,2024-10-02 13:10:00
05e411b2-4834-4ad4-a564-ec8c85994cc9,43,662,20241115,736.98,16,2024-11-15 18:46:00
37a74faa-c13d-44d2-86a1-8a8d5ed24114,41,972,20241126,285.55,8,2024-11-26 19:41:00
bc24ec41-2bfe-43e7-a28f-c1be65882c81,4,99,20240822,546.26,1,2024-08-22 09:18:00
95502eee-7fc2-4f7a-aaa9-9a1eb312192d,13,857,20241011,1822.76,44,2024-10-11 01:16:00
d3029704-eb05-4a50-9abc-6fafcd9ab5e8,49,845,20240908,363.1,3,2024-09-08 01:05:00
dbf8a84c-d61b-4c83-8a25-051a4b88caac,20,609,20240913,1719.2,42,2024-09-13 13:19:00
a511d097-2ded-4295-bbb5-68f1678db938,11,906,20241119,1396.67,19,2024-11-19 06:04:00
c3492ba6-a47f-487c-8d4f-b40fe97f44da,8,486,20240726,91.29,2,2024-07-26 17:27:00
23c9139f-c23e-4f12-b89d-2b2559646e78,9,165,20241026,1981.38,2,2024-10-26 14:29:00
009708b5-ed2e-4fa6-ba40-f50f16c42827,28,758,20240618,205.61,26,2024-06-18 01:07:00
56af1f1c-ebc5-4411-84d4-c0674a83ed40,15,989,20240701,439.5,48,2024-07-01 18:03:00
0c9cb69a-4f4e-491d-b57c-e17b80569da4,22,848,20240901,1878.19,7,2024-09-01 20:19:00
cc73e80c-6602-456c-9f75-405a6c44d64a,36,256,20240704,926.62,13,2024-07-04 13:53:00
892aca18-295f-4f78-9c94-59b9554b2769,45,275,20240723,1854.03,22,2024-07-23 13:24:00
78785861-a123-405f-9a72-373db3810f61,1,370,20240710,1837.53,24,2024-07-10 19:44:00
85953e15-1211-4bf8-a98e-dd055c7591ca,44,113,20240630,1021.01,38,2024-06-30 22:01:00
78583dfc-4fae-4f62-8967-4a22ea6c349e,5,261,20240924,151.8,38,2024-09-24 06:24:00
396811f5-1e74-4b61-bec5-ebef9618d63b,18,109,20240628,772.62,19,2024-06-28 00:36:00
860b4e6a-493a-4301-abc1-a88ce472ca77,35,106,20240818,1554.5,49,2024-08-18 05:38:00
8a7f7e7b-de8c-4661-a934-e201f33b8482,46,47,20240608,1332.91,28,2024-06-08 13:24:00
a31cd9da-0bd9-46f4-9b98-9b9355ba07b6,14,827,20240927,886.03,31,2024-09-27 09:13:00
4a2689a3-8c73-486a-9241-3ab5b8fab24d,41,656,20240607,1181.63,38,2024-06-07 21:46:00
61cf31fb-9534-4347-b30f-a73e65bbf081,29,840,20240814,507.38,9,2024-08-14 14:37:00
ec1da4ef-d2db-48c3-8b88-0ac7f80ffe3b,43,378,20241024,414.09,41,2024-10-24 02:35:00
3f81bc69-dff4-4ff3-babb-65d50d87f789,32,106,20241107,90.17,43,2024-11-07 07:07:00
f96d10ed-7806-4e2b-a016-f0469a737266,44,957,20240809,420.4,20,2024-08-09 15:30:00
006009bb-4199-46e8-8a26-339f93e1d1a0,44,488,20241113,833.76,18,2024-11-13 06:22:00
e8867991-c7da-47af-86d9-914b11b4c05e,10,71,20240622,1777.43,26,2024-06-22 11:20:00
a050a167-ca32-4c6d-bb3b-e8ccb81f7a66,45,671,20240605,1923.11,47,2024-06-05 02:20:00
00fce349-7af6-47f9-ba5f-ed6cd8b9b6c4,23,82,20240916,962.34,13,2024-09-16 07:29:00
db8e5a39-1afa-449b-a29a-794e847cc91d,41,100,20241112,1523.84,49,2024-11-12 09:06:00
96d2204f-951e-419d-9de2-6ac2ebb8c193,3,136,20240618,720.23,19,2024-06-18 20:41:00
3fb5a6be-f30f-412a-b4b8-3b60fc7dd982,40,997,20241109,309.46,22,2024-11-09 09:01:00
6aca36b2-af1c-46e4-973d-ff6979ab5d85,49,354,20240919,1190.01,28,2024-09-19 10:01:00
e86bc1aa-388c-4986-b4d2-7347c9470a33,4,916,20240802,975.98,30,2024-08-02 11:44:00
ce9fb207-2542-46f8-b432-3f60b911a02e,1,45,20240925,152.86,34,2024-09-25 15:50:00
088eadf0-2c95-442c-802c-2f0535461094,7,834,20241016,52.18,8,2024-10-16 13:54:00
960672fe-c689-4511-b53a-c8c3a5403c1c,12,155,20240822,444.08,40,2024-08-22 09:12:00
bfb8f5c5-2c48-40a3-aa8b-5c124e1d95d9,4,580,20240910,969.41,42,2024-09-10 02:45:00
817331f0-2b73-4d94-b935-6996fe2c60b0,47,80,20241004,506.61,41,2024-10-04 21:36:00
86de06af-6f97-4da8-b80d-69374123d6f6,1,64,20241001,746.15,40,2024-10-01 18:08:00
d00563b4-f90a-452b-818e-475f1bb4f25b,24,708,20240706,569.2,32,2024-07-06 05:26:00
0e6d177f-03a6-4e7d-a493-607f3d33987c,21,860,20241022,182.06,21,2024-10-22 06:14:00
829a0853-6aff-4a3f-b9d8-8f5c01e835a8,3,432,20240922,232.77,27,2024-09-22 11:39:00
1baefff4-79b4-473a-a28e-9bb83fdc2b51,39,477,20240824,779.3,36,2024-08-24 19:50:00
92ef8ae6-c19e-44f0-8ed8-0c8093e358c6,17,360,20241012,1777.17,15,2024-10-12 00:56:00
da03c350-4a1b-4cda-9e89-0dd431bae2c3,22,899,20240801,166.01,12,2024-08-01 07:36:00
df8d6da6-a50f-4ff0-a897-c2a3eae1a26f,11,914,20240609,1254.11,14,2024-06-09 14:10:00
33ecdb77-1c7b-4084-9698-2b2cd094bd6d,44,204,20240619,428.32,13,2024-06-19 01:39:00
3f2b9f11-635d-4bb7-9a34-ae5bde7ee289,25,268,20240918,871.73,17,2024-09-18 21:14:00
5b264d36-cd63-462e-9ba9-553d048a69f6,1,789,20241017,1109.17,4,2024-10-17 21:37:00
5e6e5757-0812-4d95-b2da-802ea3abcbce,10,767,20241012,444.83,3,2024-10-12 13:03:00
fafb9786-2fbe-4c60-be7d-6d90d481be17,16,194,20240619,1582.4,35,2024-06-19 17:18:00
990888eb-c466-4b9d-aecd-53f9cf1c7b80,48,568,20240908,1143.57,42,2024-09-08 13:51:00
d9721a12-b368-40ba-9a9e-5197877a3dc1,18,148,20241111,1151.51,32,2024-11-11 12:08:00
b031d053-4053-46d4-8863-dbfb2becf2af,40,622,20240610,1048.11,9,2024-06-10 12:58:00
d552f5c9-430b-463a-bb9b-302d6f78d6a0,22,167,20240607,769.37,17,2024-06-07 02:43:00
bd5e6980-8720-4308-bc72-898c1d89ed23,3,372,20240905,1329.46,40,2024-09-05 03:21:00
56567571-98a8-48aa-aa23-645c8496ce08,44,528,20241008,706.64,14,2024-10-08 03:59:00
c27da671-0a4e-40ab-871c-e410064aac69,43,121,20240917,1480.42,41,2024-09-17 08:07:00
fa86e365-cb36-4eba-adc4-ed6be69c651d,44,679,20240627,1280.5,10,2024-06-27 14:24:00
a34262ba-501e-42b3-bf65-1965a3298f90,43,534,20240716,323.77,1,2024-07-16 10:08:00
cfa85f99-556a-47a8-ae61-633010003106,19,499,20240819,1727.85,28,2024-08-19 12:19:00
42b89a66-8fdc-4921-a925-b5a796a1ce46,34,405,20241017,1365.0,44,2024-10-17 00:52:00
ddca0120-9f6e-47be-b1a2-1798a826da95,36,516,20240723,1122.29,42,2024-07-23 10:21:00
6e4225c8-bafe-40c0-a3dc-99c7b8928594,47,337,20241010,1039.89,4,2024-10-10 05:23:00
0abe3754-8dc2-4c25-b75e-bfebdd1907ee,32,471,20240908,1500.07,15,2024-09-08 18:07:00
5ca253ef-3225-4c67-82d4-529df8a18add,29,170,20241026,1462.44,21,2024-10-26 04:50:00
e6d3223c-dda7-4d0a-8706-3e9bc604840a,24,832,20240817,272.74,50,2024-08-17 12:13:00
8577329e-8abf-4c61-a5fa-2679a0b8b680,46,551,20241004,1994.99,16,2024-10-04 06:51:00
79359681-2043-4087-9afb-e726ff0a0e67,2,638,20241126,178.83,42,2024-11-26 09:08:00
710cf195-4728-4d99-a77d-31d88965be73,27,586,20240607,325.88,20,2024-06-07 17:05:00
25008f74-d7cf-4dd0-bbd6-cba1c2c418d1,15,17,20240918,1243.11,3,2024-09-18 06:50:00
b46251fd-3aef-4d58-aae0-4f7a73b61ed3,3,255,20241030,536.39,21,2024-10-30 06:24:00
6ab5f99c-87c6-4e4a-9daa-0d896c982434,20,849,20240927,1317.24,30,2024-09-27 15:46:00
16dabde1-deef-4719-a6ad-7b76c5a8a8ca,8,658,20240913,1142.62,5,2024-09-13 11:36:00
2e98d964-3082-495c-a7e0-f3a265700799,12,601,20240718,1611.87,38,2024-07-18 13:38:00
175e7edd-7ca6-42ea-b3dc-0855be75b03b,25,127,20240625,1517.31,23,2024-06-25 17:18:00
841bb04b-dbcf-4838-94c8-1d3161ee65b9,1,880,20240917,1057.4,41,2024-09-17 19:41:00
e257b097-7fee-4608-8947-5ca80ccc6199,7,90,20240814,1270.09,5,2024-08-14 01:31:00
d00ca947-ee94-429b-a9a5-9d6d2f10a154,7,382,20240620,957.51,40,2024-06-20 02:04:00
f01892e4-149f-40a1-95e7-fda3df4d0bc5,33,349,20240805,64357.03,39,2024-08-05 01:31:00
108d5264-e547-46cb-81e9-63ea291569fb,10,306,20240704,511.67,24,2024-07-04 13:29:00
31343592-b2ad-4319-87ae-017afd1ac07e,1,29,20240919,1038.87,13,2024-09-19 01:08:00
3fb923e8-bc87-48d3-a7b8-357417866130,39,177,20240802,1062.42,40,2024-08-02 07:27:00
e58ff439-4d0e-48f1-a0a4-0cfa1f4a681e,49,152,20240813,281.37,34,2024-08-13 21:10:00
8c1bf654-9922-4b82-a3c4-851f20724f8e,3,209,20241011,1200.76,10,2024-10-11 19:01:00
46be5414-52de-49b0-ba7f-0215a84c701f,8,101,20241014,1367.41,44,2024-10-14 12:51:00
bc7096a3-a879-495f-ad35-4dd9d0118b7f,34,753,20241112,908.81,1,2024-11-12 12:10:00
ca398591-2113-4e2f-968f-4317b8bbe858,37,485,20240622,1551.94,18,2024-06-22 11:27:00
c89d0342-6fd7-4b72-a1d8-6307d7307f04,28,155,20241111,979.98,15,2024-11-11 13:44:00
5f7edac6-c903-4086-8201-9e4a4ec6c11f,27,519,20240710,1554.73,20,2024-07-10 09:36:00
bda01f41-c91c-4de0-8cca-bb4e8908155b,16,194,20241026,474.31,32,2024-10-26 00:52:00
b9542698-85dd-41a8-836b-13f7422ed663,36,187,20241113,1373.06,17,2024-11-13 02:41:00
68d9a2ef-15d7-4ffa-87b6-d78fbc29c296,47,50,20240903,475.21,1,2024-09-03 09:16:00
0a707d3a-75cf-44fb-95e6-7b25f856445e,10,98,20240715,1979.5,5,2024-07-15 15:52:00
cbcad8a7-8c08-4568-abfe-b7a193c16761,39,730,20240612,385.99,42,2024-06-12 18:08:00
dedc425d-a7ba-4d96-a03c-f388a27baf68,3,388,20240713,619.99,44,2024-07-13 10:55:00
b9450f4d-a675-4139-8beb-8916779d8a78,34,380,20240616,55.62,32,2024-06-16 20:59:00
65b72da2-1aef-4210-80e5-50c8f199592c,18,937,20241029,915.13,22,2024-10-29 05:20:00
3d7150e8-da0b-4f1a-b1b7-c2031e5c02c9,47,957,20240714,600.87,30,2024-07-14 13:29:00
54b0bda9-594b-4429-b3d2-d4eb5737e2e2,18,965,20240702,793.89,35,2024-07-02 14:03:00
9607ad05-32ce-42a8-b4cb-0a701779d418,10,662,20240726,1500.44,34,2024-07-26 23:26:00
be0d7c31-ee20-4af3-b3e6-739f28293732,40,2,20241112,1174.18,19,2024-11-12 16:59:00
cde593d4-047b-4f91-b286-48ecdf88e0f1,32,48,20240820,749.57,27,2024-08-20 03:40:00
742bdb54-5d5b-4f7b-9af9-9341d0b1a8e3,8,762,20241113,447.29,19,2024-11-13 04:18:00
f40c08f4-f6eb-4397-9db1-e513ebc8304a,33,518,20241115,845.81,29,2024-11-15 04:10:00
ca12c610-6747-4275-9729-6a5f8f45840b,15,976,20240910,951.52,36,2024-09-10 02:17:00
7f9cb9fb-fd79-4352-ad79-4c8af20f956b,15,322,20241019,641.87,29,2024-10-19 19:04:00
ccd02707-1b81-466e-98c8-7f4a2d96fd98,23,327,20241008,1336.21,26,2024-10-08 12:50:00
dd653bb3-da27-47aa-ba73-a43b7f9a17bc,34,228,20241008,1336.77,47,2024-10-08 13:32:00
ab03b159-a41f-4fbe-8632-fb17741a2f21,10,792,20240919,1900.16,42,2024-09-19 18:35:00
81aca09a-9286-4e85-8ec3-ab25ef772765,9,635,20240718,1932.3,24,2024-07-18 08:11:00
9895b10f-6662-43fb-b3d8-d460f7816ff8,10,812,20241103,1169.8,46,2024-11-03 18:07:00
0ff5b729-18f8-4945-9874-74fd8b1df8f9,32,491,20241024,1778.29,20,2024-10-24 01:12:00
40f93e92-382a-4b50-9e39-7bd0d48e2456,19,811,20240822,323.84,29,2024-08-22 03:30:00
3a299764-ddfc-455e-bb73-f29601bfe8b5,18,677,20241103,1580.03,47,2024-11-03 22:15:00
0afe3e89-d9e4-4c3f-99d1-0bbff229e78a,5,109,20241025,1809.19,1,2024-10-25 13:26:00
cba0fc58-206b-488d-9be5-c4aa5d7633e8,39,335,20240620,1005.63,45,2024-06-20 22:30:00
d9f2fa6d-7f0a-4bfc-b870-278cf3b62b40,23,57,20240625,820.08,40,2024-06-25 01:02:00
af837e4a-580d-4568-a878-18018f436bfd,43,889,20240913,347.27,21,2024-09-13 21:02:00
a1f9380b-f673-4669-befd-3cb60b0d7b5f,33,253,20241109,472.57,43,2024-11-09 02:46:00
10b01dd0-24f0-4973-b7d9-587e198796e8,45,471,20240627,1807.8,42,2024-06-27 20:50:00
a8973476-f09d-4f58-a6c3-2cbc1c987094,16,835,20240902,1842.33,50,2024-09-02 08:10:00
798e10f3-abf3-4695-a17c-c0dce2b3f4d2,20,948,20240805,1942.15,45,2024-08-05 04:51:00
7e2f6456-56f7-4367-b1bd-61f85673a415,33,418,20240623,1858.97,22,2024-06-23 13:30:00
2a38c8b7-4db1-498d-b5c1-f078f9aaf6b3,43,952,20240904,1439.33,11,2024-09-04 04:55:00
85e099b8-3a11-4248-81f1-46dd8690ec39,36,260,20241121,363.9,32,2024-11-21 20:44:00
e1ec4f37-8f2d-4db0-bc8e-087431156e5b,8,919,20240820,586.02,45,2024-08-20 14:11:00
9eaf61d8-4e3d-49f3-a5ba-650c281721e9,2,888,20240923,724.95,20,2024-09-23 00:44:00
4992ef66-c275-4b9b-b490-a1e51bf04ca7,50,559,20241012,208.7,23,2024-10-12 16:42:00
dd016690-96d3-4b8c-a073-c4cee25fd556,10,643,20240920,780.05,24,2024-09-20 08:33:00
b4c24da8-f796-4dda-b1d9-bf3417e22ad3,46,470,20240727,729.78,19,2024-07-27 02:21:00
a8ea2afb-5fe1-4f3d-9d44-472723c08920,24,250,20240610,1036.41,26,2024-06-10 05:43:00
1df350f8-21d1-4c91-8ad1-4ab670b8f304,25,225,20240821,334.57,11,2024-08-21 10:09:00
2d074a70-9c1a-4d22-b80d-bdf5a07b309d,31,865,20241121,1174.82,41,2024-11-21 11:47:00
718e2634-031f-4860-8593-ea722238b59f,7,355,20241008,454.88,13,2024-10-08 16:26:00
31bfe333-5f07-4c7c-92a7-2276e0adc9fb,19,187,20241006,1938.23,50,2024-10-06 04:04:00
b2a09161-e694-47ca-bbc5-cc74e30b3121,46,64,20240719,51858.11,33,2024-07-19 23:36:00
fbfd065f-febb-4758-b71e-0cd08b1a1140,45,227,20241015,1719.11,49,2024-10-15 18:54:00
a32b226c-aaef-4668-af75-f490bc22a00a,29,84,20240808,1393.49,18,2024-08-08 14:53:00
54dfe6cb-eb6e-483a-b6fb-4d4afc004cd3,31,25,20241115,250.43,42,2024-11-15 22:56:00
8004afb8-479b-4729-b3b3-b768e91af8ab,10,812,20240822,492.95,3,2024-08-22 07:00:00
b0164db1-b8b5-4b0f-bfa0-ae907a05519d,10,777,20241013,641.19,27,2024-10-13 11:16:00
d53d82dd-7513-4ea2-81df-37e9712e2946,35,819,20241109,1941.43,24,2024-11-09 19:43:00
9abbec8b-fdb9-4b60-81d3-6b441990ca87,12,605,20240628,1457.97,4,2024-06-28 14:50:00
c1500a60-4962-47e8-af4c-9594962144f1,30,625,20241121,1375.93,1,2024-11-21 06:52:00
9606c937-2f00-4375-aa6c-304ae394c99d,31,174,20240907,1620.23,43,2024-09-07 16:45:00
43e8fe36-4b59-47f7-9c4e-62a9dc53d6da,23,47,20240611,1058.11,32,2024-06-11 01:15:00
78f22646-d45d-4966-bd74-a2dc2bdd7047,6,676,20240728,246.15,9,2024-07-28 07:23:00
3be80fdf-2c52-4516-878e-b0e73506d2d3,39,111,20240924,617.0,3,2024-09-24 01:44:00
a9f01a04-1f8b-41a3-ba31-a8237220b9c5,30,464,20240929,1954.18,33,2024-09-29 10:14:00
f0b5035c-f953-4e15-8d1c-b3372de75137,21,877,20240625,51.28,30,2024-06-25 05:05:00
561bb461-6b70-4d50-aae3-17de939d4002,6,747,20240811,658.46,30,2024-08-11 04:10:00
b65096c8-a8f6-4392-9ffd-2b6ae922c4b7,44,515,20241118,1877.35,15,2024-11-18 09:42:00
c9180470-21d2-477a-bbe4-7710f3228941,21,235,20240626,500.42,40,2024-06-26 05:17:00
4cfb64fa-c5d0-484e-bd4c-52ef6ad438ab,50,884,20241017,612.33,36,2024-10-17 12:23:00
ecea81f2-44fa-49f2-8ee0-1e95fbbc39a2,8,45,20240609,968.95,40,2024-06-09 22:29:00
f12df9c0-bd2a-412a-b17f-9f1d2067b61f,39,758,20240717,1070.18,13,2024-07-17 17:38:00
f62965ff-f3ae-4bd8-8080-e701a803215f,23,437,20240605,519.27,46,2024-06-05 16:05:00
881bef9a-842e-4589-97d3-853ebc1a6343,22,729,20240826,265.4,2,2024-08-26 16:02:00
783c0c08-3383-409f-9b79-87853fedd2ce,7,861,20241015,815.51,18,2024-10-15 10:49:00
57ef6d93-a5e6-480d-8f31-a33f7a44634a,19,223,20240827,396.18,7,2024-08-27 03:08:00
b276d982-08ed-4ad8-a437-5cca7677ff90,34,963,20240708,61.42,41,2024-07-08 21:29:00
2220f3d9-9a83-4462-9821-997119f66536,21,842,20240926,894.76,30,2024-09-26 08:04:00
120b023b-c039-4591-90c5-c65fc191e777,1,305,20241102,1182.4,13,2024-11-02 02:32:00
38a613e4-d1d4-49fb-8cbd-0ba161b2d011,5,400,20240830,479.71,19,2024-08-30 22:24:00
f428777d-220b-4787-b34d-b2d9f8919fc6,18,894,20241112,1001.48,22,2024-11-12 21:13:00
c0eb0221-7996-4b74-82e3-c7f38ce66bc0,23,805,20241022,1558.15,21,2024-10-22 23:31:00
6f9aad23-dec9-4be1-a5fb-81cdb0876d3b,47,976,20241028,257.26,23,2024-10-28 17:12:00
a92ebaef-fa97-4055-91e4-a118929d13e2,47,264,20241108,1256.69,27,2024-11-08 14:42:00
589a213a-5fe3-4f9b-8f3e-c26b6fe4aa44,20,840,20240801,823.0,28,2024-08-01 06:59:00
a1aa1be2-c7ea-4a38-9581-f115b30e245a,7,856,20240606,545.69,23,2024-06-06 00:24:00
616b990a-6f68-4cee-82c2-b5a01e7614b3,28,157,20240930,732.55,19,2024-09-30 18:40:00
45296454-15ac-46e8-89c9-9ed9b69148d5,45,971,20240607,1657.0,31,2024-06-07 03:44:00
5e8601da-04c8-4de7-a4e1-20c94d070712,2,588,20241027,168.79,16,2024-10-27 06:18:00
7ea614b0-86ab-4dce-a769-b5a19a2b4888,35,156,20241022,1109.46,13,2024-10-22 16:20:00
e18008eb-7bc8-4f9f-9481-da03032f6534,29,549,20241108,973.6,11,2024-11-08 04:24:00
2920eb8a-3b5e-4db4-a289-09a447aeff66,44,641,20240815,876.8,17,2024-08-15 12:52:00
5a3fd387-201a-4fe4-a20b-7149d2109c73,18,682,20240825,956.5,33,2024-08-25 14:07:00
bc51e733-9206-4db1-932b-2a42f5cfc559,47,475,20240712,420.88,18,2024-07-12 01:08:00
dd814126-362a-44c7-af5d-fa925b494cce,36,694,20240616,1881.85,49,2024-06-16 10:15:00
a9a16b31-8575-45c7-b7aa-f8508a198289,9,924,20240823,1298.78,29,2024-08-23 02:10:00
023e50ae-1c48-4037-b197-89e3ab9b1716,16,692,20240926,392.48,23,2024-09-26 03:13:00
0ad4b0d9-db3b-4719-aa1a-6193230fc872,16,880,20240602,1656.92,27,2024-06-02 10:58:00
563e7cff-e375-43df-b9a1-1b3ff54d7541,15,222,20240705,943.34,7,2024-07-05 05:30:00
3b9f2b30-ea2d-4fca-b7bc-294503432ab2,32,261,20240827,148.86,40,2024-08-27 07:55:00
d3c0ea82-588a-4b23-a102-d2e28441aa64,36,207,20241125,576.79,32,2024-11-25 18:52:00
76cfa788-62f4-4e1c-a8b9-152f0c86e019,16,606,20241001,1366.08,34,2024-10-01 05:16:00
9bdb1f73-d060-43c3-afa2-9f81e1506d76,7,452,20240905,1975.8,49,2024-09-05 23:19:00
ee236056-d44d-4742-90d3-594947a703fa,12,31,20241120,1759.11,4,2024-11-20 16:52:00
79fbb8f9-4c07-43e6-94ac-81e2ace377e3,9,52,20241113,118.54,46,2024-11-13 06:30:00
d8a5456b-74fa-45ac-84da-36be08880fae,32,45,20241009,312.93,30,2024-10-09 12:02:00
9b36a8b6-7e88-4664-9908-e80b8af572fc,11,536,20240724,1413.87,22,2024-07-24 02:53:00
2d9a5689-7aa7-4012-b1d8-805317422738,2,50,20240715,734.29,46,2024-07-15 09:33:00
6abdae7e-9780-4133-926c-f42d8e05e7ca,14,999,20240605,1496.12,36,2024-06-05 21:05:00
fb2efe87-111b-47af-b062-b1a0ee512cdd,12,773,20240705,516.94,18,2024-07-05 09:44:00
c7c35842-f688-4979-827c-95f5e0d83ad9,31,696,20241017,368.24,45,2024-10-17 04:33:00
4632873b-b716-49dd-809e-018f6b2fd4bd,14,815,20240619,822.2,42,2024-06-19 13:26:00
ced1c754-87d3-4c22-a5ee-f3c009286ef1,30,960,20241113,570.63,11,2024-11-13 08:15:00
abcd1c52-3cca-4266-90f2-b897b2e914e1,25,150,20241017,1717.1,47,2024-10-17 15:03:00
d1c35463-9eea-4132-87a8-d91dde961d7e,23,745,20240823,650.79,50,2024-08-23 01:49:00
0ef84a54-f9ab-4128-a381-4f222aed70d7,44,598,20241102,1625.97,22,2024-11-02 14:31:00
13644d4c-2390-4534-a638-97fa45088c96,32,868,20241101,772.31,30,2024-11-01 02:35:00
56107ad7-0433-475c-b077-b33b2f31e6b1,12,115,20241023,1501.32,6,2024-10-23 02:52:00
9ef306a8-12e3-469f-866a-44e0c1403974,13,19,20240602,813.31,26,2024-06-02 18:51:00
65e9d51d-879a-4764-b4d4-3d07b355ea49,13,883,20240724,397.91,42,2024-07-24 06:30:00
f0245d78-a187-43f6-b11a-f16743d2226a,24,552,20240815,1423.34,32,2024-08-15 14:52:00
ca7b931b-371e-42f1-a7c5-bb8550acf6b7,29,821,20240807,859.09,49,2024-08-07 16:25:00
10cae41b-6fd6-49f0-846f-3abe5c46753f,12,42,20240731,555.99,10,2024-07-31 01:43:00
52c1ab04-0ad2-409a-afa8-15052b43bc2f,38,101,20241031,452.87,26,2024-10-31 12:58:00
58f436fe-2677-4d5c-9afe-59e4f33f7a0d,28,652,20241007,1800.26,25,2024-10-07 01:50:00
cf4cb3b3-5f33-4fea-a494-9be4b94df92b,33,330,20240606,933.25,35,2024-06-06 22:06:00
0626e48c-b791-4a99-8dff-90a01b679daa,1,690,20241016,361.53,50,2024-10-16 03:16:00
c518b66e-85bf-4e1d-9b6b-2d4324f2cb63,44,448,20240618,1943.14,5,2024-06-18 19:39:00
1e13c3c6-496f-4f4a-9eb0-753d4f494a84,5,868,20240908,1843.2,30,2024-09-08 19:00:00
e9970dd2-4aa5-45d5-8010-45f492b4cd9f,49,783,20241028,384.11,6,2024-10-28 13:13:00
df9b73e5-80fc-48de-9697-2b3924987d4f,14,753,20241015,1059.64,5,2024-10-15 13:53:00
fd5cb847-f040-4f54-85c9-9fb0b76c74f9,24,212,20240817,1585.7,25,2024-08-17 13:49:00
33aba89b-43c5-43d3-9d34-600dfbaad27a,33,454,20240916,1025.17,47,2024-09-16 09:01:00
dcd3fa22-8480-49d2-bb4f-00af6fcc70d7,6,324,20241120,752.76,14,2024-11-20 18:26:00
63b5b647-f94f-4067-a630-d9e2801f4c0d,14,758,20240807,1498.0,38,2024-08-07 11:33:00
3db5ff1d-6f6a-4a7f-8770-4ab5f104bfc5,2,209,20240805,1000.09,10,2024-08-05 06:28:00
1d368921-51a1-4b79-b3cd-ca7d69bc28a9,19,596,20240716,587.73,2,2024-07-16 12:49:00
03e74dd3-9c2a-467a-896c-9da3f7919225,4,555,20240701,754.89,9,2024-07-01 09:21:00
6b8b2138-7d37-4792-9763-00134332529c,19,674,20240926,962.95,23,2024-09-26 03:25:00
4c712ce1-66a4-4e3f-bebf-a52712f4ebbd,28,604,20241109,266.41,16,2024-11-09 09:18:00
a6c805fb-6e7b-4413-b9c6-8d0f2e9e12fb,43,566,20240719,954.95,9,2024-07-19 11:42:00
23e505f5-83a7-4fc3-a765-02ca40e24863,17,379,20241024,310.6,36,2024-10-24 00:11:00
f7672bb2-04f8-4cc6-84bc-11a5d944faec,14,530,20240617,1564.74,36,2024-06-17 00:32:00
f785b29a-275c-41cc-b592-3d8fd15fb22d,25,115,20240610,1532.07,7,2024-06-10 01:33:00
a0ed9815-8fa5-493d-befd-d4cf4140e029,50,189,20240801,1983.94,6,2024-08-01 16:51:00
52b50be7-b897-48dd-997f-ca71baf50652,8,896,20240905,660.05,12,2024-09-05 11:58:00
f6c6c3c5-8014-41f7-b209-acb0729a225f,46,340,20241105,773.87,49,2024-11-05 14:32:00
6abc548d-c6b0-4fc4-989c-f340f059d0d8,7,654,20240714,1224.67,38,2024-07-14 11:35:00
7db0c16e-4955-4b3b-9722-29735e78625d,17,686,20240724,1493.59,5,2024-07-24 01:59:00
dcd8fe85-9259-4e7b-852e-4a4bd28100e5,29,585,20240611,929.64,8,2024-06-11 13:21:00
a8c4cd77-2c2f-4a29-b84b-3606246bcef6,15,889,20240626,1731.89,48,2024-06-26 08:00:00
7eae0e5d-9558-4a26-a306-623e3b8c1167,22,511,20240929,590.28,45,2024-09-29 03:38:00
ad794892-839d-4edb-bf6b-42f5bbc5f0fb,14,352,20240927,219.56,44,2024-09-27 09:15:00
33edba52-feab-4cd9-b937-de7a273a09d8,33,273,20240623,1923.15,48,2024-06-23 10:18:00
a4f1163a-66c8-4bc4-9eab-b21403dc6eb3,44,709,20240726,1995.98,1,2024-07-26 19:40:00
77e3d65b-0257-41f9-a2b0-792718c1962b,40,194,20240908,1137.66,10,2024-09-08 00:17:00
b250f78b-9b90-49c2-9ebe-0254dc7b4121,16,123,20240715,1646.4,8,2024-07-15 01:55:00
71bc9db2-0a5a-4e35-b044-4b2c1d8e43dc,45,353,20240619,238.6,14,2024-06-19 20:28:00
0dcb3e3f-7b37-4b50-a9e5-d31357c88b15,4,504,20241126,1358.0,14,2024-11-26 15:32:00
b51dc37d-8670-47fd-a586-e246aac22617,27,618,20240929,273.9,38,2024-09-29 03:40:00
41993608-71aa-4142-8f09-3d628c21fe92,15,757,20240908,1580.42,39,2024-09-08 15:50:00
a3a5bdc6-8a8f-4dd5-a688-8aad73bdad28,42,539,20241121,1471.25,5,2024-11-21 17:19:00
4d3556bc-282e-4dd4-8a80-a98527dd97b1,41,19,20240615,761.33,44,2024-06-15 14:03:00
58d24121-8e0f-4a7a-8fd1-22d24be51315,24,343,20241123,359.96,13,2024-11-23 16:42:00
0bad6985-9da2-449d-8330-1a5052ac236b,44,738,20240918,272.45,43,2024-09-18 20:08:00
11dee62c-8a24-4679-b130-10aed0ce98bb,33,754,20240909,1061.32,24,2024-09-09 23:47:00
561235b1-bda1-4596-a004-23d2e7af436f,43,206,20241012,155.13,5,2024-10-12 11:19:00
63a09e91-3223-4a34-9863-208fdd0e8dc2,41,368,20241120,594.68,33,2024-11-20 08:30:00
20f63284-459b-4fb7-bce2-9b6502ab4ede,29,1,20240915,79.99,6,2024-09-15 10:45:00
23ac4962-8077-438b-9607-f9cad804b7b6,49,181,20240912,800.11,21,2024-09-12 07:44:00
151e6a5d-e5fb-4023-beb4-96fb16e67c75,29,570,20241027,1296.34,21,2024-10-27 03:28:00
3ec10cc8-6ecf-4c7e-aafd-841640103dc2,33,229,20240922,797.78,35,2024-09-22 20:18:00
c991e560-3abe-4974-b9c6-3debaa26c628,21,535,20240717,642.67,3,2024-07-17 13:41:00
1a3e9306-6fbc-465b-af04-174ac04271f5,45,106,20241021,327.71,45,2024-10-21 14:34:00
b692e286-d5a9-48d7-8849-4c7f6f2358b6,49,931,20240603,813.67,22,2024-06-03 12:49:00
c52db262-fce8-4c06-b3a2-8e55bc538833,40,166,20240626,682.26,10,2024-06-26 21:45:00
4a7af4ef-d426-45d7-864f-5d8954ba02b1,4,883,20240701,1061.96,14,2024-07-01 09:53:00
385c1982-8a24-4955-91a6-8e85f1222df5,48,65,20241021,1039.93,47,2024-10-21 13:34:00
29dee9cd-e803-4f17-bee5-36cf59d75211,42,238,20241124,523.98,24,2024-11-24 12:11:00
02331b4c-a5ce-4503-abd8-c546ddfdd90f,5,586,20240723,363.8,33,2024-07-23 17:41:00
ed018a6d-8fdb-40b5-bf0f-654df129f35a,1,65,20240905,322.79,20,2024-09-05 07:10:00
15a33bca-e521-49e3-be6c-1cdb837159e3,17,292,20240825,1659.38,44,2024-08-25 11:22:00
ddcdb79f-47aa-46f9-add4-47aada601479,44,697,20241017,1527.23,13,2024-10-17 14:34:00
21e12cec-75bd-4f05-a8fe-f9c184a74e2f,28,908,20240817,852.05,37,2024-08-17 00:01:00
737bf5ea-c5c4-44fe-9adc-cc725df0b2f8,14,139,20241114,1725.6,10,2024-11-14 18:48:00
13264635-804e-46ec-ac2c-8acfc13020ff,37,42,20240814,597.95,19,2024-08-14 17:11:00
0b2acc83-4bcc-4f11-80b3-652502d4bc5a,18,382,20241126,1816.62,4,2024-11-26 05:27:00
27609e7b-5b82-4b77-9ef5-b1f56f4e4ef8,21,646,20240831,1541.02,36,2024-08-31 23:15:00
ec516212-2199-4e1f-9ec4-c0d98b1f4acd,18,374,20241101,364.19,38,2024-11-01 04:32:00
81e5d6a6-fc9a-4b25-9931-d05a0b3bfb6f,3,346,20241115,137.15,12,2024-11-15 22:46:00
71441fa7-85f3-4549-bfdf-14d5166ea372,2,392,20241031,1770.35,29,2024-10-31 08:22:00
57b7c815-267d-4cd2-b00a-96e3cb2f73bb,31,67,20240716,265.57,31,2024-07-16 15:02:00
875fdf2c-476c-46da-a91a-89c8a2131093,36,688,20240801,1391.52,34,2024-08-01 08:19:00
d2f8521f-9fde-435a-8a50-2ea238052ab2,48,41,20241113,21176.88,5,2024-11-13 04:03:00
6ea3a93a-76aa-4f8d-9761-c8b65eaf6b49,32,849,20240702,1374.44,3,2024-07-02 13:20:00
13855bf2-d3cf-4ee1-93bf-f1d680fac827,24,239,20240807,1962.39,11,2024-08-07 18:50:00
8044e2a2-2264-4381-8756-4a79876f01b0,45,914,20240811,478.4,21,2024-08-11 06:20:00
e3458aa9-eeed-4e33-98c9-9eb1dd454ffe,21,845,20241126,1981.84,17,2024-11-26 07:13:00
e909ea0d-ef5e-4c32-b325-5c6007c5c8f1,37,650,20240914,528.95,13,2024-09-14 15:42:00
5d94a20a-7bc6-4181-bd35-20eda5708379,15,501,20240810,1637.48,46,2024-08-10 02:26:00
a880569b-3d4b-4697-a42b-c2b5c3226300,41,153,20241102,1661.95,28,2024-11-02 22:04:00
a50f3ce7-d583-4dca-a6eb-1aac01e3fb7a,23,383,20241014,194.59,14,2024-10-14 08:38:00
25f07bd1-28aa-41bf-a586-daeaf6457e2a,48,458,20240911,457.47,11,2024-09-11 00:11:00
86d18788-204c-4d1b-8de8-487322d6cf30,24,11,20241111,380.69,10,2024-11-11 13:15:00
13b0333d-a2e2-45a1-afa9-b7713329c527,30,656,20240923,531.07,36,2024-09-23 10:31:00
2d45cb9a-fcd4-410f-89b1-6b0e43cbec79,29,274,20240810,371.77,48,2024-08-10 07:01:00
61c42392-cfac-46ed-9a2f-11c79ab9755f,22,368,20241105,614.32,16,2024-11-05 23:04:00
76db3144-ab15-4d34-b3ea-ce1147cfb9e0,17,764,20240927,303.26,42,2024-09-27 10:44:00
5b8d4460-e626-402e-b753-7afbdb3fc5ce,27,675,20241028,1621.1,46,2024-10-28 11:58:00
0666c441-b194-4ca1-a9a0-911d0dae2fb8,33,537,20241014,1211.85,2,2024-10-14 09:35:00
dbaf4436-38dc-4cc5-8fde-a584a68718c1,5,707,20240811,1705.38,21,2024-08-11 23:26:00
2d8d9ecd-032a-4400-8cde-a7f40bf58aab,49,493,20241109,1251.31,9,2024-11-09 17:35:00
c874c815-242e-4d94-a8c4-082dc38bf00a,42,683,20240614,1098.24,26,2024-06-14 03:26:00
c2faab1a-487e-4d50-afa2-83a06bd70b45,36,351,20240806,560.44,26,2024-08-06 19:51:00
04de779f-408d-4f3c-a221-24e68d73609e,35,598,20240809,1584.41,36,2024-08-09 06:28:00
7f6419e8-de5d-48ca-a703-5e2ea3b3f17f,21,461,20241108,488.53,41,2024-11-08 08:35:00
e5c4bdb3-c8a2-4fa9-a907-6820435938d3,47,67,20240701,889.86,9,2024-07-01 04:11:00
3bf49e92-8e06-4e76-9c89-d6c6d6c79200,48,971,20240725,1720.56,25,2024-07-25 14:05:00
5e1e658c-47dd-42b4-83f3-9326a4cca930,44,613,20241024,1838.36,46,2024-10-24 12:09:00
d979bcb5-cf10-439a-a7a4-37608cf85bb4,50,642,20240629,195.59,44,2024-06-29 08:31:00
1880abc3-3409-4c4d-9315-fc2ba0fbed74,47,799,20241011,1337.22,42,2024-10-11 00:41:00
03e5181e-872a-447d-894b-6366385ad064,18,663,20240822,938.23,44,2024-08-22 21:33:00
d458de8c-632e-4ff8-96a5-e887e22210b8,15,534,20240718,1645.67,20,2024-07-18 20:11:00
a17c81d5-4bc9-474f-858e-6a06c9d31286,49,818,20241024,928.36,25,2024-10-24 13:39:00
ac2347ab-64c8-4967-a3cf-d51fed564120,7,197,20240710,1361.64,20,2024-07-10 14:08:00
c01586a4-9af7-4c2d-87e9-5a9f6ed31ee1,14,490,20241015,499.01,23,2024-10-15 14:26:00
ac3c3394-5730-4dd4-b7d7-4d21494a0c36,19,749,20241124,1183.05,10,2024-11-24 12:29:00
dba408af-0751-4eb2-8a82-d51a50218544,17,129,20240802,120.48,49,2024-08-02 02:51:00
639e87fc-17c9-422b-b327-07b64c8d82cb,30,836,20240930,366.37,39,2024-09-30 11:39:00
ba25dd1b-3e84-4145-8b18-aa7b1f3b2616,20,187,20240731,1662.1,24,2024-07-31 12:13:00
e7e217ee-6d3e-471c-869b-1ed8bd74a3de,26,706,20240926,876.27,30,2024-09-26 12:33:00
bebfab1c-c5cd-42fd-b5e9-85deea648a85,18,533,20240716,1894.36,15,2024-07-16 15:51:00
75cb85cd-ee1e-46b3-ac9f-0f886664fc74,42,62,20240811,1329.03,9,2024-08-11 22:32:00
9c985c08-2a81-4e21-ad2e-3dfda772e031,28,815,20241108,247.87,1,2024-11-08 09:58:00
24f2dd9d-74b5-470c-88f8-5d9d6c820f51,39,878,20241024,1470.34,27,2024-10-24 02:09:00
52b10633-b0c0-4212-ba4d-7cd193a980f1,38,224,20240822,179.9,43,2024-08-22 03:01:00
a7d38328-0eab-4fbc-aa6a-091bc532cab4,19,808,20241019,853.31,28,2024-10-19 08:07:00
acff26f1-6ff2-466c-8664-b141906649ef,17,311,20240718,420.23,6,2024-07-18 14:05:00
3a9a441d-3d24-4a11-97ec-65ea91a3e022,44,873,20241008,1486.05,3,2024-10-08 14:26:00
17ebb606-58d3-4785-8119-cc3f69fe67eb,29,495,20240716,1878.46,7,2024-07-16 17:54:00
840c011e-9969-418e-ba09-490cd329440d,33,855,20241031,1734.73,6,2024-10-31 03:50:00
9a53872a-d485-49ec-839e-7b3d2ddb7f13,32,615,20240722,1656.95,35,2024-07-22 10:18:00
a0a4e82d-04b4-4e14-9680-5de623da21fa,41,542,20241104,968.13,2,2024-11-04 16:09:00
fbd9e3d9-94c0-4695-800f-639ce04b4698,20,358,20240902,1560.6,9,2024-09-02 13:58:00
b2156894-50a6-4353-b85c-5cd977b710ef,36,540,20240830,1741.01,21,2024-08-30 14:41:00
dd3c9a27-9d44-41be-a9fe-bc98065274bc,11,728,20240928,596.56,25,2024-09-28 06:30:00
dcebafa4-fc6b-479d-a51d-b1217288ee89,21,172,20241025,1396.65,18,2024-10-25 00:55:00
2a66a39b-6041-4b1a-9eac-55ab8d0882ee,21,241,20241011,1094.04,19,2024-10-11 10:29:00
a1a8cc32-beda-4e3c-bd4f-2457fb69ed70,17,549,20241108,912.8,16,2024-11-08 05:30:00
7e0dca06-0835-4326-bb7d-6238c62aa935,19,758,20240610,920.31,10,2024-06-10 11:05:00
a908bd71-cb8b-4965-8932-ee07eaf13045,46,209,20241109,1186.63,31,2024-11-09 04:57:00
05dd0158-600a-4733-8bbf-eb93cda0e7f9,17,635,20240902,1313.77,11,2024-09-02 13:27:00
094271fd-7cb3-453b-9fdf-5f1766b89f9a,20,494,20240831,746.71,18,2024-08-31 00:49:00
d307f922-a1aa-4fef-9e94-19f3eb7b2853,31,322,20240828,1987.33,4,2024-08-28 12:10:00
4950d9fc-429e-4ce9-b4f2-7fcc1ee853de,18,663,20240627,1928.56,27,2024-06-27 11:08:00
83570851-6ce5-4c7f-b97c-52f97685b17a,6,902,20240916,703.47,12,2024-09-16 06:08:00
e41ec5a9-d7cb-4ec3-be5f-74ac1e3caa0d,7,118,20240829,1659.27,10,2024-08-29 22:33:00
fa7d86c0-c755-4a59-9c1f-f9043a98586b,26,459,20241029,999.34,2,2024-10-29 08:27:00
6544132a-82d6-433e-9b8f-bcc24fbe1ff1,5,864,20240901,1952.02,49,2024-09-01 00:50:00
77b60eb2-666c-48d1-add5-d860e9c11b76,36,327,20241013,474.99,8,2024-10-13 14:25:00
af040594-1a2d-4430-b46d-7d038a983a59,12,433,20241117,1999.85,44,2024-11-17 06:47:00
81f55c8a-c59d-4cdd-a66e-5737f89447fc,45,400,20240721,206.11,49,2024-07-21 15:58:00
8d5a7461-d0fe-4c04-a5d0-35c18bf654e4,18,262,20241008,1671.34,12,2024-10-08 21:44:00
143d1236-5a0c-4d3c-8d86-10ae12644d9e,26,405,20241117,1681.25,5,2024-11-17 15:52:00
4138aad0-79eb-4a28-8152-ba78670c1dc5,48,891,20240912,532.22,27,2024-09-12 23:08:00
dc56f2d1-83e9-414e-ae51-a64eaf061ba1,14,888,20240609,1029.57,37,2024-06-09 16:11:00
0c2c05ad-26ee-4cd6-92aa-50b3bca8089d,1,414,20241115,1392.62,19,2024-11-15 18:41:00
87cb0c8d-4d7c-43ed-8b84-b0f6b57de693,36,251,20241016,379.2,13,2024-10-16 05:55:00
97b7e728-357b-4f4b-8ef5-61b0aa859c39,34,984,20241101,646.1,20,2024-11-01 22:57:00
79d62a38-35fd-4f1c-877a-a193d4790803,19,925,20241110,729.74,43,2024-11-10 03:45:00
afa2101b-fea1-41cd-a837-b512ad978019,22,426,20240612,1413.44,7,2024-06-12 22:38:00
eea0a291-9d2c-441a-aeb5-23f2de27a616,8,442,20240830,1335.6,24,2024-08-30 20:00:00
d8c2f374-49d0-47b6-95c0-7173dc0a78fe,10,989,20240608,1858.66,9,2024-06-08 12:59:00
291eee74-7fe5-42ef-80d3-d519ffcb9f36,20,945,20240827,471.89,17,2024-08-27 06:51:00
916c083e-de3b-430e-8fb7-bb19f756ff69,38,122,20240725,1586.53,27,2024-07-25 22:09:00
ac081763-1ed5-46ca-89a6-3c4764b7ee28,43,434,20240617,165.57,25,2024-06-17 21:05:00
77e12eda-8b71-4d9e-96b7-a3637671f07a,39,663,20240716,847.21,44,2024-07-16 13:35:00
99f1d971-8ccb-4dce-8875-c114bdf8edfb,27,63,20241024,786.79,9,2024-10-24 12:25:00
743759ee-93ca-48e0-bf62-f4db28515d74,43,751,20240615,1517.93,36,2024-06-15 03:29:00
190d2e7e-9061-4f53-af67-438f34a74ce4,26,515,20240915,1899.47,42,2024-09-15 08:21:00
352e748c-cddd-44e5-82dd-24ba7a4588dd,4,622,20241121,1839.98,3,2024-11-21 00:02:00
e80047a8-4983-47ca-95f1-6715c5c9c029,2,804,20241103,627.81,17,2024-11-03 10:43:00
632d7c0c-c6b4-46e3-b310-f6c639be2f0c,34,572,20241113,1601.12,46,2024-11-13 12:02:00
13b568af-d64a-4fec-a8d2-8189b7af5aec,31,199,20241125,1466.61,45,2024-11-25 19:06:00
ab6e59ea-5839-426a-922f-589a7c88e69a,32,93,20240721,409.24,30,2024-07-21 21:24:00
c6798835-580c-4b84-941d-5f5b1c2f5903,7,628,20241012,533.08,28,2024-10-12 01:13:00
cf2cb457-a0d9-4f4d-a8e5-ba8c385d0e05,1,821,20240926,451.42,31,2024-09-26 05:20:00
60337106-faa0-48a5-b55d-75db312c71ab,5,426,20241109,61821.5,15,2024-11-09 11:31:00
b152281d-8e2a-4818-a590-7ad6dc0ee2da,5,771,20240609,149.67,11,2024-06-09 06:56:00
15377a22-3c69-43b2-b62f-f356dc5d0da1,39,461,20240716,1198.5,42,2024-07-16 05:45:00
5b75b832-c799-46b2-a260-ed0c2c49993d,40,839,20240919,1806.84,40,2024-09-19 03:05:00
e6b68629-400d-49e1-8caf-988d3d645dae,38,89,20241107,1294.87,9,2024-11-07 17:37:00
8a77c2dc-d75b-4bd4-8956-5629732a86f3,49,853,20240704,742.73,16,2024-07-04 19:11:00
55234916-434e-4852-aefd-a7d7268c8d2b,1,370,20241026,779.08,18,2024-10-26 02:03:00
07d9639f-f547-4ce9-b562-8fd485898621,33,7,20240617,1784.61,14,2024-06-17 14:29:00
8800e90d-5f9f-4d22-828c-1d0a73b9ad5a,47,451,20241110,1709.84,14,2024-11-10 21:42:00
321c5ba0-8d66-482f-9974-9fa7ea76ae93,50,558,20240620,1290.41,21,2024-06-20 08:56:00
4bf7f681-bd96-4778-8593-526bd812ee8b,44,322,20241026,745.45,44,2024-10-26 08:28:00
9a424550-345d-4752-a517-2af1cfadf97e,34,273,20240911,1252.76,48,2024-09-11 22:00:00
58c28c9d-8a28-46a9-bf34-fb0f38bfb917,25,995,20241006,411.84,21,2024-10-06 01:49:00
a1d0dfd4-78a9-43a4-af12-aa7c601f94fe,9,374,20240612,207.48,41,2024-06-12 20:34:00
4efd9431-718a-42a1-9f5d-376018fc8ecb,41,774,20240711,1540.74,29,2024-07-11 23:47:00
a27517fa-4355-47d4-b7ff-b70752b304ba,9,517,20240605,786.25,49,2024-06-05 05:52:00
6b57e909-a983-4329-bde7-9a0ced677058,25,437,20240611,333.49,30,2024-06-11 11:19:00
49018e66-4c65-4a4b-b775-b5cdd3a82dd1,4,642,20240914,319.41,20,2024-09-14 02:09:00
0592fa6a-6ad8-4083-8d87-ebbcb4899f54,8,341,20240717,1992.96,47,2024-07-17 16:42:00
75f5b12f-c10e-45c2-a8cd-2b937f90a846,39,105,20241021,1517.9,12,2024-10-21 21:05:00
4bd456cb-e862-4307-bec7-c0df79288841,44,972,20241019,1257.92,27,2024-10-19 06:48:00
086259ef-dbee-41b7-a69c-39ace31ca2a4,39,983,20240827,59.05,49,2024-08-27 12:17:00
c3b4ef77-7237-49f1-8386-17df32d26a17,37,869,20240722,1417.91,21,2024-07-22 03:20:00
bc6208d7-4d74-446a-a711-ac4c59fd74ed,33,487,20241005,295.59,3,2024-10-05 17:01:00
7607c26f-819b-467f-a71b-812acce9c751,20,221,20240619,1755.86,22,2024-06-19 07:50:00
8433f3b1-b541-4311-984a-caec78b53d20,18,439,20241008,840.0,26,2024-10-08 11:31:00
e5e244fb-eae2-4e7b-b81c-33a393f48a0e,39,555,20240705,739.14,39,2024-07-05 21:03:00
4f388c61-6e3a-435b-bc4f-f9cad162dba7,15,37,20241001,1266.97,16,2024-10-01 01:14:00
57f2ae0e-bda4-4548-8a08-0772527af7c5,43,960,20240620,741.42,17,2024-06-20 19:17:00
b2310af8-4f29-4ec8-a0ed-93175d9b7811,36,727,20240801,959.91,34,2024-08-01 07:37:00
fe4b368f-8be8-44df-9ff0-aa22a8424eb1,36,187,20240826,1954.46,9,2024-08-26 12:03:00
ad41839f-b2de-46ad-8e1d-239e19bb42a7,5,821,20240604,913.57,46,2024-06-04 04:55:00
eddb7ba2-5190-47e4-bd1c-1254a3f35944,45,528,20240705,937.61,13,2024-07-05 05:36:00
0a8218c3-d53a-42b3-a4e7-dea6d993e13e,26,652,20241001,1554.56,2,2024-10-01 05:28:00
5e3dd6ad-2e20-43c9-be9a-5e695a828761,30,325,20240918,1093.49,2,2024-09-18 16:55:00
0d47127e-2ff2-45e9-89a9-66de31cad700,5,195,20241123,1988.94,6,2024-11-23 17:59:00
4397cf75-539b-4388-915f-c3e58e6bd89b,30,845,20241105,1023.11,24,2024-11-05 17:07:00
d33e3ead-0939-440f-8545-3aa66a4ca841,36,332,20241114,1774.98,34,2024-11-14 06:52:00
e226f636-5d56-49d2-a3ed-5dd720800855,15,273,20240608,1236.56,6,2024-06-08 22:16:00
1719c84e-8735-48a3-9dae-207fe9ee0e6d,24,623,20240919,542.73,48,2024-09-19 18:45:00
8c773f20-fd52-4637-a3a2-27eec7749146,11,901,20241128,1341.32,34,2024-11-28 03:49:00
054c9a74-96a3-4429-868c-fae4b7dbd549,36,989,20241017,1769.94,23,2024-10-17 15:40:00
2c98cdb5-16c7-420c-a45c-af3424d3033d,3,262,20240608,1408.81,15,2024-06-08 09:44:00
7dde946e-8ad2-4a68-a53b-6f273adc4957,16,355,20240701,1458.49,24,2024-07-01 10:07:00
34b06fab-d2c8-4927-be6c-41891cffd793,1,393,20241029,742.07,5,2024-10-29 11:28:00
38acaba5-03c0-4f87-acf7-d1c30fd55fdc,7,621,20240603,1181.23,15,2024-06-03 04:44:00
f335c90f-a724-4994-a3f9-b12259a04647,18,114,20240914,1015.69,2,2024-09-14 13:01:00
b99748b1-93a1-4077-a3ce-eeaf8e698558,19,79,20241011,851.54,2,2024-10-11 04:34:00
62c02de2-bc1a-4ca5-b197-10133c5ed298,44,429,20240811,210.27,19,2024-08-11 06:33:00
dc4aaf66-9eda-4dac-a6cb-358ea517a495,16,844,20240706,1009.48,49,2024-07-06 20:31:00
c8bf0dfe-3e15-41b7-bf7e-698e05e29394,2,538,20240726,611.33,26,2024-07-26 16:04:00
0d7d9d30-6c49-495f-803e-b200aef8b769,2,567,20240729,1413.55,29,2024-07-29 21:03:00
2f278a91-1afb-4d59-b29d-3486c1c865d6,11,200,20240724,1218.29,4,2024-07-24 05:39:00
40d07c26-a066-43ef-8d9f-9e8c804df8e6,26,758,20240908,1449.25,35,2024-09-08 00:56:00
5d33b363-632b-4f3e-8ebc-4bfd1e5bb92a,9,799,20240824,1783.25,39,2024-08-24 00:21:00
c5f425a3-dee4-468f-8db8-4199ee48ded4,5,914,20240815,391.7,11,2024-08-15 12:29:00
0f28d438-8a6f-44f4-868a-ab6ca1ab6ac9,49,909,20241121,1077.51,47,2024-11-21 14:55:00
604d2adf-df32-4301-a93c-12248343d8e3,19,437,20241121,814.59,33,2024-11-21 20:45:00
daf9f466-259e-41f6-a57f-c6d14fc9ce11,39,782,20240616,280.08,23,2024-06-16 16:45:00
c55c115f-dbce-44b9-930e-89a5aa845985,31,691,20240827,1363.58,46,2024-08-27 08:33:00
f69d33ff-0259-4066-bbe7-f983735f30ab,14,972,20240919,1944.7,29,2024-09-19 07:59:00
871f1cde-b7f5-49aa-a412-6304f3ca49ae,30,983,20241020,1380.18,32,2024-10-20 02:23:00
8261c86e-e8a1-46f1-a499-0e41e6d95149,4,991,20240818,1565.9,30,2024-08-18 15:25:00
33196948-9ac1-49b9-abae-0fe315790e61,40,343,20240717,91.74,2,2024-07-17 11:59:00
be6cdd5a-545e-47f0-898d-06ab1ab44ce0,41,237,20241107,1035.44,36,2024-11-07 07:04:00
a6d26947-ab14-4c5a-bb20-a14ebb042c70,33,356,20240827,485.12,7,2024-08-27 17:31:00
e5cb4f03-9824-4e01-abf9-98f536178bf9,12,852,20241114,1090.03,49,2024-11-14 23:10:00
b7d3c85a-fe98-4dc4-90ae-b975f4403cdf,29,605,20240623,1061.31,28,2024-06-23 22:20:00
6ce175b9-f2f5-46eb-95d2-3976f8617646,16,512,20241108,1463.12,3,2024-11-08 23:31:00
7d004af2-6953-4638-8525-b7b84755185c,13,385,20240704,1451.27,26,2024-07-04 11:40:00
182f639d-e5b7-4cca-a11a-514eaf157982,38,887,20240730,1377.36,29,2024-07-30 23:10:00
495b6544-fc25-42eb-9594-fb7b3268f4bd,37,401,20240715,1457.33,39,2024-07-15 03:12:00
22bd4f0f-de97-47d9-9014-047d78de706e,29,462,20240903,1372.78,8,2024-09-03 11:05:00
35c69a2f-d1dc-4657-8cb0-dd9fc9f76afb,18,398,20240907,1561.2,5,2024-09-07 07:05:00
64859b5a-2762-4f2b-8b0c-ca009e6cf6d7,49,744,20240719,108.05,22,2024-07-19 09:19:00
a3ac9b18-ffc5-41f0-9944-4803aa6aacc9,28,495,20241120,1305.21,47,2024-11-20 06:25:00
427199b7-e4ad-4db0-987d-236728d5ed43,20,592,20241128,70.41,44,2024-11-28 09:15:00
f89d7d21-5ca1-479e-a11d-29f9afe4b42b,14,383,20241004,1317.33,27,2024-10-04 07:05:00
b1c6a90a-3f81-4fbc-980d-138b4fde9b30,19,237,20240603,1967.45,31,2024-06-03 13:11:00
e91a9f68-d02f-4454-8ed7-430ace91c7a5,5,848,20241124,629.34,6,2024-11-24 17:28:00
57649643-0abb-4cf6-a969-54fd8c9da945,12,393,20240707,780.49,3,2024-07-07 03:28:00
1d068824-daaa-41d4-b322-af88442db196,43,82,20241126,1201.68,11,2024-11-26 01:03:00
738fa143-6316-40eb-9fd2-49e370cb47f5,50,440,20240810,119.22,22,2024-08-10 02:10:00
4c400fde-86f1-4494-9914-ce8f09fb0acc,21,199,20241103,882.29,15,2024-11-03 08:06:00
2e42a260-fba8-4d2d-be51-bd8df8428def,19,567,20241022,1258.01,16,2024-10-22 01:29:00
f9aed65b-56b6-48b4-b704-e1f4f74ec253,1,113,20241013,902.43,29,2024-10-13 11:44:00
6948bed9-2c3a-42cd-92b8-9463385162ff,42,894,20240601,665.56,8,2024-06-01 18:03:00
a5227daf-0aa7-49a5-a1f9-4694a5e776d5,4,525,20241011,927.96,34,2024-10-11 15:23:00
26bdc8c7-2969-49df-a58d-433139df854e,33,380,20240721,342.1,16,2024-07-21 04:32:00
ddbb3f09-b16d-4bfc-942b-5fb246a97b5f,47,28,20240703,1466.48,45,2024-07-03 12:28:00
93039a0f-0f33-4904-94c3-3b42cc8888f9,14,721,20240816,1033.63,32,2024-08-16 08:06:00
4eddd913-df7e-4dbd-a59d-8d9753eda030,41,256,20240901,962.94,16,2024-09-01 06:49:00
b0bcd87c-4d56-44c5-98e2-572452436775,7,826,20240611,828.27,24,2024-06-11 07:45:00
b700a5f2-ff08-472b-bf58-bb7ef6581917,18,47,20241122,399.51,46,2024-11-22 05:35:00
d252fe7d-6abd-4a89-95e9-dbba46956c92,32,286,20240910,301.18,49,2024-09-10 16:26:00
6a5e87ba-2d33-475b-a202-373ddf008b43,34,893,20240712,1744.02,48,2024-07-12 19:37:00
319917e8-82f7-4dde-b01a-47651a5fca03,44,842,20240914,136.69,26,2024-09-14 03:24:00
daec1f36-f93a-4230-b8fb-7aeff982b236,14,871,20240615,143.73,49,2024-06-15 00:11:00
fac378ac-50ad-4e37-8dfd-4b53ecbdd9e4,42,407,20240913,437.7,2,2024-09-13 05:18:00
5abc5831-1637-4bb3-a0e7-6e270239da2e,44,228,20241010,229.0,14,2024-10-10 06:09:00
5ef4b931-37ab-4d43-b630-6f98754a0f2c,20,893,20240724,1598.95,9,2024-07-24 05:19:00
2d6fd5f7-9988-4f38-a34e-c1080405f7b7,13,973,20241007,1665.32,9,2024-10-07 06:07:00
a38c2782-1955-4769-8f4e-925ff55b5ef6,43,73,20240720,1189.45,27,2024-07-20 02:10:00
ec3a65f3-8913-4497-b108-36370934eb1f,5,425,20241115,80.16,23,2024-11-15 13:48:00
0a79dac8-c63c-4982-adfc-4ab35bbe43f4,18,74,20240728,1293.51,6,2024-07-28 03:37:00
93bafc8e-1921-4f3e-bdbe-9ea9e64fe545,4,216,20241008,686.24,15,2024-10-08 08:11:00
8f7eac40-a9af-47a4-b6fb-76571b8494bf,11,396,20240914,771.17,9,2024-09-14 05:36:00
95e6d700-b9e4-4317-b2e6-b9c940799af6,42,312,20241110,1665.3,2,2024-11-10 10:28:00
dcfe6b56-5a04-4c24-b297-70bc7534ba96,8,612,20241103,944.93,30,2024-11-03 00:12:00
5f5945f5-d2e5-442d-8da0-6d1d09ed876a,26,187,20240909,1956.67,29,2024-09-09 22:03:00
60b47c3e-74e2-4d16-8ccc-e08b5cfa466c,8,390,20240819,1294.69,41,2024-08-19 11:16:00
ece6ed4c-441c-43f5-ae59-8ae5ed9c8d12,15,858,20240624,1404.62,17,2024-06-24 12:25:00
7e157e8a-9537-493d-8682-cad34f4f26ae,47,966,20241023,1866.26,46,2024-10-23 22:59:00
ad0598aa-2a22-4a54-ad9b-66e11b47405f,31,685,20240730,888.46,34,2024-07-30 12:59:00
5bf52bc3-084e-491c-b00d-374a2988b91b,23,732,20240616,459.92,4,2024-06-16 00:40:00
79d46f46-02d3-4563-be58-bd1796dcf1e8,33,318,20241019,605.96,8,2024-10-19 09:19:00
8830b12b-8b53-47f4-b21d-46f5ec7d3b87,4,400,20241123,404.0,44,2024-11-23 04:17:00
744a6209-6b22-4f4c-b1fe-62c6cecf54cb,33,371,20240624,199.9,42,2024-06-24 21:52:00
64352473-f5e6-4584-9d0d-3cf0f6dbf04b,37,805,20240924,1565.72,22,2024-09-24 22:06:00
238bdc95-6eba-45c9-be68-b4f23560de51,43,829,20240717,406.88,19,2024-07-17 19:30:00
00e36e44-33b9-40a9-b408-1fd1f05546c3,39,117,20240624,487.15,17,2024-06-24 17:11:00
0429833c-b089-4eeb-b313-01a85a15c0b0,45,473,20240815,1723.44,45,2024-08-15 13:24:00
13fcc1c6-8852-4d43-b5dd-38139c3629cc,43,794,20240905,437.26,1,2024-09-05 14:13:00
1f8af259-224e-4f57-a1e2-3787581bfa1d,17,574,20240623,219.31,42,2024-06-23 10:17:00
ca22244d-7e6c-42a1-bd55-b75e2fd1c4e9,47,199,20241016,1394.16,7,2024-10-16 05:03:00
38f3cc71-db60-4531-a245-2169bae2a353,7,27,20240829,241.78,4,2024-08-29 12:52:00
82afdb0f-08b2-452f-9371-c42d59301763,18,166,20240921,1396.42,44,2024-09-21 13:34:00
2ad564dc-b398-433b-aeab-f5a86796bbed,8,337,20240802,1841.35,37,2024-08-02 16:14:00
a9ce2cee-b11f-4805-b756-c87379f54121,15,982,20240917,765.88,21,2024-09-17 22:03:00
854eb1b0-d836-4ec9-bc1a-3ed0a4f61c8b,4,864,20240826,1483.63,27,2024-08-26 23:19:00
59a3ba3e-af28-4787-9c90-650edb244f88,13,978,20240724,813.34,17,2024-07-24 00:48:00
8269e96b-25ee-4aaa-b1e5-a6327837c819,15,804,20241104,820.14,20,2024-11-04 07:19:00
661fdba2-ac03-494d-ad03-be2ae6796580,38,843,20241006,964.45,45,2024-10-06 10:00:00
900821ca-2635-4efb-bef2-49787ef9ac4f,8,412,20241113,712.49,28,2024-11-13 18:09:00
31e16778-d35d-4712-9eb7-3d93ca7778e3,18,187,20240914,1682.76,4,2024-09-14 20:46:00
ef0bd701-e698-41ac-8106-151240a1ed59,21,411,20241115,556.15,44,2024-11-15 18:07:00
7f174d4d-e699-4276-9009-81530a5d975e,3,677,20241119,216.34,12,2024-11-19 08:39:00
ce303538-7167-44cf-ac13-f10d1201c3e4,22,555,20241002,1004.83,21,2024-10-02 19:25:00
b5e9f403-f606-4ffe-99d5-8a85784b25cf,5,912,20241003,1318.95,17,2024-10-03 22:17:00
4ebb8ee3-c84d-4092-84bd-b6bf39c01a4d,37,791,20241118,1963.74,39,2024-11-18 16:43:00
fc736fdf-ead1-4761-bcdf-7ed829d40313,3,242,20240925,642.84,27,2024-09-25 19:40:00
38570941-65d1-45f9-9f2d-d38e1c86d28d,21,61,20241117,539.73,31,2024-11-17 18:47:00
4531c681-fe97-4819-82c7-a428c67ddab9,41,91,20240718,1266.1,34,2024-07-18 08:01:00
1409b1d3-6f54-4011-a24e-fd13c64efbe3,35,201,20241108,939.31,30,2024-11-08 19:01:00
41a7b47e-3414-4022-ace9-514da0253ee5,49,712,20241112,1801.48,47,2024-11-12 15:01:00
f759347e-76e6-42c5-b96b-970a500c22bb,40,24,20241005,427.45,46,2024-10-05 05:40:00
41ad652a-39c2-4e36-abac-2731bb6c32a0,37,846,20241029,1903.06,7,2024-10-29 05:14:00
db93b4cb-a00e-43a6-bc73-d83586fb9f71,36,887,20240629,1176.62,19,2024-06-29 10:54:00
4291b9a2-2b67-4590-83c8-4dacce319421,47,344,20240813,482.12,49,2024-08-13 01:50:00
78d772b4-8ec9-4e4b-a846-b46f56055185,30,295,20240822,1004.13,18,2024-08-22 04:07:00
97e526c0-7415-4a3f-aaeb-d06e31c6576a,8,924,20240616,1023.9,24,2024-06-16 21:33:00
3b12b538-b70b-451c-84f1-f751f571f123,4,138,20241124,683.77,13,2024-11-24 20:44:00
ec04b651-5e2f-4975-a670-4023544e817a,45,60,20240920,298.98,34,2024-09-20 19:31:00
bfcc6e48-e94a-4001-99e3-1d80286c4a9d,26,486,20240612,1929.12,31,2024-06-12 17:35:00
eb702f54-21be-4825-b285-61fbe9120dab,45,787,20240815,1303.11,45,2024-08-15 20:03:00
f262b559-6160-4e4d-9552-a0b4d46ef4d1,45,811,20241102,1087.68,9,2024-11-02 10:08:00
c2f3fb69-1819-4c3d-94d0-8a8c5ff38654,39,23,20241003,1378.68,41,2024-10-03 16:40:00
320a689a-1ea9-48e6-be48-f7a4b08788d9,13,24,20240808,1752.12,29,2024-08-08 22:14:00
86da86ab-0c6b-410d-984d-be2bf221b040,29,785,20240727,331.15,42,2024-07-27 00:41:00
708a0156-f2f7-42c2-9f0d-2b27c55a6b2c,15,587,20241106,655.42,25,2024-11-06 08:48:00
a02280a6-fd04-492e-9a07-5477dca31df0,47,362,20241116,218.87,3,2024-11-16 06:02:00
35132466-7416-42bc-8833-9fee4815bf89,45,234,20240805,1591.58,14,2024-08-05 17:55:00
f566e180-da76-46f9-8d75-c92131f412da,33,142,20240813,1732.6,1,2024-08-13 12:29:00
c13296b0-3f4a-48fb-be40-747e0632fe01,19,826,20240727,1204.7,29,2024-07-27 09:43:00
86c57491-2dc8-41e9-ac57-9d03251707cc,46,650,20241104,609.0,19,2024-11-04 05:57:00
8166a26c-a161-4b8d-917b-f8078916313e,43,899,20240724,1962.16,11,2024-07-24 22:53:00
d5af5fb8-f769-424d-9d61-26d7415bc3cf,39,225,20241014,1818.16,45,2024-10-14 12:10:00
5789608b-62f4-4358-acba-22ffecc81f84,28,913,20240806,1693.52,35,2024-08-06 04:05:00
f3c1b550-f3f6-4fe1-b88a-94edfd94b09b,33,918,20241003,1205.15,16,2024-10-03 07:44:00
c34968e6-34d6-4963-a28c-429956f82d18,6,256,20240831,873.53,6,2024-08-31 11:26:00
0eccc05a-6172-424c-ba39-a828af026ffe,31,261,20241027,861.99,11,2024-10-27 13:26:00
1bbcf069-d809-401e-af03-639cf93b58a0,21,100,20240806,1981.54,36,2024-08-06 04:44:00
bde11e17-620f-48ea-83af-dca5d615305b,37,403,20241118,935.79,9,2024-11-18 19:57:00
867bdd94-0de0-4305-ae8f-180c563d708e,50,736,20240822,121.78,18,2024-08-22 19:26:00
d0ef3f97-6f69-4ab2-a88c-1c89cd3f1446,5,182,20240913,460.56,18,2024-09-13 10:51:00
686c4d34-a14c-495a-9c92-c523127aa24b,14,336,20241115,1280.43,2,2024-11-15 15:51:00
1b94159e-fdb9-4991-b86b-100220e60b83,46,277,20241011,652.44,8,2024-10-11 13:22:00
23e04f68-a9aa-4787-bf82-91a8c46386f1,16,694,20240616,1596.08,7,2024-06-16 14:17:00
ad3ec539-e5e6-450e-bf11-7765a7108caa,20,417,20240901,1651.14,39,2024-09-01 22:17:00
24f31910-b38a-43c1-9d5f-4a066e413547,5,520,20240907,137.57,26,2024-09-07 19:01:00
17a08e68-b836-45c3-a901-5c105f2e88cc,6,489,20240813,1507.52,50,2024-08-13 05:57:00
ce2836fa-c38e-4314-8b60-d2136d868c8e,10,658,20240614,429.97,41,2024-06-14 01:50:00
8a11e4e8-4d5d-43f7-b618-03e2f58e003d,25,781,20240805,1795.96,32,2024-08-05 04:52:00
6bfed44b-1538-4ce9-ba30-bc7f08a91b46,32,312,20240707,1132.38,42,2024-07-07 08:16:00
136a69fd-5c0f-46e3-afd4-2c444f51f0b8,9,43,20241028,1149.64,25,2024-10-28 03:22:00
eef1c0c4-146d-4669-86ca-24fc776ddaa2,28,553,20241009,1748.35,11,2024-10-09 05:47:00
d07af590-154d-4b53-b229-21cbef99ca7b,11,24,20241116,1956.64,24,2024-11-16 07:52:00
acbd8962-95f9-4379-8683-ba2e3c69b7dc,10,650,20240926,1156.94,14,2024-09-26 12:10:00
110c33f0-fbb2-4a3a-ab0d-678575c71990,6,802,20240610,1217.5,15,2024-06-10 12:01:00
b10fffbd-8685-4ba6-aeee-63cf445c6ace,35,342,20240930,186.5,20,2024-09-30 07:52:00
6e6dacf2-7555-4ec7-8950-1904672c90f9,38,976,20240927,1392.01,35,2024-09-27 11:59:00
1805662c-5c20-4635-b226-17c86f45aa09,12,607,20241014,1847.57,25,2024-10-14 19:32:00
213edd24-8427-4cf5-975f-138f0a5ff85a,27,59,20240930,106.71,35,2024-09-30 05:52:00
95ab7f11-dc9a-4ae8-8a26-5b82d7dd91ee,28,472,20240915,1665.44,30,2024-09-15 00:21:00
c3113803-dc12-4f78-92f1-581674518df6,50,122,20241116,646.39,38,2024-11-16 19:32:00
69b2ff1b-64c0-4dde-ae0a-43b129023dbe,13,889,20240702,1169.29,20,2024-07-02 20:06:00
c838960a-afba-445f-8bb9-c83b68d5b147,46,568,20240620,511.13,10,2024-06-20 07:26:00
1b644017-3225-49a4-a197-8ccf850bd02b,32,475,20241104,715.07,23,2024-11-04 23:22:00
27574e05-5f3f-4086-9515-ace94150b66c,29,677,20240820,764.5,18,2024-08-20 13:05:00
4075f734-a2ff-4e40-90df-a41755d5a521,46,978,20240809,534.35,34,2024-08-09 01:57:00
1aca4947-851e-4e2c-a4b2-d6aaf5540691,28,858,20240928,902.18,9,2024-09-28 15:17:00
73149c7f-70a5-4c8f-bc6d-318cd9e9aa2f,40,266,20240806,911.76,10,2024-08-06 19:14:00
3dcfbd1d-196e-41c3-82e8-c4402e57a32b,21,864,20240909,71218.31,22,2024-09-09 09:06:00
a5e3dbf2-5650-46fa-a849-17b928e7b8fc,22,933,20241021,617.0,9,2024-10-21 18:50:00
45a9d885-06aa-40a3-a9db-17bb9575936e,47,919,20240707,1811.52,5,2024-07-07 20:24:00
48f03064-cf05-405b-9f23-64307935c4d5,14,813,20241027,1512.62,23,2024-10-27 06:47:00
40372019-1c74-4f21-b4c9-6e8dbd9315d5,38,59,20240816,959.48,35,2024-08-16 01:20:00
87329d1d-79fd-4a89-a4f2-d7834210f106,19,751,20240618,734.99,21,2024-06-18 13:16:00
7489660f-27af-4a06-bcb6-0b1fbb1d01e9,19,985,20240713,392.26,29,2024-07-13 11:14:00
3ee837ad-1a73-4591-a3ef-5105a0565dbc,50,299,20240801,244.12,46,2024-08-01 06:35:00
f6f3a452-6c13-4c63-84f8-1c60765a9514,34,960,20241109,1104.15,19,2024-11-09 04:45:00
a270b032-7e78-4d88-936c-011a2b1f9875,26,410,20240828,1833.73,41,2024-08-28 16:12:00
49f4451f-b26b-47ee-830a-772f5a2cd19e,36,188,20241018,600.06,4,2024-10-18 11:00:00
824499ae-8180-44e4-b538-95be15c637d6,7,475,20240914,1849.34,29,2024-09-14 15:49:00
5bb3655e-ca50-49b9-80cf-5768c228960b,42,412,20240921,377.24,44,2024-09-21 02:45:00
182a9cc3-037a-4e84-8db9-f59aaab7468a,11,402,20240901,1225.04,40,2024-09-01 00:05:00
b0556237-954e-42dd-a55a-b083365a118c,9,446,20240609,1944.5,16,2024-06-09 15:36:00
e79ff3ea-2e78-4a62-8267-ff1b276b6cb5,8,250,20240902,527.81,41,2024-09-02 07:40:00
7b4a4003-e4be-4f1f-87c2-b45d31c17d5e,35,616,20241113,1220.7,25,2024-11-13 13:04:00
f298c5dc-da0b-46b5-aa5b-ba508bfb476a,21,904,20240717,463.62,45,2024-07-17 00:50:00
822d2537-6469-463b-b7f0-e9282df4b174,22,632,20240727,1252.48,10,2024-07-27 03:33:00
604f642f-5f46-439b-90af-7682156f28e8,23,855,20241105,525.52,19,2024-11-05 00:22:00
24046a10-4f10-4dcb-af8d-645fdf2388c9,46,578,20240723,1453.08,45,2024-07-23 08:16:00
df317883-3768-4cce-9a3c-0f636fc128d7,15,808,20240702,555.06,29,2024-07-02 00:44:00
6082276c-63db-45fb-adb9-3d31c270410f,50,128,20241020,526.25,24,2024-10-20 16:18:00
780896cc-2319-4233-8d40-07cdbe9ca2f4,24,643,20240709,1547.01,15,2024-07-09 07:49:00
7f314fb1-d4a3-43ad-8683-d72e33674c93,23,186,20240722,906.71,24,2024-07-22 00:46:00
91c24e78-d9f6-496f-bee2-eaff010ef380,33,930,20240918,115.22,47,2024-09-18 11:31:00
7d8c3092-1f1f-40da-87ad-6130258e6a1a,4,992,20241008,1720.23,15,2024-10-08 05:29:00
e86149c3-1d01-49a1-841d-660ac143a869,15,571,20240825,1291.95,25,2024-08-25 04:33:00
6170e7c5-c85c-4bca-bdcc-684583a3cb4f,12,325,20240701,1799.24,3,2024-07-01 10:45:00
b9ffe406-9cc9-4299-bb66-f8f8e8d2fbae,12,120,20240825,1349.8,13,2024-08-25 08:56:00
06637580-f52c-4075-ab4d-78e3f64ac73f,39,722,20240605,1182.6,25,2024-06-05 08:20:00
57f3f1a2-651e-4a80-a87b-7e4af905bbac,14,620,20240828,1276.23,27,2024-08-28 15:04:00
d57c04ed-380d-437e-ab77-d73274f22337,10,509,20241111,759.63,34,2024-11-11 17:31:00
30498862-16db-49fa-bf46-3577b55c0221,36,263,20240727,1380.48,18,2024-07-27 07:16:00
e04079db-5048-42d1-91c1-a6483161862f,17,649,20241021,1777.59,45,2024-10-21 15:06:00
e1c40779-48f0-417b-8240-c66df8830d8f,27,672,20241011,1434.23,16,2024-10-11 08:23:00
e044e084-b6b7-4b64-8124-dccdba73aa94,48,621,20240920,690.21,24,2024-09-20 20:14:00
b3fa5371-e5df-4359-9272-b554cf5abe50,47,547,20240718,327.39,3,2024-07-18 02:07:00
a8c2fd8a-cccc-4cae-8ec0-84ca1637dc57,15,850,20241105,1327.7,14,2024-11-05 19:31:00
ca09c293-22bf-4228-8bad-7fae2c647476,14,646,20240812,408.61,3,2024-08-12 00:26:00
940ae03c-4d04-4220-97c3-cc3cbbdfd154,36,127,20240912,1336.79,41,2024-09-12 20:50:00
2e9d0477-65d0-4165-a383-19830337c9da,5,599,20241003,1718.5,41,2024-10-03 13:35:00
1f4b57af-6830-48e3-b598-600217065df0,47,476,20240616,1503.76,33,2024-06-16 18:44:00
88491d8f-d866-4573-9ffe-03855fcb89a5,7,232,20240803,713.47,9,2024-08-03 03:35:00
0e2a6665-8d07-44e5-be44-25bbd16679c7,48,234,20240922,499.14,25,2024-09-22 00:47:00
b0246bc2-8955-4b21-82ff-356565237c49,10,261,20240717,161.05,43,2024-07-17 05:25:00
f25475a7-2423-4b25-a8e6-21908aa8f860,29,998,20240612,265.3,44,2024-06-12 04:28:00
a171eac2-bec5-4886-8c32-5ba71bc75b9d,6,884,20241003,1725.85,38,2024-10-03 05:27:00
09593220-6987-4861-be85-5ce6dd91472d,49,295,20241107,950.41,50,2024-11-07 06:23:00
127cfb54-8673-4c33-8f97-69126766b2ea,44,253,20240807,1260.07,27,2024-08-07 00:53:00
04f7fbaa-b39c-4b50-b75d-9c88bc065781,30,199,20240801,608.23,40,2024-08-01 07:17:00
8364b8b0-412f-4594-9684-2086b8d2422c,38,542,20240820,447.78,41,2024-08-20 20:56:00
7d822389-8822-405d-917e-5d97a69f6276,22,763,20241017,1655.45,10,2024-10-17 04:37:00
146904c4-daf8-47d5-8cfa-3ed205ba2d83,4,755,20241001,840.68,4,2024-10-01 23:27:00
e5833896-684e-4bfd-8061-335e9482d406,4,471,20240620,1332.31,42,2024-06-20 02:43:00
c64f605e-583d-42ff-8bad-a13589198394,7,285,20240616,483.7,39,2024-06-16 21:30:00
207f5040-fc7d-42fe-a438-9f76357c01eb,42,133,20240713,1930.43,35,2024-07-13 09:41:00
72fcd6bb-2a3a-49e3-ab0e-a97eb68a4410,6,261,20240606,1136.44,47,2024-06-06 04:19:00
87139fa9-d282-47ab-8907-eb730dd59d2e,39,748,20240708,1381.88,13,2024-07-08 13:38:00
891fa925-d494-4dad-a8ce-fca7054953a4,18,500,20240714,1116.07,9,2024-07-14 15:49:00
db327990-2e7f-45a8-b601-61b4ab797a1c,14,808,20241031,209.03,42,2024-10-31 12:10:00
33a03fd4-949c-4334-b9fc-9bf982a66a4b,36,281,20241019,447.38,4,2024-10-19 05:19:00
d56d372e-5d31-48d4-9f6f-8982ee8f3aad,2,735,20240802,877.25,33,2024-08-02 16:20:00
63bcd63e-0650-49cf-8f02-ecba3d608355,13,100,20240918,1817.87,37,2024-09-18 09:47:00
03146fc0-be4b-4a42-9cdd-62b0401c4a5e,47,979,20240924,1882.08,6,2024-09-24 02:41:00
c2988534-02a2-43a9-9b27-15ae7150890d,50,848,20240923,1392.61,38,2024-09-23 03:58:00
0299aee8-dfc2-48d9-8714-b3cccd5a6ef2,13,527,20240829,439.18,17,2024-08-29 13:56:00
06b1cf7b-33f8-48eb-9023-757030c9c43d,38,706,20240724,1929.2,25,2024-07-24 09:27:00
2c3339e4-5644-4dae-bbe0-7b94b144dfbb,35,340,20241015,595.94,1,2024-10-15 23:47:00
82724f87-d82f-4624-b638-366f9b20f8c6,35,61,20240609,1530.6,38,2024-06-09 17:57:00
fea5e623-6a9a-4411-9ab9-7463c9418a48,39,685,20240723,486.88,2,2024-07-23 12:53:00
5697fea8-194c-4bfb-9205-1abe416099ef,32,794,20240817,1283.66,47,2024-08-17 09:49:00
4082c73d-2eda-4437-bf1d-e70187c8dfee,45,506,20241102,72.93,48,2024-11-02 03:09:00
22a5c0f3-0e92-4cdf-9e19-c96d56cd6449,39,388,20240919,1422.57,27,2024-09-19 11:37:00
b45152d3-17f4-4314-a3a0-b38517e2ea66,21,89,20240610,68890.36,5,2024-06-10 08:35:00
2fde946e-8a90-4b09-a0c7-f643ed243330,30,446,20240803,67.98,28,2024-08-03 00:43:00
4bff3423-daa8-415e-b207-f16d12ae3258,43,620,20240610,1184.73,35,2024-06-10 11:23:00
1680151b-2439-4cdb-8e3e-ac55f2299a22,4,737,20240611,1722.31,17,2024-06-11 21:00:00
f571a16c-7292-4b74-bcc4-af8fc953d6b8,32,195,20240921,1399.99,50,2024-09-21 16:44:00
c96ae99c-788f-4bdd-93e7-20f82181d819,12,9,20240907,909.46,17,2024-09-07 13:12:00
563d0f4e-4c66-4968-b71f-ef31bda63a64,50,904,20240705,1421.61,46,2024-07-05 04:12:00
3b6b80ad-2a22-4e37-a59f-0f9589536499,50,420,20240617,124.82,44,2024-06-17 22:59:00
05734143-7e4b-49e6-9493-1967e5c18cf0,22,949,20240905,1832.77,31,2024-09-05 03:15:00
e38775a2-4fd1-4cff-b3ff-cd43abee958f,28,148,20240816,223.02,3,2024-08-16 04:03:00
3b0f1796-dbbe-4704-b06f-966af8104d61,39,10,20240706,844.66,16,2024-07-06 02:05:00
5bfd64ba-da92-48f0-b38c-fdd760a2af46,31,381,20241008,59612.02,13,2024-10-08 11:52:00
213c54a7-6a17-431d-8e9c-e441614f368b,5,883,20240923,503.26,33,2024-09-23 16:11:00
e752f743-bd71-4d74-beb3-ce69d3e9b0e9,36,657,20240924,1572.27,32,2024-09-24 16:07:00
d11a7ed1-dfd4-494c-963e-28c0760fb3ad,3,798,20241010,739.22,27,2024-10-10 13:54:00
4ccff004-79cc-4f53-a1d6-ba9948efe606,38,549,20241029,1447.99,33,2024-10-29 22:46:00
3722e1a2-b1f5-466a-9ed6-5e2f0e888294,20,666,20240905,225.94,14,2024-09-05 21:54:00
7525777b-e997-479e-a7df-e92ae0039e6b,37,517,20240820,696.89,49,2024-08-20 21:56:00
28279d6e-d8bb-4608-8378-ae1a7ed2cc11,22,145,20240816,899.34,31,2024-08-16 22:29:00
6bdaab3e-df26-4919-9762-9f9662424c69,18,674,20240910,337.22,36,2024-09-10 13:39:00
63ce7dc6-dea6-4a26-a4bc-8a73b034f29c,6,673,20241119,93.15,11,2024-11-19 14:44:00
f924545c-22be-4ddb-979a-462a9c7095ff,43,42,20240711,1966.15,10,2024-07-11 15:10:00
54bcd11a-4a4c-4b43-9ea2-3d05a84769cd,22,708,20240720,1749.33,26,2024-07-20 01:45:00
d783a501-e0ad-458a-ae46-766323f570ba,34,314,20241017,1251.44,9,2024-10-17 10:16:00
e1f90794-6757-46b6-810c-8ac63ea7d1a5,11,350,20241101,781.27,8,2024-11-01 01:36:00
a2744c5f-6891-482a-bdc7-122a550b4677,16,213,20241031,426.78,43,2024-10-31 13:52:00
0fc09b0d-e721-4757-9eb9-3a7ab4271466,47,292,20240903,1000.7,4,2024-09-03 00:53:00
8b306fc5-e4dc-4ac1-b414-778d306d30d6,41,803,20241117,1487.38,49,2024-11-17 22:00:00
93f0f461-f5ca-4b4c-9c40-266dce0369db,39,254,20241021,289.34,48,2024-10-21 21:16:00
952eb54d-d7bf-4533-b1cd-8fae226cb549,8,70,20240920,729.55,9,2024-09-20 06:22:00
990ca8a7-d2e5-4d7e-89ab-5c2ad1cc1f1f,3,294,20241112,582.08,15,2024-11-12 07:42:00
16a9580f-3e27-43d0-b94c-1d2f005d5954,24,532,20240616,1192.25,1,2024-06-16 05:26:00
5a70fc21-ac39-4594-8f2c-79a2e731ab99,37,865,20240725,1747.45,47,2024-07-25 17:00:00
f16ede57-7740-4cee-8c4e-06f8cf0f13b9,2,786,20241120,931.61,39,2024-11-20 15:18:00
59233c36-23f7-4b38-a48a-3b3f4d7bf31f,42,975,20240719,300.12,2,2024-07-19 23:24:00
03971a0c-774c-4621-88e5-9729a17fe58d,14,889,20241027,76.06,23,2024-10-27 00:00:00
70afefb4-ee10-4145-9463-072273b58695,7,6,20240718,1081.42,29,2024-07-18 00:12:00
61b4b4ed-5eaa-41be-98a7-8b549cf4a721,8,588,20240729,1530.12,38,2024-07-29 20:49:00
9417dd0e-7579-495b-a66f-cd9918b4bf70,46,97,20240926,110.13,4,2024-09-26 16:59:00
6473ff82-99ac-4bd6-a44e-7b25d58ef9f9,27,466,20240922,614.73,8,2024-09-22 20:03:00
7958737b-d3ad-4e66-9269-4d9ad441e86c,31,267,20241013,587.14,14,2024-10-13 04:45:00
a8e44084-2b44-460e-8bed-c6c19ba26d9d,35,722,20240604,525.14,49,2024-06-04 01:29:00
1836ac75-bb57-4810-83ae-6f1b8818d7dc,5,100,20241027,1008.61,16,2024-10-27 10:07:00
ecdb15a7-5713-47e2-b5b5-619c817b690c,50,885,20241005,972.96,50,2024-10-05 20:26:00
7e8bcc11-d08c-4aab-b22e-e21b0ab5bb6e,21,846,20241126,1086.52,31,2024-11-26 10:07:00
2ff47382-1db4-4636-b369-f28f968b96bf,3,133,20240910,216.53,16,2024-09-10 09:32:00
dbd9a426-e8bd-445d-b743-2d3d5c667070,46,377,20240915,121.29,4,2024-09-15 01:07:00
3fca74db-0d57-4842-9b47-00aebe89fcd2,1,919,20241024,1580.92,32,2024-10-24 00:04:00
87ee7a97-b5c2-4aa1-b9f1-a4a895b559f8,11,903,20240821,1041.58,15,2024-08-21 08:01:00
05c39fc7-14c6-49b1-9b46-ea00fc1cdbf5,36,3,20240928,495.15,17,2024-09-28 13:25:00
220e8070-3532-4f90-b5fd-f3fff15be236,44,918,20240926,1980.8,43,2024-09-26 05:08:00
79a8ad45-a1a6-40ba-94d6-47e555c4b4fd,39,91,20241114,1641.28,47,2024-11-14 12:35:00
f52f3657-845a-476e-aa39-4a8bb2940f31,30,346,20241007,1872.66,46,2024-10-07 03:48:00
cca4e376-ebf0-45ae-b56b-4fa3e4bb38b0,6,194,20240606,1860.38,18,2024-06-06 10:43:00
dccf54fe-fa40-4c4d-831a-7b209981798e,18,824,20240807,1046.78,13,2024-08-07 06:06:00
34757ce5-6bb5-4c0f-9290-8fe47a667d9e,41,393,20240701,869.26,49,2024-07-01 19:31:00
f9e436ff-6e68-4e6b-ae52-2d2d4b3862d8,46,20,20240601,1959.33,4,2024-06-01 12:26:00
aca86026-f231-4c06-8dd0-aa834d9b90ad,22,315,20241105,281.93,9,2024-11-05 20:28:00
e7bb00ba-951e-4981-ab98-b0abd8565928,43,678,20241017,1588.9,4,2024-10-17 09:36:00
d18a6d00-c3ce-41f4-a7d4-a450260d1837,43,167,20240713,1980.02,21,2024-07-13 03:03:00
4471f9cf-ae8d-46d4-aa16-0a5542c256ee,36,312,20240629,1252.31,37,2024-06-29 10:15:00
accd96b2-e3d7-452d-83e5-602aee55cb09,10,241,20240905,1800.42,17,2024-09-05 10:18:00
1a7f11c5-c40a-4b47-bda8-eb9ae578e749,30,288,20240609,1237.57,29,2024-06-09 00:22:00
cea65b79-269a-4533-b2b3-98b71c845e60,20,517,20240611,1490.11,37,2024-06-11 17:11:00
7c500c8c-0075-43f6-afbd-38d261354da6,11,171,20240619,694.36,46,2024-06-19 00:42:00
2ca4946a-8b13-4398-a25b-1f0a6e7eafc3,44,784,20240625,843.34,30,2024-06-25 04:11:00
177844fc-ebe7-4490-a81a-501371d3c460,15,241,20240912,229.53,27,2024-09-12 20:53:00
28b13298-cdee-40c3-8604-a8b2a75daca6,35,826,20240810,892.02,35,2024-08-10 13:57:00
e5914d86-8cb4-43dc-a77c-ef28eaa709fc,4,270,20240927,1719.26,2,2024-09-27 23:57:00
2be417e1-2526-4734-b770-bb83f33eb696,33,730,20241007,1238.51,30,2024-10-07 19:42:00
0532d5c7-62fa-488b-ab20-65397d8aa0ed,30,834,20240702,1796.69,27,2024-07-02 21:52:00
e71815f8-a6f9-4733-ae51-871c00524e12,1,52,20240726,147.39,14,2024-07-26 23:13:00
7f8ad424-9d2a-4a90-900f-e7559a467b9a,3,266,20241019,1595.77,37,2024-10-19 17:54:00
0444ec43-a23d-443c-aba6-09394220ab15,33,627,20241023,1582.5,38,2024-10-23 19:54:00
7d68efe8-5d00-4c32-bc5b-ceb3a2f0bcb1,34,570,20241009,144.18,46,2024-10-09 01:53:00
f813a071-348f-4182-8132-c959f4ed04ec,32,309,20240606,848.92,25,2024-06-06 15:59:00
45224fff-0fbd-4c04-8e9d-b11f23a21dd9,2,664,20240628,1077.86,23,2024-06-28 21:42:00
b23ba310-998d-4b93-b6aa-2104caecc603,18,746,20241009,307.77,23,2024-10-09 08:00:00
033b178e-a793-417b-aac7-629d520896d6,23,429,20241023,372.81,45,2024-10-23 15:50:00
2afb1dda-2c12-448b-8a3e-25e8bfaeb5db,3,85,20240923,1404.17,42,2024-09-23 23:03:00
87f8dd99-8be2-4b30-a1bc-ab7f84492d1f,3,500,20241106,121.76,45,2024-11-06 11:55:00
7e3f281c-2340-4f4c-948a-34463c1f784c,39,669,20241102,174.83,44,2024-11-02 07:38:00
580feb85-0f7f-4a00-9db2-d42ce38b7cf3,28,198,20240802,1413.27,4,2024-08-02 14:12:00
6f00003c-bc13-4f3c-a7c8-ee146bf6ca0f,22,960,20240814,1758.22,46,2024-08-14 10:12:00
62f9927e-72f0-42c6-9b13-2ec15da2fec1,43,813,20241014,943.71,20,2024-10-14 06:10:00
1eac5024-259c-42ba-9a95-3a46b1706596,34,255,20241010,58.91,16,2024-10-10 11:32:00
f4134e7e-deb2-4907-9867-9688eeae09ba,38,697,20240728,59.07,14,2024-07-28 11:40:00
41c1417f-9def-4203-8f0a-1a77f9c782cb,7,729,20240603,548.09,21,2024-06-03 13:28:00
93d280b6-d4cb-42eb-9419-ea39d5054d73,47,605,20240823,1357.65,25,2024-08-23 07:44:00
25e467ee-87a7-4641-bf49-16dea6587a34,7,419,20241113,1758.81,16,2024-11-13 09:42:00
62d17c23-e3ba-4591-a416-0592519b0187,30,330,20240602,1962.09,6,2024-06-02 03:05:00
f0183b63-69cf-467a-be0d-f0a703bb0db2,26,528,20241109,1358.05,23,2024-11-09 20:11:00
1f89f357-80e8-4e09-8449-0473f686ddb5,34,575,20241012,1512.51,11,2024-10-12 04:07:00
87a92463-3f7d-45e3-86b7-d3b57b0c2027,49,95,20241125,408.83,42,2024-11-25 19:40:00
a6a8c9b8-cbe5-4ee6-a659-ef90198b0c64,5,121,20240908,821.17,18,2024-09-08 13:59:00
7d8d94c9-848e-445d-bce2-a79156ab32fd,7,253,20240822,972.94,23,2024-08-22 17:00:00
797fc8ae-dcd4-4161-ae90-f05f63340c1a,40,336,20240824,1342.66,3,2024-08-24 01:17:00
bd396106-f1fe-4437-a544-e208a776c006,2,374,20240805,1657.99,7,2024-08-05 05:51:00
e05d73d2-5ba2-413c-b680-f0db6ed3303a,42,663,20240803,1374.98,4,2024-08-03 09:58:00
9d356ecd-0dbd-46b7-84e2-39a832e5966b,9,765,20240710,144.78,24,2024-07-10 19:22:00
a889a78a-7c35-4c05-92ff-f9177b698381,42,328,20241016,1577.13,22,2024-10-16 16:19:00
76f6c790-8d65-4662-81d7-cd5bfe62601b,2,273,20241022,989.11,29,2024-10-22 14:21:00
b472f886-0bc8-4634-a889-d7a2edee96ab,40,634,20241006,710.68,35,2024-10-06 22:04:00
f0178427-099a-4a0c-8ac8-e437b6f32f3d,37,766,20241120,711.34,34,2024-11-20 00:47:00
3a8fe5b1-63bc-4115-8f34-1d9628062867,30,981,20241008,1729.52,49,2024-10-08 23:05:00
b560388d-cb66-46df-92c9-381eff03e20e,23,885,20240909,1188.93,44,2024-09-09 02:39:00
053e4ffa-a458-41aa-abae-5f1040d59249,39,637,20241111,1165.42,2,2024-11-11 23:18:00
aa0d179e-83b2-4478-b966-465353c3bfe5,2,886,20240923,1016.42,37,2024-09-23 13:24:00
aa5852e6-2348-4c5a-b008-44eba77a1b5e,48,946,20240929,1669.69,20,2024-09-29 04:37:00
d3119f8f-478e-41bd-8cfd-14dded01ee4f,34,736,20240621,1771.33,1,2024-06-21 03:28:00
fc238b5c-4c3c-41de-9830-bbb3473c9fcb,32,26,20240624,569.24,37,2024-06-24 04:24:00
2ea83381-617f-4e8b-9fb9-1e0ee6bf299b,15,237,20240829,1104.97,31,2024-08-29 09:26:00
67b37a4e-51df-495e-aed3-9fd3f0a90163,13,133,20240821,399.99,7,2024-08-21 13:50:00
02456997-ad72-4fdc-8eec-0fa93e3080bd,38,626,20240714,1034.32,19,2024-07-14 10:22:00
abf0f2f6-e78f-41a6-bf0f-e83fb455b94a,45,658,20240908,1724.37,19,2024-09-08 01:40:00
e0f3a3c2-be70-497a-b334-a7919cfdb6f9,39,860,20240915,1260.88,7,2024-09-15 21:56:00
14104b16-06a7-4464-a17f-bd7f6bffde97,5,654,20240918,1733.65,24,2024-09-18 11:33:00
17db870e-3594-4770-b27a-a56cec7a6c9e,15,340,20240721,1053.97,36,2024-07-21 08:03:00
67b1775c-98d3-4da5-ab73-58de8f8f7cbd,20,25,20241021,1597.73,37,2024-10-21 03:01:00
d746483e-7ce5-43c2-a1ab-7d84f2a58fca,33,772,20240630,1090.08,23,2024-06-30 06:56:00
51a24cd3-ec11-42d3-9509-6d64210447c2,40,549,20240827,940.54,23,2024-08-27 02:58:00
cc50608b-669d-4451-9ef2-06197871b678,13,375,20240817,1369.61,16,2024-08-17 05:56:00
d0f3667a-395e-45f9-9530-526e1a8314a3,38,746,20240623,991.53,32,2024-06-23 13:36:00
c74eaeaf-1d9d-4d9c-9140-4ea58e8b5eee,12,190,20240927,1764.95,5,2024-09-27 12:43:00
9804c5a9-cf45-4e24-a3ca-95e41e821054,40,584,20240916,159.0,20,2024-09-16 13:21:00
11122066-5f5a-4ccc-a0ab-8cfe9b6b7d70,22,519,20240609,632.85,14,2024-06-09 09:40:00
00ab85b2-f189-4ae7-8d73-3dc02c73acce,32,107,20240707,1191.49,37,2024-07-07 21:47:00
b0165042-d332-47bd-9c18-11c735be70e7,8,996,20240701,1178.56,19,2024-07-01 03:12:00
cf0df1aa-a25c-4371-a5bf-5f40bdf7006d,47,67,20240629,484.11,48,2024-06-29 14:55:00
a14a0afb-55be-4609-a221-1ab88f340034,43,312,20240617,582.79,21,2024-06-17 07:14:00
e2dedb07-84c2-4b21-a1d4-25b1c956c415,1,127,20241026,890.12,49,2024-10-26 15:26:00
6e57c765-28c5-45da-8408-52da71685b74,3,399,20241005,1345.6,42,2024-10-05 15:46:00
8d763be7-b59e-4706-b020-8a454332a5df,27,974,20240925,24318.23,8,2024-09-25 19:24:00
fa782f6b-96d1-4d70-96e9-832522d53d0e,23,225,20241002,1995.09,43,2024-10-02 23:34:00
e9be61c9-daa3-412e-a495-4ad18f5ec214,17,200,20240713,1072.18,25,2024-07-13 20:25:00
8e70733a-a5a6-45c8-9719-d6185ef3d1cd,33,482,20240625,248.59,32,2024-06-25 06:59:00
2f320731-e72d-4886-801d-0532591d3cee,30,379,20240623,1993.73,24,2024-06-23 03:50:00
09745a40-159c-4d1d-87ec-a3d946b2a407,18,780,20240804,1674.43,6,2024-08-04 14:46:00
d6541c35-3f53-43a8-a100-08c1b3d9405a,16,564,20240923,921.77,36,2024-09-23 00:25:00
952d9884-1e0c-473e-bce2-f2612f29971e,47,865,20240820,1303.9,5,2024-08-20 05:45:00
f079ffe2-3cf7-4a0f-8715-702b817cbf15,22,450,20240712,515.87,43,2024-07-12 05:34:00
9ad6ad1b-c2ba-42e8-94a2-266fc2b06f6a,5,608,20240608,229.52,35,2024-06-08 06:54:00
d46c29e1-bdfc-4dad-9fb2-1f965d2cae61,19,494,20240610,519.33,41,2024-06-10 13:17:00
8a6055ca-f439-4d5f-aca1-bdcaee4b95da,20,869,20240921,865.28,48,2024-09-21 13:48:00
698c3e0a-9b63-4a3a-8b18-914f85c023b7,11,174,20240722,1141.07,30,2024-07-22 06:58:00
f0adc5c9-2f32-4a9d-a35f-fd993d8810ff,30,449,20240827,1672.64,48,2024-08-27 17:06:00
220f3af9-eefa-4014-9800-7241f754fb3b,32,893,20241012,324.63,16,2024-10-12 01:22:00
8e180368-16c9-4e2c-9409-c9c21acc0b0c,35,573,20241120,1978.25,44,2024-11-20 22:05:00
b9af14a1-58cf-4bf7-a958-749bc4623e47,13,927,20240904,244.56,36,2024-09-04 00:23:00
505e36ba-e55b-4b3a-b0c5-05cfd059fc80,21,660,20240625,673.15,10,2024-06-25 19:32:00
9ba80c51-54af-497b-92a4-d640777bab58,33,835,20240811,1263.03,37,2024-08-11 00:57:00
34382953-43bc-4200-b997-ab870ce36403,38,378,20241117,139.69,10,2024-11-17 13:43:00
23a256e5-909e-45ce-9bbf-7706ee3f3aad,18,148,20240929,1250.07,11,2024-09-29 22:37:00
99e51e95-09af-4bf3-85b6-2bf56598c218,35,142,20241118,856.18,12,2024-11-18 04:37:00
75160a55-ce2b-4615-95a9-ffce327b8b00,49,763,20240722,587.37,30,2024-07-22 12:34:00
93a324d3-f50e-4d16-96df-a2022d1a6827,48,433,20240720,311.54,4,2024-07-20 12:33:00
5a98a17b-7d1e-4104-a49f-834183ba43b5,21,722,20241028,1370.66,1,2024-10-28 01:36:00
6eb3c455-8997-409d-baab-3f65d72227a2,36,780,20240723,1152.34,34,2024-07-23 00:12:00
cf5bc78f-d997-4bd2-9717-36a0dc3a0638,10,520,20240927,1213.33,13,2024-09-27 05:44:00
6a43574c-9e8a-4f63-bed5-d7c5993e848e,12,155,20240805,1875.11,25,2024-08-05 01:41:00
cef77de6-8e7b-4c08-a085-b0e88eaeda03,34,825,20240622,918.44,31,2024-06-22 18:17:00
0fa0e636-dbde-40e9-a677-e5c8912688fa,48,8,20240812,1943.44,23,2024-08-12 12:52:00
c828ea1e-a7da-4ddd-8e01-d2d14e722303,45,914,20240910,1165.31,27,2024-09-10 03:44:00
ce52832c-e4e5-498e-ad84-46bdc0e7badf,7,358,20240805,1081.9,16,2024-08-05 06:33:00
d3d0d11b-6070-4098-a1be-6dca47d5842d,15,588,20240630,1486.34,40,2024-06-30 11:18:00
a4a3f714-29dd-4566-95f3-3a3ba389a229,31,199,20241124,1057.41,20,2024-11-24 23:11:00
58ab275a-73c6-47b7-b4ca-33737b89f622,25,253,20240828,665.24,45,2024-08-28 22:06:00
04ba0189-5c2f-41d7-9d65-419778972699,40,516,20241017,466.51,40,2024-10-17 11:23:00
5fb35221-0d6d-4b1b-9975-11a243f47aae,3,654,20240605,700.23,49,2024-06-05 23:42:00
71dbd51a-bbd4-4155-9871-508594beade4,22,98,20240719,139.71,39,2024-07-19 23:32:00
d988c945-97b2-4e22-8ebb-e691a06e2477,1,32,20240831,362.55,49,2024-08-31 03:52:00
48e5542a-3c01-432e-b341-7b25ab6536b2,4,69,20240619,1617.12,28,2024-06-19 15:58:00
b44f973a-5789-45fb-8cbd-c9bd45d8afa0,45,898,20241108,128.45,45,2024-11-08 10:57:00
abb816ab-2a5e-4519-9d8b-53359b109f2c,42,51,20240808,727.4,2,2024-08-08 04:43:00
5ec3c1de-a6d4-429e-adfe-4bff7883768a,37,537,20240707,694.31,31,2024-07-07 23:27:00
f1866b25-f7d8-4d0a-a99e-4066443c3cd7,36,727,20241126,1138.16,30,2024-11-26 14:20:00
876e7f6e-832e-4ad7-af48-160350864463,42,885,20240620,901.62,15,2024-06-20 18:53:00
3b710e13-846e-4d2f-a87f-4492bae003f3,3,480,20241013,1237.45,8,2024-10-13 12:53:00
2b671419-b261-4bfa-99f7-e74bebd46d74,48,113,20240708,1813.83,50,2024-07-08 01:07:00
ba97f931-20b2-430b-b4d2-9b4dec5601f9,15,653,20240709,712.76,25,2024-07-09 20:04:00
498d0ee9-4ecd-4ded-8380-80fe04855530,31,187,20240916,1518.71,14,2024-09-16 12:04:00
2010aba3-b3ec-48a4-ae05-f4aba362c7cd,7,965,20241019,1585.65,22,2024-10-19 10:00:00
5776f812-5221-4d1f-ab1c-c42b42116ecc,47,551,20240729,105.94,38,2024-07-29 08:03:00
509212da-58d6-4c32-a4fa-bc4539f49342,33,846,20240812,1870.51,8,2024-08-12 09:36:00
e4355839-5eec-4917-80f9-c09a21e7619e,37,172,20241123,1227.71,42,2024-11-23 10:21:00
894967ac-0cb6-474b-84e0-ac898f4cc031,20,571,20240805,243.0,7,2024-08-05 15:40:00
5ae5788e-e312-4c2a-b028-184ed31544c9,8,940,20241116,1555.53,34,2024-11-16 17:08:00
cbbef77d-fa54-4a5a-9103-114a5759f863,27,730,20241015,82.72,40,2024-10-15 09:06:00
82d1981f-c1b3-4291-b9b9-96397a9ae748,32,504,20240904,199.63,31,2024-09-04 05:02:00
009cafd1-b627-4336-bde7-ffbb9f043f7d,19,269,20240819,141.2,21,2024-08-19 17:47:00
a1ca2861-8cc2-42a5-a78a-365fa28251ea,50,943,20240628,509.0,21,2024-06-28 05:34:00
4ba31007-868c-4923-8b6f-afa35a9a0a7b,23,927,20241122,361.65,10,2024-11-22 17:52:00
28fc0d5b-7e38-4298-b7a9-8b772e70263e,24,199,20241120,1963.54,20,2024-11-20 18:05:00
04436f10-0527-4f45-8564-ad4c597665ba,13,944,20241107,1345.16,24,2024-11-07 07:18:00
c1cc28da-b7ec-434b-be10-c822896d0474,23,171,20240919,1333.96,6,2024-09-19 01:51:00
53748a93-35e3-4445-82d2-0813a23074fd,15,44,20240818,942.73,25,2024-08-18 11:44:00
e9727582-8bc5-4377-8dc1-76f56976eda7,46,143,20241126,1969.76,36,2024-11-26 06:26:00
8c9dd842-dcbb-4a30-bd27-d8a013a2294f,8,930,20240622,1749.01,40,2024-06-22 04:57:00
83c9bc68-6411-4bf4-895d-220cde12a190,29,175,20240724,629.01,12,2024-07-24 13:31:00
ff59bf1e-d0c0-4511-843e-8f1dbbaefb10,2,238,20241118,1603.6,10,2024-11-18 01:47:00
0cf5fb38-9362-42f1-809b-7a01b4a70f82,11,151,20241121,187.75,12,2024-11-21 23:30:00
e3586db6-3dd6-4ca0-b94d-e57c41242625,44,153,20241017,1025.04,38,2024-10-17 12:41:00
612b6b9b-aace-40a1-ab96-15ce4c8c08eb,38,657,20240714,1084.0,46,2024-07-14 00:45:00
c118ec2a-a49a-4d41-ac70-238e20bc765a,32,889,20240723,974.69,12,2024-07-23 05:59:00
aad46e49-ddce-47fe-a04c-3e5f1dae0f62,34,338,20240617,68.9,25,2024-06-17 08:31:00
4233cbf2-9481-47a8-b229-b97009f1bbd5,13,534,20240806,1629.63,41,2024-08-06 10:44:00
f1f0ad28-50eb-4342-ac66-40c5bf93dec4,28,198,20240629,1896.57,8,2024-06-29 20:06:00
1cb7fe11-88b7-4fda-bdfb-3357318ba240,18,100,20240826,538.91,24,2024-08-26 14:22:00
ea74c1fd-a6b8-4112-971a-9e2bf40771a9,30,691,20241116,1696.2,8,2024-11-16 02:41:00
f0a0b3e6-7fc8-4d53-8f51-23111b29374f,50,659,20241106,1491.83,36,2024-11-06 14:41:00
b76fb6b9-043c-440c-81ec-9010bc633424,26,596,20240706,1007.28,1,2024-07-06 12:51:00
fa8fb667-2274-42f9-87f4-7d04a6a1622a,21,645,20241012,1276.88,45,2024-10-12 11:55:00
72e3e769-c642-4bcc-be0b-588e39fba445,28,113,20240718,1708.13,25,2024-07-18 00:11:00
4515bd20-c961-40c9-8a1a-93f762385f2e,3,251,20241002,652.33,6,2024-10-02 02:04:00
53ab1a3e-890e-4c2d-af82-e551aa295c5b,4,858,20241018,1369.63,5,2024-10-18 22:12:00
4401560c-03de-417b-9c3b-f5e7b644c41f,14,971,20241020,298.22,8,2024-10-20 05:14:00
f9c0bdf6-04ff-4d2a-943a-35cf810bafa4,31,786,20240625,1771.4,14,2024-06-25 03:06:00
e08ec9b4-7e5b-4a3f-9ea7-809f68e978a0,37,632,20241125,174.46,37,2024-11-25 06:21:00
4e2eca49-f30c-4e1e-be6d-3a1e625b4f92,46,676,20241008,1745.37,7,2024-10-08 13:11:00
a9ccf4e4-404a-420d-9756-dfe9deb03846,23,769,20241118,1490.18,49,2024-11-18 09:07:00
c5476917-5811-4d27-8b24-3f91b5d76c3b,44,303,20240716,427.9,35,2024-07-16 10:27:00
4e839b9a-749d-49a0-b233-5b84504b6c3b,25,667,20240602,291.73,10,2024-06-02 03:12:00
4b40b514-8e4f-4b00-9e65-6e2dbd47d04b,50,541,20240705,550.17,24,2024-07-05 18:44:00
235d337c-2f4b-489e-98cb-6f729b4f1b36,7,498,20240901,1279.62,45,2024-09-01 22:40:00
dd8fe8de-9e07-4eac-8ea4-a1ad5d9f5e47,40,317,20241005,993.42,39,2024-10-05 15:30:00
3eb10b17-925d-4437-a2ba-16d4b006a835,11,893,20240611,1033.6,13,2024-06-11 18:17:00
8034e49b-ced9-4dfd-8693-ffa4c0ed2799,30,949,20240807,39984.31,45,2024-08-07 12:24:00
981bf64b-7b80-4e06-af50-045dec6dc0d4,29,252,20240907,1686.8,50,2024-09-07 10:16:00
2d80b4e0-e496-474d-950f-9578d6b6708c,15,558,20240715,944.87,43,2024-07-15 18:44:00
57f83e98-a2ba-4353-b145-01efeedfe3c0,30,940,20240907,313.04,46,2024-09-07 12:10:00
64a0182e-b893-47b0-9472-4f7cf92b0d6a,15,192,20241008,422.19,10,2024-10-08 20:30:00
2ec8c333-9931-49e0-873b-bf102ac28a9a,42,449,20241004,664.6,33,2024-10-04 00:16:00
885a398e-e7b9-430e-b720-3a626ab86157,27,714,20240815,1086.08,36,2024-08-15 08:44:00
d8b0ea42-34e8-471d-a57f-1a2d937f406c,25,368,20241127,83.4,14,2024-11-27 14:54:00
378ab6b5-181f-4272-9102-78daed556ba8,13,130,20240922,368.32,6,2024-09-22 05:38:00
1881e325-f1b7-4f9b-81e6-75aaba8a18c4,4,389,20240901,1502.92,9,2024-09-01 16:25:00
090ca60d-23c3-42b5-836c-cfb0b142da3a,33,145,20240930,697.54,2,2024-09-30 16:01:00
38a85854-02e7-4877-b363-f367c0a4f987,4,872,20240617,1283.42,40,2024-06-17 04:31:00
a6c895cd-2e19-4735-b393-3014cdc7e239,41,253,20240927,1098.03,38,2024-09-27 12:32:00
8b8de82f-449e-403c-ac76-e15414c12ff0,36,711,20240920,1935.61,16,2024-09-20 00:42:00
73f31beb-8945-47af-a311-9d06a14afc11,12,63,20241004,1075.87,24,2024-10-04 14:54:00
7170f88c-db28-4b4d-b5f7-60a1766e192d,16,866,20240610,647.32,10,2024-06-10 03:42:00
838778a5-2fb7-48dd-8d2f-bb7fecb4520d,48,854,20240826,1371.32,4,2024-08-26 16:44:00
75292d37-6bd7-4e44-a911-0872e4a42ce9,33,961,20240912,1942.03,6,2024-09-12 07:29:00
d32d764d-2113-4e6b-9ec9-ac97d43f4d76,43,26,20240925,1931.3,11,2024-09-25 07:53:00
af1cebb7-c8aa-4b9a-bc32-b39e91cbd972,5,915,20240809,1060.15,32,2024-08-09 22:11:00
f188b824-b62c-44ee-aac5-ebb84172fcff,30,731,20241118,221.42,6,2024-11-18 12:16:00
2c23796e-2fbe-4ba2-8e9a-0e4930220edd,14,7,20240614,1307.0,4,2024-06-14 06:42:00
f1fa68bc-cfb2-4a9d-9344-fb9d9ffa7713,48,607,20240916,847.96,37,2024-09-16 13:26:00
ce75526d-885a-4818-b143-55100416324f,46,223,20240902,1766.31,42,2024-09-02 01:54:00
2baef466-2961-440b-880d-7b3dc16fb93c,1,737,20240808,1907.04,28,2024-08-08 08:20:00
3b6346fc-93cd-447e-bd59-f2c79eea2c02,35,124,20240902,1032.92,9,2024-09-02 21:57:00
3e61fa0e-768c-4d08-a370-afc1644eca7f,46,781,20241109,1624.02,7,2024-11-09 00:56:00
a0abc491-76ea-4887-83e6-4ded94bcc8d7,3,548,20241023,1162.39,24,2024-10-23 04:29:00
4bd96e53-2f6b-4b2a-845c-8a72ae9f5cc8,40,702,20241028,582.46,34,2024-10-28 14:59:00
1a06a3a6-810f-4d23-ae78-10180b95b3b3,28,869,20240929,1434.98,11,2024-09-29 12:19:00
ba56b047-59ec-4c31-8ae4-9444978d009a,31,126,20240624,151.42,14,2024-06-24 07:31:00
f8f2aead-bc2d-480f-91e4-30015778ce05,31,264,20240911,949.36,17,2024-09-11 22:28:00
23882b33-26b6-49d9-9168-03a02fe0d099,40,505,20241120,1911.95,7,2024-11-20 19:26:00
4fa655af-87a5-4016-81ef-9ab69d743b98,16,456,20240924,1220.41,8,2024-09-24 09:30:00
3cea8b02-91b1-4397-a7dd-961df5b4d320,41,476,20241113,784.16,30,2024-11-13 06:47:00
b3df4f22-fc8e-4329-9dd6-1071f5d9d4b8,2,244,20240716,509.6,32,2024-07-16 08:02:00
5db46d28-cdbd-4ecf-8952-494e689afe12,25,605,20240612,1693.51,5,2024-06-12 21:49:00
3ee43be3-f0d1-4e86-ab15-682e4325ed3c,48,577,20240831,1117.08,10,2024-08-31 00:44:00
c41c0ebd-cd91-435e-bbe3-9a73ca12c627,18,75,20240927,392.87,19,2024-09-27 23:20:00
822f5ce5-a0df-47c4-9768-bd03a85778d2,28,283,20241104,1868.58,26,2024-11-04 03:18:00
d2e853b3-2f91-45c8-8bcb-5a47561740b7,5,753,20241112,649.29,4,2024-11-12 14:50:00
933e1fe7-1f21-455f-8373-f1fb8b44d106,28,314,20241120,1041.29,49,2024-11-20 23:40:00
3b94f04e-dd22-46c7-9492-76abf0dace56,38,126,20240611,833.61,12,2024-06-11 05:41:00
3f0ddca2-68b0-42bb-96cd-3cc71776aea7,20,141,20240817,1170.46,4,2024-08-17 04:40:00
12b72a7c-1a01-4332-b4f9-b0468da4e9ba,36,663,20240807,501.75,15,2024-08-07 11:43:00
a382e9c9-29dc-438c-a2f8-d27c65ab2363,22,947,20240628,1288.91,45,2024-06-28 23:50:00
e3937ffc-3c13-420e-bff6-c9eef0a58014,28,552,20240624,274.88,43,2024-06-24 10:09:00
ae5d8314-0c67-404a-b077-bfcd843a16a8,42,215,20240903,689.35,22,2024-09-03 02:23:00
743eb6ae-4b8f-4546-aba3-b97ab70013b8,39,78,20241106,180.2,31,2024-11-06 01:06:00
1ea692da-0fba-47e9-a547-9cecaaba1238,41,936,20241017,1480.1,27,2024-10-17 13:22:00
64c35843-8cea-43be-8480-00fbaf5831ae,47,864,20240921,1701.0,8,2024-09-21 23:58:00
383d8cb4-05a3-4b74-a727-ed5b3223ef97,38,280,20240927,1598.69,21,2024-09-27 22:11:00
71979b05-a65d-43be-9e42-4bcded122e6f,18,373,20241128,219.62,4,2024-11-28 00:52:00
0e05e14b-9537-4105-bc81-c7ab341c18bb,39,30,20240903,122.47,25,2024-09-03 22:18:00
4fb0375b-d208-4447-a5c6-4030256be6e9,18,516,20240815,422.23,13,2024-08-15 17:10:00
5d8d1a1f-cf4a-424c-8d66-c8e675067bee,48,256,20240723,77.7,33,2024-07-23 06:53:00
304ec671-dc21-46ff-878e-1b24048b8b8a,37,746,20241127,1313.13,16,2024-11-27 22:24:00
c27b49a1-68da-4d57-9f8d-69eaf74484b7,31,701,20240811,1124.98,3,2024-08-11 03:04:00
a64152d0-1b2f-4e54-a7ad-5b4110da4e56,15,169,20240618,1852.13,1,2024-06-18 11:51:00
d76c5107-ef8a-490d-9c22-85ba29735327,9,178,20240806,1429.53,35,2024-08-06 16:20:00
1d4c3d83-4f63-44be-be91-6e14ee541801,31,333,20241119,51539.45,1,2024-11-19 19:00:00
1636942c-8c9f-4657-9374-4e5971608a00,2,456,20240819,1786.07,36,2024-08-19 18:14:00
1b0df781-2e5d-4774-93a5-75758882934e,33,432,20240730,533.71,32,2024-07-30 16:51:00
c55402d5-c37a-4fbb-a318-121153795fb5,12,78,20241028,641.91,34,2024-10-28 08:23:00
52d042dd-434d-4ba0-892f-fbb63be0f817,42,856,20240704,816.76,41,2024-07-04 04:58:00
682c91b4-66b4-4ba2-934d-15bcf8aabffb,27,558,20240802,98.03,31,2024-08-02 15:39:00
c73b42ab-2367-4eab-8922-d6552d701775,41,385,20240830,1749.56,2,2024-08-30 22:42:00
31921c50-fede-4545-bd06-08146f8ea007,47,329,20240713,918.1,37,2024-07-13 18:54:00
dfd0a417-af69-4255-9cab-afd2547d4cf5,45,673,20240617,1543.43,37,2024-06-17 06:59:00
cf19f95b-eaa2-4e38-b3d1-28a5266de89b,7,613,20240717,758.1,29,2024-07-17 22:06:00
c6e081d0-d0bf-4675-9648-a994de9542ab,7,661,20240925,851.72,3,2024-09-25 18:09:00
e5ef210d-d07f-48df-91f4-aae697ae467a,49,863,20240801,1375.23,1,2024-08-01 15:30:00
399a448a-dc4a-475d-b5e3-04048757b40b,41,458,20240909,1118.24,4,2024-09-09 14:07:00
2cb09540-ee8f-406d-beec-69d1631a1d9d,50,689,20240612,1599.4,10,2024-06-12 01:05:00
517cd496-9eb1-4c5e-b423-85661ce76105,42,119,20240621,326.46,42,2024-06-21 03:06:00
22472a6e-2bb3-4080-a3f7-366d7f7fc969,30,684,20241117,500.86,23,2024-11-17 02:55:00
83bffc93-a92d-4d4e-acb2-a11719f7a61a,34,187,20240701,226.83,44,2024-07-01 02:37:00
01fd4ae7-8ba7-4208-8dfa-1b7f7a885a27,36,395,20241119,1251.71,22,2024-11-19 19:12:00
7a7e7cb7-6843-4922-bcc1-3099b8a79859,1,200,20241008,518.3,9,2024-10-08 09:47:00
fedc801e-bea9-4137-bd7f-29a40ee5608e,40,732,20240806,986.53,30,2024-08-06 21:20:00
9faabf06-4665-417f-b566-d77ccde7d1bd,40,876,20240913,165.13,28,2024-09-13 13:58:00
dc73ac89-76bb-4cd5-8e87-2e1375955d0d,34,350,20240918,1758.77,30,2024-09-18 17:36:00
2661d2af-9a70-4630-8048-0253dd8ad20d,48,810,20241124,82.06,43,2024-11-24 13:39:00
95263a48-8283-4766-b452-649130590b44,44,280,20240712,1462.96,37,2024-07-12 01:40:00
fa889339-eb51-4dbd-b38e-98b4ca00d753,41,166,20241102,1876.74,18,2024-11-02 08:26:00
a89710c8-591a-4993-8598-ebbe93340ce7,11,372,20241011,1622.7,14,2024-10-11 18:53:00
96bdeb1c-7a82-493e-993d-65949595a1f9,9,335,20241102,606.5,31,2024-11-02 11:36:00
7c65e9e1-c2fa-4a49-bce3-12ec9c3553ac,6,721,20240726,1599.99,50,2024-07-26 04:42:00
dae5b131-e478-4c98-9bbc-de82d7f178ee,4,305,20240926,347.09,26,2024-09-26 16:11:00
98096455-ba82-432c-b171-7322be506f7d,2,733,20240810,1154.65,19,2024-08-10 11:16:00
7380ccb7-05ee-453c-a0be-6b98c705bae3,32,755,20241018,1242.45,6,2024-10-18 20:31:00
1ef4c9af-10db-44ee-8fd2-b8c0ff74c9f4,9,533,20240824,889.99,36,2024-08-24 14:33:00
c5370693-1e28-4c1a-b470-62f37c378f94,23,908,20240627,152.78,4,2024-06-27 18:53:00
78d7d543-11ba-49c5-8778-f28c458e6c96,40,675,20240620,300.4,37,2024-06-20 16:26:00
63675995-c43e-483d-a3a6-97395df1b4f3,9,239,20240602,1412.89,49,2024-06-02 01:55:00
35e97960-5907-439e-a120-de78336d8283,8,441,20241127,794.75,38,2024-11-27 11:34:00
9d74c061-61db-42dc-8266-f5314525a4f7,1,620,20240728,1948.76,38,2024-07-28 10:59:00
44bbe10b-522f-4d56-881a-d5a3f55b8eca,47,954,20241012,135.73,28,2024-10-12 00:15:00
6a42f5c6-4414-4195-91d4-e0c92090e9a8,12,920,20240914,500.6,13,2024-09-14 14:29:00
2612c1ea-98ca-4e9f-8c7a-924ee0327e67,16,661,20240706,712.13,14,2024-07-06 02:36:00
88baf78b-7f15-4fd2-8da8-8545842a84e5,25,603,20240815,603.73,24,2024-08-15 22:34:00
d2fc3b4b-1f02-49cc-9b40-75e763f633be,42,850,20240618,464.66,12,2024-06-18 04:58:00
78e776da-a619-41d7-b08c-0e2193b76519,32,914,20241110,420.92,8,2024-11-10 13:46:00
79a1b0d9-31cf-41c1-bcb0-9d08b0462b4a,31,301,20241006,1068.5,17,2024-10-06 19:26:00
eb922a2f-0f13-47a4-a9a9-86ad57038b98,31,402,20240619,1331.97,45,2024-06-19 04:31:00
39d6c098-c327-4696-ac63-736eaf220aa8,17,390,20241013,497.6,17,2024-10-13 08:40:00
15959cf4-3da9-41a6-b853-a907a8fdab9f,47,424,20240903,1019.74,6,2024-09-03 13:05:00
9d8f14a7-f944-438a-b75c-4f087aa1b7dc,31,912,20240609,699.66,28,2024-06-09 01:50:00
7a31698d-f07f-42b4-9c4a-8e26f873bb0c,44,463,20240830,86.32,40,2024-08-30 17:44:00
9207c5f9-784b-4f9a-af96-80c4a59ccdd2,37,130,20241108,1458.99,7,2024-11-08 18:39:00
30b12be6-35a1-49d3-a9f3-1ca1617cbcfb,48,297,20240622,927.24,36,2024-06-22 02:31:00
4d89858c-8c8b-4f43-aa87-97ad1db6e105,26,812,20240902,1472.22,34,2024-09-02 07:40:00
698f36ec-16f7-486d-a2f4-fc94d48be291,34,802,20240803,1057.3,2,2024-08-03 11:34:00
829483b3-75fa-48cb-b7d0-e695fea28236,40,799,20240831,1137.79,9,2024-08-31 21:30:00
8ca24781-addc-4492-beac-4fdff32748c6,24,101,20241111,356.5,12,2024-11-11 01:02:00
3d9ffef5-e56d-4c83-8b8e-aa353066623b,32,96,20240930,1828.85,49,2024-09-30 20:10:00
7007178a-2611-48cb-a1d6-aa45a961e56e,8,976,20241103,390.4,26,2024-11-03 06:47:00
f0a0a1fb-9849-495f-98b9-da67e946b88a,14,256,20240615,1039.3,42,2024-06-15 11:28:00
dc731d08-47ed-4fa0-b398-3d15cfcbf3b0,10,485,20240929,103.96,24,2024-09-29 14:15:00
ef3d19be-7387-4fe0-bb3f-186d13446e0c,33,416,20240904,812.42,50,2024-09-04 02:31:00
74ee46e7-0354-48ea-acff-9a99cc8098a6,39,968,20241023,436.78,10,2024-10-23 18:08:00
3d1193a0-3efb-4ba4-a490-f14857f9f418,5,605,20240821,1254.52,13,2024-08-21 18:23:00
dac441c5-5938-417b-bb3b-cbd74fc860f6,47,239,20240601,448.54,44,2024-06-01 12:07:00
5ee3506d-46c8-43a5-b6bc-094fd7997460,5,295,20240904,1049.66,31,2024-09-04 21:30:00
efa53aa3-6ca0-4c20-9696-ed2a014c59a7,9,237,20240915,1686.42,26,2024-09-15 07:37:00
006bb5d1-5ceb-48a0-b3a5-d0abe3345285,34,98,20241114,456.13,12,2024-11-14 18:01:00
f3575031-12fa-4231-85e9-c8414be7d934,49,913,20241011,1355.55,23,2024-10-11 02:10:00
684263f5-b347-4b9e-aaf0-298ea066e776,8,795,20240816,1888.69,11,2024-08-16 00:35:00
523e9094-87b4-4bf6-b466-d6453ba4d8b9,21,587,20240906,1802.88,18,2024-09-06 16:25:00
d63fcd67-60a0-4781-8066-87f0317c7cab,19,742,20240618,1612.0,30,2024-06-18 21:18:00
9ff8ff1d-ef4f-4909-8343-7a6111696782,2,206,20241112,804.05,36,2024-11-12 06:14:00
7679523d-8dc4-48a5-83ab-3473b0d2d969,35,497,20240831,1304.18,5,2024-08-31 12:05:00
664c65ce-b23b-4a8f-8107-36f2bdebcb07,21,318,20240806,620.34,16,2024-08-06 00:54:00
62bdf7ef-ff13-485a-9046-ecb622481306,29,664,20240706,1633.91,11,2024-07-06 03:48:00
457c343e-ec11-42fb-9b70-3459aa4f8970,32,633,20241028,1635.21,14,2024-10-28 01:32:00
89079b60-3570-44ed-a316-61afcdc5d004,5,382,20240813,1494.12,10,2024-08-13 10:56:00
a71859d8-4d9f-4c25-b0cc-85f644ef589e,9,673,20241107,1839.64,3,2024-11-07 03:06:00
781709e4-e51a-49d6-935b-ec6295381f02,28,705,20240627,501.04,47,2024-06-27 11:34:00
c0b7cbc4-a34a-4e5e-a689-2a59a310f4d7,19,46,20241019,1196.17,48,2024-10-19 07:19:00
149055eb-d404-4139-815a-0b071921358d,33,920,20241022,908.16,4,2024-10-22 16:39:00
8bc12eff-101d-4f5c-95b0-42ca66e8ab8b,28,920,20241006,343.62,4,2024-10-06 13:56:00
d810de03-47d5-4ba9-855f-c7529b3d1d26,6,409,20240824,508.01,24,2024-08-24 03:40:00
b4501d3b-f1af-4c10-a676-59ac93715c12,28,855,20240614,754.51,6,2024-06-14 03:07:00
d4780485-b639-4f3b-8a27-8647473c46eb,47,182,20241009,1766.72,9,2024-10-09 03:34:00
18fdaf7f-a030-430b-9a50-73a3ca25651d,17,977,20240708,1463.44,30,2024-07-08 06:02:00
dc2005e7-f0f0-4c35-a6a8-afecfe03206d,16,284,20240728,1123.65,27,2024-07-28 10:41:00
daf77663-36e3-4853-9f84-ca1a027c3d39,6,181,20240605,1028.6,35,2024-06-05 15:45:00
507b6db0-daa7-4567-8f9f-687967c2a469,48,785,20241029,566.0,47,2024-10-29 05:39:00
51210589-f2e6-4b1c-80fc-56c07e189297,8,163,20241030,1344.28,40,2024-10-30 10:10:00
267ff807-dc3b-4cd4-9459-62b43bccf157,8,680,20240908,1249.72,47,2024-09-08 12:56:00
d73851e0-b213-4b81-bc7c-be1072941179,14,553,20240926,1249.89,9,2024-09-26 05:09:00
494d3c13-0b6d-44e4-9c15-1465c3c5f869,13,482,20240728,1722.91,46,2024-07-28 09:18:00
4b6d47a2-84c5-4514-bebc-60a49558281c,22,904,20240707,1439.71,33,2024-07-07 19:42:00
8cee0e80-3646-4e42-b2e2-11580da361c8,43,289,20240813,1336.57,8,2024-08-13 17:01:00
9222e110-e8ae-40bb-b76a-d4edf39685c5,6,71,20241021,1843.56,4,2024-10-21 03:51:00
26b677f1-7488-40ec-8c18-21228dc79f93,41,44,20240828,1050.09,6,2024-08-28 19:22:00
8038bdb1-d748-4050-ae10-5a5ff0f8f846,36,716,20241111,813.27,41,2024-11-11 14:14:00
14a6498a-901b-4855-b1df-93508503984b,17,75,20240622,271.42,17,2024-06-22 21:44:00
82824a16-3dee-4127-8836-daf293eaa4e7,40,645,20240814,57.18,3,2024-08-14 00:46:00
e2ced6c2-4425-490e-8312-c2a63acf1eef,34,31,20241003,1007.19,38,2024-10-03 07:59:00
f7674658-e557-4df8-b937-b329ccaf1fc1,17,304,20241001,410.61,25,2024-10-01 08:34:00
d0379a76-76f2-451a-a9f0-eb5c5f242897,19,998,20241123,1344.95,6,2024-11-23 23:26:00
cf861958-bc40-44bf-8f13-6387e9fb64f2,6,931,20241028,748.22,49,2024-10-28 00:54:00
1a0d624a-3b2f-49fd-a097-f5dfc88f278c,32,176,20240616,1835.88,21,2024-06-16 19:57:00
442b0b2e-4667-456b-85bc-ef792f5ec96d,9,450,20240726,1729.4,29,2024-07-26 02:28:00
22d5904c-b80b-45f0-aa62-f6fb083c661b,45,223,20241026,192.54,46,2024-10-26 02:45:00
963fe616-7b24-4b84-a1b6-e1fe1fc52a39,46,854,20240828,447.44,14,2024-08-28 02:11:00
90797dff-6f4f-47ef-ad36-52b28dc54526,47,259,20240928,888.83,21,2024-09-28 20:20:00
17ec38d1-e289-4155-b9bd-fb22b741f017,24,517,20241028,1892.1,9,2024-10-28 03:47:00
7a3d6d2c-9b4c-4c0e-8204-8bf9c8489e92,45,416,20240901,80.2,27,2024-09-01 04:31:00
0f4f64f7-aa25-4c10-9d61-ea58cc6c2ba3,26,595,20241005,1602.04,37,2024-10-05 03:49:00
6693d31a-17dd-476f-b367-1b01f23cd608,39,550,20241109,1050.31,23,2024-11-09 23:47:00
cc554ef6-7867-4bd9-892d-6bce7efc55c6,39,777,20240917,369.67,49,2024-09-17 22:24:00
e8271ca4-55ea-4019-a2ae-77d211bde376,28,900,20240622,839.37,48,2024-06-22 02:18:00
c0bcea7c-a883-4fe6-83d6-1b33a02f00a7,21,421,20241022,165.05,42,2024-10-22 10:20:00
9a2a6ca3-5273-46d8-8b6f-6b6477787ec5,8,436,20241024,1902.5,5,2024-10-24 12:47:00
93dca5c8-98ae-481e-b037-d9ba9f5a01ba,49,31,20240810,1521.42,43,2024-08-10 01:37:00
01dd46a1-ff0b-4dbf-8a26-55a4117c5fc2,19,344,20240917,1169.91,21,2024-09-17 18:46:00
c8c51e1f-d1a7-4780-993f-847853e22051,36,184,20240602,1868.36,50,2024-06-02 09:18:00
c8f32b9e-f325-4257-a777-917ab586931f,49,48,20241027,1260.99,17,2024-10-27 15:22:00
1aeb95e7-498e-402e-a88a-a30268103404,45,135,20240618,1029.67,3,2024-06-18 23:44:00
0a96b2d0-541b-4c07-9b35-391f87778b96,38,630,20240611,1892.69,13,2024-06-11 15:26:00
42beb00c-9493-40a3-a5a3-f0f7e687739e,7,759,20240902,1524.76,5,2024-09-02 21:50:00
98ad244e-e79f-4618-a5b8-46ac4994488c,39,501,20240711,55.09,17,2024-07-11 14:00:00
a42c2739-0d47-48e4-8724-52fd8ac88297,18,436,20240809,1592.86,32,2024-08-09 08:19:00
6c0d0847-37a3-47f5-89fe-bb9c64f913a3,21,610,20240705,570.36,28,2024-07-05 00:56:00
778300ff-7405-4166-acb8-83a5bdf9b2fd,41,714,20240821,66.05,50,2024-08-21 11:21:00
6602b66d-bece-4333-bfde-8d7dac579cf5,32,742,20240605,1348.54,32,2024-06-05 03:38:00
90128eda-8cba-4eb2-b45b-7b8ff1f68cdd,5,876,20240930,151.96,12,2024-09-30 19:48:00
7fd65860-1b4d-470b-a789-acdf6c11e83b,22,536,20241016,1432.27,1,2024-10-16 08:19:00
faa8ca4b-ec65-4459-a48b-0383e344db07,46,696,20240706,100.81,19,2024-07-06 13:03:00
a255e187-3fee-4278-ae2f-1cf4e06d1176,39,243,20241107,1389.57,34,2024-11-07 11:20:00
a56b5253-be42-4ffd-af4e-800f43448fac,36,214,20240704,1136.21,45,2024-07-04 01:12:00
dc36a295-59db-491e-8a95-a140f526ab5a,48,253,20240822,620.07,22,2024-08-22 15:37:00
c5f15538-e533-46c6-b034-5f757e9eb5b8,38,228,20240614,1322.6,49,2024-06-14 11:50:00
11970647-b7cb-4924-926b-ad530e220c2e,21,960,20240910,1564.09,5,2024-09-10 09:16:00
58db7fc4-c620-4abf-bc6e-13cde5e695ab,17,449,20240604,1610.97,47,2024-06-04 09:30:00
5b5700f7-2efd-47e9-b56b-3c63d75a01ca,50,808,20241111,1012.91,1,2024-11-11 12:53:00
2c1db868-da2a-4a8c-86d8-fe4406e79ef7,1,970,20240704,122.45,26,2024-07-04 14:01:00
17c5ad00-2e74-4e84-8962-66db84e1fa73,19,525,20240915,917.78,10,2024-09-15 11:11:00
d6d8ba87-cf43-4a8f-845b-19027b914685,2,235,20240907,618.45,16,2024-09-07 23:11:00
0aa9042a-e32a-4cb8-b0d0-9bfb1d01c377,40,82,20241020,258.76,14,2024-10-20 08:57:00
ca62851e-ebce-4cc6-a9a2-b8844b69f8ed,28,832,20240609,329.62,3,2024-06-09 06:27:00
ad1b39b6-ea7f-45a9-a28e-f2497f986106,29,170,20240903,386.12,29,2024-09-03 01:12:00
795516ba-f6a2-4181-905e-aaf6b5e2a330,32,113,20240718,794.04,5,2024-07-18 06:40:00
463ae426-e45d-492f-a4de-bdc20ab02ce7,28,813,20240620,1148.89,26,2024-06-20 00:50:00
d1b03c12-bd7f-4cbf-a1a2-aa913f3c5833,26,50,20240930,421.96,32,2024-09-30 09:58:00
51b40207-b0f6-4e2a-acc1-dfa212e6c322,1,283,20240703,803.76,1,2024-07-03 12:47:00
ac951860-3ae9-4f20-9181-28c9ff110bb5,10,495,20240717,47036.37,19,2024-07-17 04:22:00
ec6f86ce-ecb9-4e26-8d65-87717a6c2ea7,46,705,20240625,1835.78,15,2024-06-25 23:23:00
cf99ffa2-9e40-41ed-bdd4-540a93701e7f,27,237,20241016,1671.13,12,2024-10-16 18:55:00
b33d223a-c9aa-4615-a7e1-cfc1da6cbaa2,31,831,20240626,731.22,37,2024-06-26 10:45:00
53338079-70ce-43e4-a764-61ba8848d1c2,5,316,20240810,389.88,13,2024-08-10 15:39:00
bb550325-ff44-4831-a242-fb4295c924fa,34,716,20241107,737.91,34,2024-11-07 16:41:00
b49af2d1-1044-4a06-ae5e-fff107ff580a,42,476,20240824,285.9,23,2024-08-24 01:49:00
de782c32-dce4-4903-9dbf-a1321e9430c6,31,733,20240914,1705.18,20,2024-09-14 11:20:00
c45b819e-8e7b-48ff-b1d4-a863ee71491f,20,443,20240812,1359.44,27,2024-08-12 12:46:00
af62109d-b541-4985-82fe-2a41c52205b2,2,824,20241108,503.95,15,2024-11-08 14:49:00
5d9cf9cf-5282-4b5e-a31a-c868ccefd510,7,804,20240724,243.36,2,2024-07-24 06:15:00
493da57d-56ca-4406-8f8c-d17830d8964f,20,164,20241115,1095.77,33,2024-11-15 01:23:00
2342d3ab-6a1b-4119-8a6d-d540e8088f99,2,513,20240629,612.04,33,2024-06-29 17:57:00
790b90ae-76b3-4923-83df-12e2ea1c275a,39,708,20240923,1721.79,17,2024-09-23 11:50:00
b1bc216f-36db-4d50-a3a8-79c04c07346e,15,233,20240604,759.16,19,2024-06-04 17:51:00
9d3b3c52-1c40-4b9c-9969-531f8f5b62d7,38,495,20241015,1601.3,13,2024-10-15 20:14:00
3c956202-78bd-4af3-9554-fddd16679ed5,27,815,20241007,146.92,1,2024-10-07 23:57:00
373d824d-7442-4d7f-97a4-ba3315adb7d4,5,204,20241121,440.37,35,2024-11-21 03:12:00
bfd73490-d17a-43f8-8b37-e820cdf4790c,42,828,20241003,1326.91,43,2024-10-03 20:07:00
edcb16cd-d211-4935-beea-9ea2c6943957,6,94,20240703,418.15,8,2024-07-03 05:57:00
10cb9210-edab-4d89-a387-5a298d2de307,43,592,20241124,1012.69,31,2024-11-24 22:31:00
c4f5a1a5-7961-4d83-ad91-57f48e29cde8,2,749,20240705,1667.79,35,2024-07-05 02:45:00
56cba897-8b0a-401b-94a5-e1db746bcc85,37,803,20241003,957.64,49,2024-10-03 20:12:00
c5ad1567-14e2-4a03-846a-2a0815535d8b,35,5,20241024,1842.52,34,2024-10-24 11:12:00
1228793e-ffd5-410a-97a1-8cf77da5b75c,50,283,20240909,706.2,47,2024-09-09 20:16:00
6fade69e-fe48-4e00-ad8b-a2eb4883c7af,35,920,20240819,342.32,47,2024-08-19 10:54:00
57c69988-73ba-41bf-ae02-af8a17fdd6a4,36,397,20240810,428.02,36,2024-08-10 11:17:00
ef3aa7de-3b6c-49a9-9d16-a2dd839d7d6d,7,892,20240825,539.74,30,2024-08-25 00:35:00
cbd17ab6-f2d5-4894-af3c-b1398bd39d77,23,440,20241109,428.47,45,2024-11-09 15:27:00
d8089140-43fc-434e-9e4e-25d16fc07954,5,800,20240822,1019.89,40,2024-08-22 23:23:00
72e31e09-2c60-4a19-a751-43957d4c1cf3,40,757,20240716,592.67,1,2024-07-16 15:15:00
bd52dc25-0397-4a22-b8b1-7a30d212275d,4,598,20240701,550.59,8,2024-07-01 02:24:00
c11e1b37-04f4-495f-9b91-d531a9bdcdbb,43,836,20241004,689.72,25,2024-10-04 23:37:00
9571d7f2-271f-4ce3-b4ad-a210f7e77d12,13,543,20241109,1972.6,41,2024-11-09 21:38:00
5ce58d1d-41b7-4b6f-8288-497252939dc6,45,870,20240810,1035.97,46,2024-08-10 16:20:00
6c813b33-7b21-4c1a-8f73-e76b2d9ae0bc,45,515,20240716,357.47,34,2024-07-16 18:09:00
25130dce-50e9-486b-8f0b-cd352525fb6c,3,212,20240621,1489.49,24,2024-06-21 15:37:00
02354bf6-a216-4136-a642-bde510019e8d,9,303,20241025,1376.81,47,2024-10-25 09:57:00
1274272e-7e45-4d54-b34e-81ccd394314e,35,229,20241023,1323.84,30,2024-10-23 00:58:00
f2f06e20-6708-46d0-8c55-a79fc5da9838,4,976,20240719,533.73,21,2024-07-19 01:43:00
efd05f57-cee0-440b-9852-b07d167af925,1,186,20241103,1186.78,44,2024-11-03 22:59:00
bdf62bec-f294-401f-a3f5-1261dc3a8597,22,970,20240715,66.22,30,2024-07-15 09:49:00
c3176ee9-f35b-4d66-a19b-9c32a3592e81,4,80,20241109,1269.92,40,2024-11-09 15:08:00
68ec9e0f-6a07-4ffe-9251-66dee15dbe44,50,164,20240904,349.39,32,2024-09-04 07:18:00
5c0e80fe-2681-4031-9940-5149f4867043,3,590,20241004,1669.39,4,2024-10-04 14:31:00
a21e84a1-c694-4e7b-9a08-32ec73defa84,10,296,20241112,1561.51,5,2024-11-12 10:23:00
22295e8e-488c-4483-b6ca-d7bbb91302d5,33,616,20240909,919.21,24,2024-09-09 12:25:00
6c189781-b8f1-49a8-9052-1f7b7d5325aa,26,452,20241126,933.84,18,2024-11-26 15:52:00
3a074c66-89d1-4ac2-bcf3-30e82d3e2d3b,31,862,20240808,325.81,42,2024-08-08 02:48:00
d970144f-4e39-49c9-ab21-ea9b8b7f177a,46,927,20241108,571.15,42,2024-11-08 15:30:00
01e0ddf1-2cf2-4467-bb93-0bffdbca2dfe,13,379,20240917,1571.63,39,2024-09-17 06:27:00
136b558b-c0d2-4652-9347-576d4fd4bc8e,26,116,20241020,451.13,42,2024-10-20 10:40:00
46933d0a-3f8d-46f7-a3f0-f800bba79fcc,28,681,20241012,454.08,30,2024-10-12 22:30:00
0e8daf0c-c607-4fd3-acfb-3e430661e806,18,313,20240819,1485.76,31,2024-08-19 02:03:00
b180bf08-92be-457b-af19-b7a18ab6a4f0,37,115,20240704,187.47,36,2024-07-04 01:08:00
4ebd6782-8648-484c-885e-35cc8b385e5f,28,900,20241107,1493.19,20,2024-11-07 10:52:00
cc858089-c670-47cc-aca5-f3e631976a20,9,400,20240614,1601.83,32,2024-06-14 06:45:00
b98f77a8-f8a9-49df-8d18-69d5faf1996e,28,984,20241012,1614.5,11,2024-10-12 08:03:00
9131a520-604d-4cea-a238-3b77b6b4e59f,22,41,20240624,1304.55,21,2024-06-24 14:22:00
d0754800-c0dc-42a7-b3ec-98b43234113b,20,615,20240923,717.34,26,2024-09-23 19:49:00
75625b98-d06d-4786-ba00-0433ad4fcb96,1,849,20240904,1702.66,34,2024-09-04 21:29:00
da978b2c-3f14-42ea-a219-5771c07a055b,11,399,20240916,957.58,48,2024-09-16 15:26:00
7d855481-e8f1-460b-8b6f-bdca981a9487,31,160,20240603,1164.79,9,2024-06-03 09:57:00
c3eabe89-6974-4706-aa9c-9ecadfb49cc6,14,706,20241005,117.18,35,2024-10-05 10:15:00
aa1e1baf-e26e-4c4a-a3f3-d5837b75137f,19,675,20240610,1982.59,37,2024-06-10 17:49:00
f40bd0b2-bcd0-446a-b943-f64bd46a6a0f,32,345,20241016,1612.79,15,2024-10-16 14:37:00
946fb6d2-a269-491a-8aa7-90227ae00745,30,742,20240815,97.6,23,2024-08-15 13:33:00
37d2d18c-602b-4f31-94c8-8a1a7da51357,30,338,20240728,430.89,29,2024-07-28 07:56:00
132854b8-5829-4cae-bbae-35e8390bd48e,47,167,20240823,427.85,13,2024-08-23 14:03:00
046f4e10-2041-4416-a8fe-4b9d8e289cfe,22,229,20241127,1035.34,25,2024-11-27 10:30:00
ff0cf2dd-9342-4bc1-bbaf-eb90171301d4,25,138,20241116,279.11,12,2024-11-16 16:09:00
30e1c39a-396d-4755-a74a-a98e68fd3a3f,31,241,20240610,288.67,26,2024-06-10 10:58:00
58b1e223-5e85-4e92-b1c9-e732dbfee23b,48,617,20240916,528.95,15,2024-09-16 01:43:00
06a55248-2c71-4240-bb2b-2ab43ee4daa7,31,747,20240817,907.94,3,2024-08-17 10:54:00
fa13b363-7906-4c30-959a-7dbb77693cd9,46,577,20241113,424.65,1,2024-11-13 10:51:00
2f694e7d-699c-4abb-a57c-46fcbaa4b4c7,12,262,20241031,334.42,25,2024-10-31 03:20:00
788b12c2-1ef1-4787-8747-e546a9c4b6cc,11,591,20240715,399.5,34,2024-07-15 07:30:00
531b8d54-6e06-4544-a0c6-00a2893eb7d5,13,950,20241020,974.19,44,2024-10-20 16:12:00
7d248a61-2898-46a2-adae-547c0a2a5bbd,20,376,20240603,780.0,14,2024-06-03 07:18:00
649bd3fd-2e03-4e37-9d42-4e3e5eb21695,12,670,20240611,1171.85,27,2024-06-11 21:23:00
6be368a1-e0f5-42f1-839d-a5ab53121928,26,173,20240913,1436.06,31,2024-09-13 20:35:00
d8086d0c-6d6b-49db-b931-c5d39748c5d2,30,588,20240625,1994.65,25,2024-06-25 13:55:00
429561ee-f592-4e02-aefc-9b0abbe650e0,23,606,20240919,739.03,42,2024-09-19 20:52:00
a7c279dd-469d-4b92-909e-7afa9be4644b,39,603,20240606,1619.34,19,2024-06-06 07:08:00
5488f109-f03a-4e3f-9e63-16604bf37a7e,3,69,20241103,181.38,5,2024-11-03 19:25:00
e635db7c-3a67-455e-bd8c-374520a4b15f,37,119,20241027,1857.13,10,2024-10-27 21:38:00
c9fca191-62ef-4ffa-bd09-851a06ae79e4,36,460,20240826,1122.92,32,2024-08-26 07:42:00
7c572eab-3e31-473f-815c-255e8fef3cba,8,175,20241014,801.94,17,2024-10-14 13:45:00
9674ccfe-4ca0-4b6e-921a-c9ba714729f7,20,12,20240803,1159.58,23,2024-08-03 06:47:00
9fe73757-f4f0-4dd0-a539-67768005bd33,28,63,20241024,490.61,17,2024-10-24 22:27:00
313cf324-e0d0-4ca7-a58e-f579544c59bc,16,309,20241011,921.73,39,2024-10-11 00:43:00
2094b887-ff4a-4bb2-b05b-8056ac49f8dd,39,102,20240907,1310.23,35,2024-09-07 11:18:00
33c47fb1-c649-4f2c-92a0-1b7b9a0e1353,41,906,20240823,375.42,40,2024-08-23 21:24:00
1ff73212-adfc-4c6b-8a65-cf6bef30d542,24,388,20240703,677.01,14,2024-07-03 21:41:00
e8821746-7f44-4e9a-ad5c-1580899ea621,34,675,20240919,518.47,27,2024-09-19 13:02:00
1cfdf618-a220-4aea-b1c3-834e8a2524ee,15,518,20241103,573.56,2,2024-11-03 09:06:00
af96a8d8-ee38-47ab-b74a-26aaafc327f3,23,446,20240925,951.55,40,2024-09-25 02:15:00
846e45ed-2eb0-4f51-97fc-200fc153b8cc,44,137,20241008,651.6,25,2024-10-08 03:15:00
4efe87b4-6f7f-43ea-a8cd-2150a5b3aad4,13,898,20240616,1456.42,34,2024-06-16 02:58:00
1d74be4f-6d11-4a43-a654-805e52fd5d2b,15,466,20240819,1529.06,36,2024-08-19 16:26:00
5c3dc239-57e2-4ce2-83c4-a0ddf4a4ef24,3,543,20240710,416.44,2,2024-07-10 21:27:00
850b6141-0375-4e91-a520-a5fa6e0dd15a,4,964,20240820,253.39,35,2024-08-20 05:13:00
9d724b30-8112-4198-82a9-6be6b84d66a0,9,783,20241013,89.41,22,2024-10-13 13:17:00
faccc24b-1c55-4460-ba80-f6ddcac2db71,13,174,20240618,121.08,50,2024-06-18 11:43:00
8d74eb4b-da0b-4066-ad92-dc1fa78b50c5,23,338,20240805,1730.46,40,2024-08-05 23:56:00
6bcbd940-0ee4-4c7a-9926-9cdca2683ad7,40,760,20241008,108.92,49,2024-10-08 17:58:00
e3567cb3-3a01-4cb8-bcd4-e2993c364e79,42,679,20241124,1920.77,34,2024-11-24 12:27:00
eb583e0d-83d7-4451-ab14-8cfd02d0e94a,2,130,20241017,1189.2,18,2024-10-17 21:22:00
6f2b26ed-6be9-4220-ae38-445531abb20c,11,768,20241107,626.87,36,2024-11-07 01:11:00
bfe69385-4598-4fd1-af53-48212fbab697,45,516,20240903,1282.99,40,2024-09-03 00:18:00
cd114f2e-63f3-4c3e-8f0e-441fa4e34a9b,50,67,20240901,1951.04,46,2024-09-01 08:26:00
a7228b88-9659-44ea-90a7-9934b459156e,31,511,20240708,303.81,6,2024-07-08 22:06:00
c9deba64-9bd0-4a22-8468-60f6b8d17f7b,2,669,20241005,36387.05,7,2024-10-05 20:46:00
0aeae576-e0af-4c4b-a313-5bc17b96f838,44,494,20240906,97.75,17,2024-09-06 09:45:00
7b076a95-601a-4eb2-add6-aa2931277a47,39,126,20240825,1417.6,17,2024-08-25 19:44:00
8ea4bbe1-f395-4b26-ace9-c6dc82f6725d,25,470,20240707,1450.06,15,2024-07-07 02:17:00
595b985d-cf22-41ef-a0ab-c2c048b6e3a4,48,18,20240929,1607.17,10,2024-09-29 19:14:00
7e30d1fb-eb73-480d-8084-636e77d762ed,42,409,20240812,1952.75,5,2024-08-12 08:37:00
91d5ce15-c112-40d2-a0da-fa22dfb0511d,14,594,20240830,843.1,45,2024-08-30 01:56:00
0673d19b-6f49-4b93-8da6-3d0d464ad1f8,29,134,20241005,1596.24,13,2024-10-05 22:45:00
0e4e7ed1-3bbf-4cdf-84e6-2a497f402113,48,765,20241109,546.24,29,2024-11-09 02:23:00
9eae87a5-d1c3-47be-b166-7bd2cb208329,30,409,20241104,1916.56,40,2024-11-04 03:32:00
644043d5-afe6-4cf9-a803-83400d778730,49,956,20240815,353.75,15,2024-08-15 05:47:00
4d5765bb-03a7-4fa9-acdc-d5f761484ade,35,918,20240731,338.41,5,2024-07-31 22:26:00
820a71d1-f9b0-4672-950b-6717cc1c5ebc,3,110,20240907,1343.24,46,2024-09-07 00:30:00
b8515ebb-a4cd-443b-9bf4-9742669c3b3f,44,66,20240612,446.55,35,2024-06-12 06:41:00
b84bb017-6455-4ef3-bce7-0c009b941add,19,435,20240904,1213.4,37,2024-09-04 16:03:00
d27e909d-5425-429e-bb9c-199b140402fb,39,763,20241020,791.46,49,2024-10-20 09:03:00
ed344960-8bd7-4e1c-abcc-7cc9861af627,16,337,20241117,472.64,4,2024-11-17 10:19:00
8bd2c143-17b3-44f3-b086-5392c669e4ae,33,877,20240615,1981.82,41,2024-06-15 16:58:00
ec0a4af4-9d3c-49e2-b4f7-3e0d39e5c1dc,28,334,20240918,1256.49,6,2024-09-18 08:32:00
67f87a41-bce5-4389-a268-4268954c3181,13,864,20240705,1227.76,24,2024-07-05 11:14:00
5dfa40de-e0e0-43f0-a7dd-c4d0ac2a2ae2,3,546,20240729,1532.05,10,2024-07-29 22:19:00
7551a90a-b914-487b-ab2c-9011396e3366,47,267,20240606,1436.36,26,2024-06-06 16:16:00
e374e448-4469-4689-a293-d869c1dd441e,49,705,20240828,723.92,32,2024-08-28 08:23:00
9d7607f3-e922-4f5b-8ce4-e3c6dc239fe5,3,609,20240924,1526.18,26,2024-09-24 18:13:00
a6d44b68-40f0-4c5c-95a6-5a88062eb8a7,2,273,20240814,211.52,3,2024-08-14 04:08:00
fcec8b36-2407-4ce6-8ba6-6311b4bf6819,37,881,20240710,1705.17,10,2024-07-10 12:32:00
b70935f3-3c48-4c43-8ece-b7d3e96d5148,15,790,20241122,304.46,28,2024-11-22 11:51:00
371c6f45-08f9-43b1-bbc1-245897d16508,27,295,20241102,520.07,14,2024-11-02 13:00:00
c5078b96-61b5-4cb9-b143-ca42debf85a3,35,165,20240817,598.66,7,2024-08-17 06:25:00
5960d940-e9ed-4d48-b25d-152e6644edda,3,855,20240905,609.03,25,2024-09-05 09:14:00
ad710ad7-2b34-4950-83ef-2d9860d38912,10,984,20241109,828.05,28,2024-11-09 02:31:00
190540a0-840e-4214-a2fc-a01490777e94,3,82,20241006,805.38,45,2024-10-06 18:03:00
349423fc-7c08-41e9-a879-a8ed50d558bb,13,763,20240922,1435.26,50,2024-09-22 19:57:00
09449386-cb4f-4c96-ac98-7eb62c68d9b5,7,434,20240707,908.86,47,2024-07-07 07:44:00
4abaabdc-aee2-44b5-bf41-d8e5c06693f8,49,860,20240812,1866.78,10,2024-08-12 15:12:00
dde33693-21db-4622-ab87-e23545174927,35,21,20240824,588.33,15,2024-08-24 15:36:00
ac8f437f-9482-4107-a8a0-0c26542df7cb,50,835,20240728,1262.93,41,2024-07-28 13:08:00
1ef375be-436d-4b9c-b40a-8a0f5c19279f,48,694,20241012,567.54,42,2024-10-12 16:15:00
8270df30-07f3-4285-998d-31d4468cac3a,9,542,20241005,1248.45,24,2024-10-05 10:19:00
a7739719-eee4-4334-8e3d-7915f8a1bcc4,19,553,20241110,327.38,21,2024-11-10 23:08:00
e5f70010-b380-4192-9ffa-f65d54dc1fd9,32,967,20240808,1698.62,31,2024-08-08 08:46:00
96dab6d0-dbbe-4f47-bd57-f37a91374549,47,303,20240608,1210.95,43,2024-06-08 18:38:00
340740f5-7abe-4d97-92ac-4708e07affcc,31,665,20240921,167.07,48,2024-09-21 13:17:00
18013622-dab2-4c0c-a2c7-00025697d02c,26,815,20240908,1693.89,48,2024-09-08 21:10:00
ddce716a-fee7-443f-ba79-918aed966804,20,308,20240830,273.0,19,2024-08-30 09:08:00
c745e35c-8d37-4892-998f-a9740b1695ab,5,67,20240925,1499.69,34,2024-09-25 18:13:00
cca6eefb-bd4e-4126-a050-4dd8f59b4c11,38,993,20241106,215.21,24,2024-11-06 11:29:00
d44b0873-8357-4be0-b8e5-5e269beb425b,7,724,20241105,63230.03,44,2024-11-05 12:24:00
a5c05b27-869c-423d-aa27-27da5d98ba33,7,842,20241112,1238.75,14,2024-11-12 14:57:00
948ea0a3-36cc-412f-aba5-e860bcaf718f,13,386,20241022,1428.64,36,2024-10-22 23:43:00
3c4c9d96-63e4-4f9a-a921-832edf15b5f5,21,234,20240624,1824.39,7,2024-06-24 10:54:00
7b281203-2d03-41f2-85c6-3e0288fa21cf,17,817,20240608,507.13,34,2024-06-08 19:14:00
54287ebd-6495-4418-a906-73c6a80ae6d5,28,371,20240812,1692.48,22,2024-08-12 23:18:00
c8e9aca1-efb8-4fb1-a48b-fd90758ecec7,43,757,20240911,1024.08,33,2024-09-11 01:19:00
c1b7d241-13d8-43a4-a22a-d82a562dd5de,17,378,20241007,23450.28,13,2024-10-07 13:32:00
0566f8be-64c7-4fc7-92cc-5d20b4238346,4,938,20240717,1368.22,30,2024-07-17 05:14:00
e92c56af-0d5d-48e5-a8ed-99b1b23180a7,21,835,20241012,59.61,5,2024-10-12 17:11:00
1373b581-1199-4558-8571-2993d042b47f,24,695,20240609,987.69,29,2024-06-09 05:52:00
7193e594-3094-4d13-bf1e-37668e0ca349,6,723,20240905,195.8,36,2024-09-05 13:33:00
2f83d3d8-7967-4098-bd78-cd98cd1b99a9,13,266,20240627,1263.68,2,2024-06-27 00:32:00
a4c0b21d-881f-4121-9504-75d149d6c0f9,25,833,20240620,1921.04,23,2024-06-20 05:23:00
2fed6894-9a05-41d9-97cc-8035f18a9fdd,47,809,20241104,989.76,40,2024-11-04 22:56:00
29e92285-f243-442a-9828-25d0e7ab9594,25,134,20240715,924.41,49,2024-07-15 17:16:00
c633e642-d292-46eb-93b6-887764850106,38,685,20240715,1888.16,18,2024-07-15 06:33:00
fadc01c7-1cd6-4101-bfde-2446a7d6241f,32,477,20240723,572.97,14,2024-07-23 10:52:00
302828c9-9eae-4192-b989-8ab095f440e0,42,287,20241107,1654.32,6,2024-11-07 11:45:00
909f07d2-7c53-4a55-8316-f893f1690ee7,42,793,20240923,1839.19,7,2024-09-23 04:40:00
eeb0028f-7ada-4f99-a18e-d5cb180f856e,43,170,20241017,661.95,22,2024-10-17 22:10:00
70900291-45a5-48e0-a7a0-092fe02a1cc1,23,435,20240820,522.37,24,2024-08-20 02:36:00
99b0bbd8-2e22-46f7-8f5f-9910d8086e04,14,937,20240721,173.41,15,2024-07-21 04:50:00
9267f48a-f7f5-4780-8b4b-eb505b03befc,5,738,20241001,884.99,37,2024-10-01 20:10:00
ee0686b9-a787-4618-a1fe-072036fc80c9,29,451,20240718,682.06,30,2024-07-18 22:51:00
24d540eb-3b0d-40ed-ae9f-a75a476e599f,14,905,20241119,1947.26,1,2024-11-19 17:47:00
25d3be77-c430-41f2-80e9-c657a63a167b,19,300,20240603,365.04,50,2024-06-03 02:40:00
d8b4ecd9-d775-4122-b7f1-2aec39bd3c62,5,338,20240715,1063.15,24,2024-07-15 17:12:00
7fd3c0e5-e895-4428-886d-06133fcbe9c4,9,210,20240723,1713.09,46,2024-07-23 14:09:00
2220ef9c-31f6-4656-90b0-6e7e8337afcc,13,574,20240928,1971.71,39,2024-09-28 11:31:00
270da0b2-3e05-45f5-b31f-53bb06a9d2e2,38,965,20241028,1096.16,8,2024-10-28 00:31:00
79e473b1-2e1e-4739-8117-a130e8f75c66,48,765,20240814,1937.41,17,2024-08-14 22:59:00
4ab71ed7-c1ed-4d83-883f-35bd9dadaaab,47,606,20240821,1052.18,39,2024-08-21 14:27:00
76b45195-81f6-4c7b-96c1-c21b3b4b077e,24,435,20240809,1990.64,38,2024-08-09 22:27:00
28b99afe-a23e-4eb0-a18a-b34c064d235f,23,728,20240627,1092.12,8,2024-06-27 22:30:00
a333fdec-64d2-49fb-bea3-f45870a040ef,33,70,20240821,1301.77,10,2024-08-21 04:20:00
610ee1ed-89eb-492f-b266-71e4a407f39c,24,659,20240611,627.65,4,2024-06-11 15:30:00
ea0bcc32-6ce5-4c6c-8473-2aa858036158,32,630,20240903,226.12,16,2024-09-03 20:55:00
98551bfb-0920-40a1-8e6f-05758fd3b393,44,809,20240824,1947.15,28,2024-08-24 06:09:00
f3bbc824-0e84-4469-92ab-5ec9f8ccc1c7,39,178,20240629,1616.99,12,2024-06-29 18:37:00
5a33e987-ea7f-4770-b779-b8b2dcd7e8ee,3,916,20241003,1235.5,40,2024-10-03 02:44:00
219e5777-d641-4d17-b3ba-5c001eea2bae,46,875,20240811,1645.47,7,2024-08-11 12:58:00
f77c6e1d-0f3e-4225-903f-6b5d80906396,11,87,20240612,1924.55,43,2024-06-12 22:52:00
9182f416-8559-4d53-ba0f-108cb185c08b,33,304,20241026,1711.14,35,2024-10-26 08:44:00
0308b645-33fa-4cfd-92cd-f83d06c747d6,47,604,20240808,175.05,16,2024-08-08 10:31:00
84784012-816a-4dff-8470-0856dacca8f9,33,628,20241117,1538.91,7,2024-11-17 03:04:00
45b22968-c9a9-40ca-8559-4b73dd16c194,39,331,20241111,93.89,40,2024-11-11 05:11:00
20daf2b1-863a-4f18-9436-e237d6c19f1e,41,236,20241008,1510.1,46,2024-10-08 04:50:00
9245aa79-309b-4f62-9ddd-bb6bbb44fb4d,48,852,20240612,1532.69,33,2024-06-12 16:21:00
21b25266-5109-45e5-b312-fc444e3cb316,38,235,20240623,204.84,48,2024-06-23 08:08:00
bec12d6f-0d8a-4998-ba95-542aa21715b2,25,785,20240723,691.82,30,2024-07-23 16:17:00
8a1ceb3f-c1ee-4a8f-9fd3-c4b283ea4e6b,6,460,20240722,1340.87,22,2024-07-22 02:00:00
a5958474-1612-4535-b279-4555c9c98af1,46,128,20240604,1683.75,14,2024-06-04 07:48:00
cca51aad-1966-4f32-9659-1fb1b75d2d5a,22,709,20240924,1572.25,16,2024-09-24 23:02:00
053c7be9-2d39-4524-b3e0-c38e6a5d785c,8,707,20240706,1490.22,16,2024-07-06 04:45:00
35a2d5c4-3eaa-4ff1-8df7-0f6425b8446c,8,515,20240603,1857.62,8,2024-06-03 11:30:00
0ef4c4c4-e0e0-4bfe-a05c-da0a9009b5bf,6,932,20240919,569.18,36,2024-09-19 06:47:00
bc8477b2-69e1-42e5-9a09-ace6bbbe0fee,31,33,20241106,1266.11,45,2024-11-06 04:51:00
ed920df5-b686-4fe6-b807-84ea541097d7,17,477,20240910,1821.4,44,2024-09-10 10:42:00
b4620efd-ba4a-4495-969a-d1351956e86d,47,963,20240817,1354.29,38,2024-08-17 02:00:00
48e39611-30bc-48ce-bc08-d36cda662e4c,36,999,20240622,528.99,48,2024-06-22 18:03:00
bc836e8b-0181-49da-a19f-f6d38190d7bf,6,379,20240809,490.16,7,2024-08-09 23:50:00
e7c6d4a1-d8ed-4a4d-8394-5f9040ee8f8a,44,547,20240906,522.07,24,2024-09-06 00:24:00
7ee54896-2099-4fb1-aaf3-9097922d47da,5,79,20240813,55.53,45,2024-08-13 13:51:00
2498c812-f377-4870-906a-fcc39468be19,46,195,20241006,738.18,13,2024-10-06 00:45:00
3a5637ca-c9c1-41b9-88d6-7c49c3614a5c,12,211,20241124,463.18,9,2024-11-24 15:07:00
9a21f391-359f-4073-9f50-d9f9716c41cd,48,526,20240610,58.87,10,2024-06-10 10:02:00
36dd7a72-5bfe-43ab-b4b1-3ac2129f75c7,37,706,20241008,136.85,36,2024-10-08 12:57:00
df685a60-c208-42e1-98a5-d946155c0081,29,778,20240811,1364.39,44,2024-08-11 06:31:00
3f3dae68-4278-4edd-8405-766aff282a5f,38,546,20241112,893.7,50,2024-11-12 19:29:00
e209612d-fb81-4749-8d02-dba02d4fd7ee,47,133,20240809,104.87,49,2024-08-09 21:43:00
eb74e345-cb80-4ab2-8694-ebfbd53b7528,26,751,20240901,728.43,49,2024-09-01 03:59:00
436078a2-08d2-407c-a10e-3a54f7ccee98,20,123,20240807,1526.67,47,2024-08-07 16:06:00
87e9df01-fe8f-4b17-8c51-66cd95b4a5da,23,393,20240916,662.41,3,2024-09-16 00:33:00
59fdbfbb-e0a2-4e9d-9bf8-376b48fea07f,37,294,20240801,403.01,43,2024-08-01 02:09:00
7178cbc6-fe66-43e5-9003-20ff57388aa2,38,400,20240701,1943.04,35,2024-07-01 05:37:00
84f32e6a-6357-4f58-9601-74e3888dd433,41,415,20241017,1384.23,12,2024-10-17 03:47:00
24568ebe-56ba-49cd-857b-4d579b42fa42,14,553,20240713,1957.21,37,2024-07-13 19:42:00
271ee9df-799b-4900-b346-456cf4ed7b7d,37,774,20240903,1513.97,15,2024-09-03 03:47:00
0742f235-598b-4ec2-be1d-5f078071c163,3,878,20240901,964.57,31,2024-09-01 20:54:00
19e96f48-60b8-4d19-aec9-e20ae4361b90,10,345,20240725,579.81,10,2024-07-25 17:30:00
b6934c0a-b056-4d68-8b64-59e46102a91d,50,746,20241123,1139.63,16,2024-11-23 15:10:00
4f179a49-f5a9-4de4-9ca7-13b3813025f7,33,489,20240926,1491.62,19,2024-09-26 03:07:00
bb93d26d-9ec4-49f3-a1dd-17cbc263b68f,17,470,20240628,834.73,37,2024-06-28 19:24:00
5e09f1cf-6bc1-4473-9fe9-e28339932d8a,4,461,20240730,1729.79,50,2024-07-30 01:04:00
4fb69f88-f2d7-4a3f-be50-d2de1bd53771,13,736,20241113,1109.95,23,2024-11-13 18:29:00
7c0df55f-7368-4a85-8aec-99ac4a0eb8b1,10,711,20240917,396.17,19,2024-09-17 00:43:00
fe13c4d0-1771-46d9-8b52-fec9cefd8530,22,495,20240823,817.68,45,2024-08-23 12:59:00
9d2a8eef-228f-4270-bb09-02718a4317ba,2,837,20241003,187.69,12,2024-10-03 11:42:00
711bbd73-6465-40eb-836c-c3058ff97e95,11,655,20240711,1656.68,49,2024-07-11 13:51:00
12b602c1-fe96-4cab-865d-f5361311c280,36,58,20241003,1694.72,31,2024-10-03 02:51:00
85941fbd-be46-4874-8f31-f10900ede26b,44,174,20241002,1616.98,37,2024-10-02 19:50:00
9e40e666-4196-4a46-973b-d3f2179de8a1,9,993,20240730,1525.44,15,2024-07-30 07:10:00
f40d9f08-2c62-444e-b8e1-8fe4b869897b,11,761,20240916,1397.81,4,2024-09-16 00:30:00
c7f699fc-2ec6-4c8a-adc6-1b1f5fc9de72,29,385,20241022,1212.05,19,2024-10-22 19:30:00
db42b49e-9f7c-4768-bc08-b2ca64e4a294,15,769,20240628,1481.76,5,2024-06-28 00:46:00
136f0736-3356-46e5-9a80-6c74ab55a229,43,503,20241019,833.69,16,2024-10-19 15:05:00
3b4b313c-dc64-4bf6-a225-463440dfe247,13,208,20240824,1871.69,4,2024-08-24 08:44:00
a39be854-bb28-4e36-8c2a-5d32a3bc464e,20,38,20240615,729.82,47,2024-06-15 17:32:00
29ed4d56-5439-42a9-a774-892973217b88,45,403,20241128,1123.23,33,2024-11-28 07:21:00
a648b96d-8ef6-4731-af5a-18d15d6d6fe7,7,932,20241027,616.41,16,2024-10-27 15:44:00
548b050b-334e-4631-ac46-a3817ece501d,28,495,20241114,1171.75,11,2024-11-14 00:36:00
1f2a826d-08cc-479e-8a0d-a706a0e707e4,47,165,20240806,1452.16,6,2024-08-06 06:50:00
56efa452-40b5-401a-8b11-bc5fd9903cf1,33,429,20240925,285.0,33,2024-09-25 06:13:00
6cd41e86-575d-46b0-9d83-85e68cba9194,8,621,20241002,1570.24,50,2024-10-02 13:35:00
519f817a-7a01-4ed3-8845-6d71e602aefa,5,395,20241115,504.22,17,2024-11-15 14:13:00
e625ae32-6c6b-4859-8c44-0984514f423b,7,205,20240912,989.69,38,2024-09-12 21:35:00
6317b5b4-eb45-4af0-82e1-508b9a3ed607,29,457,20240831,821.12,23,2024-08-31 19:14:00
5dfcc4c3-0975-421a-a8e2-0333009ed17b,19,909,20240615,1530.66,20,2024-06-15 00:33:00
197244ff-948e-4508-b425-7d29cc6db56f,5,104,20240604,1988.93,11,2024-06-04 06:22:00
4599806b-9657-4318-a8f1-f77f550a78e3,30,70,20240711,1995.81,26,2024-07-11 06:33:00
27bcd398-8f42-452e-a3f0-a35db4885173,18,118,20241116,377.32,12,2024-11-16 02:22:00
f19db6f2-1597-41d4-b70d-4b97953dfec2,44,998,20240627,746.65,2,2024-06-27 09:13:00
2eb14ac0-1bd8-4290-a748-317ceafc027d,35,767,20240819,352.3,12,2024-08-19 10:14:00
8b8bda32-353c-478a-ba62-20591005b9b1,37,731,20241106,1072.38,10,2024-11-06 13:44:00
39cb3efc-732d-4c3c-8de8-411f032834f2,32,393,20240927,171.09,6,2024-09-27 17:43:00
480f2786-cf82-4940-84c2-92f9ad702034,29,393,20240806,1366.8,21,2024-08-06 10:48:00
33b84c2f-ef8e-417b-8d9a-291bbe5f265c,18,515,20241017,1635.35,22,2024-10-17 17:45:00
a9f6c3ad-2ae1-4888-a6f0-a01f05d6498a,31,433,20240714,1055.48,1,2024-07-14 20:51:00
b4b64e52-d221-4de5-b0fb-44a817be7b42,42,226,20240924,498.92,19,2024-09-24 14:32:00
03a5dc34-6c3f-4740-9f6c-edde099d08fa,12,566,20240905,1755.2,12,2024-09-05 22:06:00
0ae3a1f9-2a88-4eb7-a713-a43d75a3709c,3,244,20241121,1770.82,35,2024-11-21 20:42:00
59ce8192-4e32-44d0-8ad7-3e49526d9219,38,686,20241128,1842.74,25,2024-11-28 07:02:00
ef4aff10-9a98-4c0b-b2bf-70ac5edda9fa,8,302,20241013,277.02,35,2024-10-13 19:38:00
5ec07987-a643-49e8-9f53-8d7d8bb26afa,39,854,20240722,812.33,43,2024-07-22 03:46:00
e1ef2bcf-7580-43fb-a6f3-a66eec37d66d,11,268,20240908,605.92,48,2024-09-08 10:51:00
3c3660a1-b8a8-4737-b1a0-f8103df0af92,34,606,20240930,898.77,25,2024-09-30 16:44:00
ea918ce4-e5ae-4cd6-8b55-ad52fdb9db02,30,38,20240925,853.27,37,2024-09-25 14:25:00
45fd136d-c76f-4847-98a2-ed759fa8a906,43,826,20240725,1805.21,13,2024-07-25 11:14:00
6b7334ca-1f09-44d2-b1f4-dc4f5b464233,29,175,20240605,556.44,8,2024-06-05 00:03:00
aa08bcf5-4c20-41bc-ac37-b6a398cb6d91,47,295,20240605,486.41,27,2024-06-05 16:20:00
4afa00a2-aad0-4e93-8320-8bf23d7bb3cb,50,479,20241008,1597.74,19,2024-10-08 09:33:00
1ff04b87-e659-4cc2-942c-8ee39afc6c3a,14,491,20241027,770.71,44,2024-10-27 05:03:00
27a079fb-c0f8-48eb-88ee-cb996e29379f,46,441,20240915,127.68,14,2024-09-15 21:42:00
5af8123d-2e1a-44d1-a851-15dfe02ed143,4,996,20240820,1472.26,32,2024-08-20 07:58:00
fc14e647-e5e3-40b4-bbdd-94a10993c2d8,45,566,20240715,279.0,7,2024-07-15 15:20:00
82adc744-b53b-41b2-a8d4-e934ed2aa90a,42,523,20241014,40218.96,19,2024-10-14 02:16:00
ae1a1c41-c01d-41f2-9d86-8309be99e170,49,977,20240903,1298.18,11,2024-09-03 11:25:00
6afdb737-a34e-4af9-8dde-c36ee8f8e5c0,23,71,20241016,903.3,4,2024-10-16 19:31:00
e8d95fc1-f088-4c8f-81bd-afcfdb732419,28,192,20241101,245.35,2,2024-11-01 07:01:00
9723be78-3ba1-472b-9315-7766774740dd,44,34,20240720,1297.44,34,2024-07-20 04:38:00
d3c9e866-ae21-4efe-a528-4f49e9224798,11,572,20240823,1035.54,28,2024-08-23 20:19:00
befb8357-20d5-412f-a49e-7c84b8bbc7c5,50,123,20241112,1188.29,31,2024-11-12 17:38:00
1fe0d6d5-7e08-4bcd-a630-44aa66b3c8ec,46,603,20240614,519.32,24,2024-06-14 00:52:00
156314b9-e01a-4590-af45-0d43a67bb42e,19,561,20241118,763.2,7,2024-11-18 02:04:00
984e69d1-3980-49a8-bdf0-b060a2ba30fc,18,404,20240716,1624.88,48,2024-07-16 18:02:00
89bd01b7-9e08-46e5-b97d-612c0ebe5d0a,38,965,20240822,63435.42,47,2024-08-22 05:01:00
76a3c61f-9e66-42de-996d-48079ef22cea,36,191,20240718,309.7,1,2024-07-18 17:31:00
94738e83-4cda-4678-bb35-84900df69158,3,537,20240817,1825.73,27,2024-08-17 09:46:00
848fc686-91df-4c50-b7e3-0a7c3b01e8ee,46,436,20240902,1850.72,38,2024-09-02 22:48:00
0b24d353-b44f-4d47-bed5-70164ab7c5b6,32,464,20240824,1491.83,19,2024-08-24 05:10:00
00bb78f6-a9e6-497c-9de9-eb917be88a2e,32,953,20241125,1483.21,10,2024-11-25 13:59:00
4912b1fd-b0bb-4ae9-9b1e-50836eb6ef8a,18,735,20241029,757.56,45,2024-10-29 19:32:00
5064d5bb-d1c4-4147-82a0-2afbf8da5ee2,37,225,20240708,1660.61,20,2024-07-08 04:02:00
bebc8288-5211-4efb-977c-29a6279b0158,13,484,20241026,518.25,34,2024-10-26 13:10:00
263e633b-007a-4b6c-92f8-32944f443346,33,632,20240620,1454.99,16,2024-06-20 19:20:00
684b35ec-3429-42b3-b371-441cb8215e77,33,280,20240721,1654.93,30,2024-07-21 03:07:00
f9f52706-6148-45e3-9fcb-903f2b071a5d,40,672,20240817,1285.05,13,2024-08-17 17:13:00
91d2caf9-1c69-4ddb-8f1a-d4b10ba5312a,37,722,20240926,1496.69,36,2024-09-26 16:10:00
3686fe65-ed93-4397-9d80-da2ca896c8e2,13,987,20240622,1685.76,12,2024-06-22 23:46:00
52e7fdcf-7962-491b-877c-c787f7fee633,17,454,20240623,833.68,12,2024-06-23 15:11:00
72fc85a5-d8ff-4e1b-8d44-dc504e143355,25,475,20240719,288.63,49,2024-07-19 03:30:00
8b65b8b2-4538-436d-ba8b-4ef651d3f47e,40,891,20240904,777.23,41,2024-09-04 19:10:00
daaf45fc-2ec5-4165-b780-8a67109a7765,22,872,20241013,1918.94,13,2024-10-13 19:06:00
0691d826-d702-4d72-8f0f-e0daab0e67a4,28,575,20240616,1914.64,43,2024-06-16 17:34:00
97b3555d-95fb-4027-9745-5e8117fdf493,2,202,20240911,119.74,4,2024-09-11 19:22:00
20a4922c-bcf5-4610-a4d6-c6d7284c1ddf,40,423,20240802,463.02,13,2024-08-02 10:23:00
1f03fb27-e0c5-4bfc-a0ac-065899470d5f,2,475,20240917,469.29,27,2024-09-17 08:52:00
d9016fc7-f061-4872-b1a5-0c4c99818443,4,764,20240626,1482.14,14,2024-06-26 11:19:00
ca853b6c-a7c1-4d2f-bd99-aec6b6ad591a,36,187,20240808,933.6,11,2024-08-08 21:58:00
fd9fce66-99f7-44ab-badd-05da2d738136,49,518,20241116,743.82,4,2024-11-16 20:59:00
5e675331-0c7f-4004-8e50-1a734afed461,9,331,20240924,445.68,36,2024-09-24 01:21:00
9f595a64-a121-4d51-a8a3-bd2f0000c0ab,14,426,20241017,1995.67,25,2024-10-17 14:29:00
ba92652b-cfba-402d-aff9-5d6d9e732411,7,967,20240731,93.72,13,2024-07-31 10:20:00
d1b8a900-a32c-4f92-b25b-96258eac654a,12,120,20240831,1752.23,49,2024-08-31 18:47:00
5ff31707-6bb4-4d71-a7ed-c5023831367f,37,756,20240707,783.81,37,2024-07-07 03:55:00
bde28228-acb6-4816-bbc8-601130789326,21,379,20240606,1630.78,38,2024-06-06 04:40:00
bbfc3772-7916-4725-b76b-dcc0a276732c,26,394,20240704,1053.82,7,2024-07-04 15:13:00
71d6edc7-006f-4253-bb16-7cf4972ead28,10,168,20240713,1543.87,44,2024-07-13 17:07:00
f20d979b-ef70-4d13-83f9-6df581d48d2b,2,793,20240621,245.11,36,2024-06-21 15:37:00
24c24371-2ec9-4f82-9903-df102ecd75e4,13,630,20240826,145.21,11,2024-08-26 12:08:00
8b0e4142-0360-4ebb-a3d0-296b6f25fb2d,44,59,20240808,1535.72,19,2024-08-08 14:53:00
2b6c32d7-9dd6-4298-a556-9737d0f4f309,33,194,20240915,1599.25,17,2024-09-15 16:42:00
5cc77b4c-17ff-4819-be30-19a51fd6feb8,17,311,20240619,619.15,16,2024-06-19 20:33:00
dddcdcb2-bba8-4fa9-9b29-02593f5391ba,46,97,20240722,538.59,25,2024-07-22 04:13:00
b0cf7a4c-1edf-48e1-bd65-f67b288656d1,44,187,20240725,630.54,49,2024-07-25 08:30:00
33f77b3f-afd3-4b78-b1df-54bed9ff04bd,36,940,20240927,664.79,3,2024-09-27 15:49:00
3f3e1774-64b6-4b2f-9f8f-a1dc33f7c0cc,48,264,20241028,681.72,44,2024-10-28 04:37:00
bf6d38d4-c936-44f0-b182-fa03099fbf5b,6,863,20240724,1743.4,26,2024-07-24 14:46:00
ba9707c8-be9e-4949-b636-7aec0f4a0475,21,313,20240605,974.17,49,2024-06-05 14:03:00
764b5a7c-32d4-45b3-a256-5ce353255c1f,21,873,20240725,72.41,14,2024-07-25 01:34:00
44fbcd0e-ec2b-4fe3-bc8e-58358380c699,10,562,20240818,1601.56,3,2024-08-18 04:39:00
3be5c906-feed-4ff7-95a8-9fcc3b6107bf,8,693,20241005,595.69,8,2024-10-05 15:20:00
992e043e-0ae6-438a-a6b4-78af71af6546,35,368,20240616,1753.36,28,2024-06-16 23:32:00
97aca328-847b-4945-8717-3b21535206f2,40,306,20241125,1542.87,49,2024-11-25 07:34:00
b917d69b-6d36-4fef-b4be-f02cbfa62b51,10,137,20240804,1425.39,32,2024-08-04 03:48:00
4bdc8089-125e-4939-bcf2-79b810d7760e,2,686,20240720,560.36,28,2024-07-20 06:19:00
59a05a36-a9cc-41af-8ee6-4e8dfa84d33d,5,63,20240926,392.96,24,2024-09-26 03:57:00
3562a0a6-a4d2-4e3a-a36d-5e00f266068c,28,534,20241117,193.27,46,2024-11-17 20:42:00
06b939f0-6727-4bf7-8e13-2b1ebfdb314b,3,935,20240603,554.97,30,2024-06-03 05:15:00
205846b2-94ab-4641-8eb1-4bd804ea2a0c,27,636,20241110,472.3,42,2024-11-10 02:32:00
d8118465-2c87-4276-9b5f-cf81587b5866,50,314,20240707,205.22,31,2024-07-07 12:32:00
177ea628-5eee-45dc-8019-611d5103525e,16,67,20241109,351.52,19,2024-11-09 14:58:00
64f13ea0-c7d1-44bd-9226-0621ce5a660e,2,255,20240826,1898.89,19,2024-08-26 19:21:00
d3b74554-5ee9-4a34-9de0-f5d91813b5ea,9,586,20241023,1488.42,41,2024-10-23 22:04:00
099681ae-224c-44d6-b6aa-d30eef1d29cd,1,46,20240801,671.37,5,2024-08-01 11:20:00
88961758-5b5f-4e4e-a0c4-b4c6572a473c,21,668,20240723,1918.38,27,2024-07-23 23:49:00
22867b03-7e01-412a-bdc1-cfec11f62ed2,41,374,20240927,674.73,6,2024-09-27 11:42:00
eed8020b-7cb3-4ff0-a050-5be1b0e566c9,18,593,20240604,1390.38,29,2024-06-04 21:52:00
1dbd583d-55ff-459f-9734-0c8f6018acd2,15,719,20241012,1078.89,39,2024-10-12 16:53:00
6bfe09fb-95f2-4297-9687-7a45cd31b1d6,10,947,20240727,139.07,41,2024-07-27 11:17:00
d084ea12-28a8-41f9-8149-9e58460eecb4,20,526,20240719,278.26,47,2024-07-19 16:59:00
8a7ce954-04e3-4f00-90be-76fe4637b7dd,19,674,20241107,127.89,35,2024-11-07 12:24:00
6c9ab0ea-75ab-4e7d-89dc-16e97fb988b5,8,370,20241017,1050.43,9,2024-10-17 15:06:00
03b84520-64e5-46db-90e4-60271e74c8ef,20,123,20240911,335.53,31,2024-09-11 00:46:00
30c3cc50-d044-46e2-ab85-63619468485d,8,423,20240701,66.38,45,2024-07-01 12:03:00
36009ae1-263c-4f7e-a002-2ac73aface81,47,643,20240802,1290.14,50,2024-08-02 15:53:00
99231a81-6428-4c75-9ef3-d92743b2d6cf,18,558,20241003,133.53,2,2024-10-03 09:44:00
2c36a574-f878-445a-b024-7c7595559cee,10,846,20241009,810.52,39,2024-10-09 10:26:00
21b140b3-ef71-4200-aa7f-3bf0ea0c85ea,46,744,20241030,175.8,21,2024-10-30 13:37:00
b9c228c9-ed98-4652-93f2-5c4531efd2cd,37,946,20240704,1332.22,35,2024-07-04 00:15:00
46d87723-8142-42e8-89b3-472ceb1314a4,19,746,20240829,1913.43,18,2024-08-29 15:12:00
d2c10afa-48a9-4d70-b0a8-3df42b2f275d,23,867,20240621,1390.72,28,2024-06-21 01:26:00
8d85942f-ed7b-4272-82ad-52db86e3a15e,29,228,20240707,1667.34,18,2024-07-07 10:27:00
f60148e2-0535-474c-9545-0ab002750682,45,837,20240612,1580.63,47,2024-06-12 00:53:00
680e435d-4421-4222-a65a-8c8f19020015,41,9,20240624,1698.34,30,2024-06-24 13:16:00
8fb084ad-d013-4ef0-a4f0-6cd61ef86554,40,360,20240907,532.51,29,2024-09-07 05:57:00
7f2e9139-d062-4da6-a715-8eef6ebfed36,49,26,20240627,833.45,9,2024-06-27 01:21:00
a61a7b69-b735-43b9-b0c5-bba261400bca,19,531,20240710,105.12,36,2024-07-10 22:55:00
d392f430-f61a-48f1-918a-a12983aedfcd,47,239,20240904,177.62,37,2024-09-04 16:20:00
8584f044-11cc-4896-8722-4baa99cf771d,16,362,20240720,1624.23,38,2024-07-20 11:37:00
d5ba8814-6bfa-4268-ab94-8d50b9f83319,34,363,20241013,289.51,13,2024-10-13 00:37:00
0681b47d-9238-464e-be26-e148b82dd886,22,607,20240607,612.6,47,2024-06-07 04:23:00
a7077d5d-336c-4a46-b6ed-7072b9c6eabc,46,111,20240914,952.57,32,2024-09-14 17:02:00
3a8de189-756c-427d-8208-425dd0951077,19,801,20240828,464.01,15,2024-08-28 17:12:00
968ae5ca-bf27-41ab-aed1-9d1514499a8a,41,162,20241027,1406.67,19,2024-10-27 00:12:00
8cf7d94c-a2ed-486c-bed8-0ebb372bf478,34,300,20240817,1015.3,8,2024-08-17 15:28:00
eeea57f6-b068-48f4-a53c-7199c7c313b6,22,938,20240821,1895.44,4,2024-08-21 21:07:00
d3535845-de0e-4670-b832-bf485f800c2a,22,305,20241125,1697.32,34,2024-11-25 05:33:00
9edd671f-2733-44df-90ca-049fdae40fb9,9,989,20241025,429.55,10,2024-10-25 16:52:00
5e0ba92d-449a-4b9f-99da-ab2b0df7b5aa,31,822,20241007,1564.77,25,2024-10-07 19:38:00
558e88db-bd5d-4862-bf5a-0cd1fcc9522b,7,407,20240803,1408.5,27,2024-08-03 12:10:00
ed6810ca-b5ba-4f8f-b15a-ba39fd9cffe0,16,119,20241114,1910.17,33,2024-11-14 05:49:00
259a9ce9-e116-4cd7-b1b3-fb9a74596a1d,33,685,20240629,694.45,31,2024-06-29 05:02:00
9c53654e-6daa-4588-ba0f-619edd6db3c7,31,111,20240614,512.8,30,2024-06-14 15:26:00
64fb151e-34f4-4ebd-a5d9-01d8842df665,40,129,20240726,1621.58,33,2024-07-26 21:03:00
3c2f9586-b1ff-4c6d-bcde-ae3eb499f5f2,41,987,20241031,258.41,4,2024-10-31 03:37:00
5a5440a4-add1-43d7-8ea3-70883013007c,34,341,20240722,1472.73,40,2024-07-22 03:53:00
4fbd8c49-3352-4ae1-9181-077d8a63783f,14,890,20241028,1516.97,13,2024-10-28 07:23:00
e7038955-ee5d-4654-88f4-b627b8944e27,31,394,20240711,1265.85,44,2024-07-11 17:50:00
fff40722-3088-454f-9e9e-3cd6e8f5d73b,40,263,20240916,452.51,20,2024-09-16 21:16:00
9378be5f-eac8-4311-be54-6cdb4bbf691f,43,672,20241010,1920.15,44,2024-10-10 10:22:00
2736004d-58fb-4090-a415-0e7821ea532b,14,709,20240815,488.58,16,2024-08-15 14:28:00
9c4a6a59-765c-4f4e-a0e4-03a7e823ed22,39,107,20241017,1428.17,33,2024-10-17 17:11:00
e773faa9-250e-40fa-9e66-7d93a8b46a53,3,518,20241020,483.39,14,2024-10-20 05:41:00
2ff1704c-4d24-4bd0-9a2d-a78cf6636817,42,89,20240811,1611.51,29,2024-08-11 09:43:00
0dd65d9e-cd85-4448-9f35-f449d225d49e,11,285,20240916,1001.28,32,2024-09-16 14:48:00
a5b3315b-0427-4a4d-afc9-2327bf24b571,35,372,20240619,1703.35,42,2024-06-19 08:49:00
265711f7-aedd-4681-a1dc-1ab6506dad92,27,133,20240902,1799.87,22,2024-09-02 03:29:00
02302bb5-462f-42bb-aa38-d034c050e320,20,191,20240804,1602.74,28,2024-08-04 12:06:00
1a65d59e-dec8-478c-9820-4089845f23ca,45,6,20241028,922.81,24,2024-10-28 09:59:00
42f1e894-4acf-48a7-9f1b-5f9634811522,2,983,20241024,1374.09,43,2024-10-24 20:41:00
6888b8ea-ec9b-4af3-8ab1-b31bf4c379e5,50,258,20241115,1249.91,32,2024-11-15 20:20:00
e183e74e-0ca9-45bf-af3c-669451c13540,8,441,20240731,1659.65,21,2024-07-31 12:09:00
72c335a2-b258-4410-bf99-fd5d05f9b277,36,649,20240715,1091.34,17,2024-07-15 15:01:00
192b99a5-4760-4fcb-92c9-3e2d0913b430,29,747,20241122,1943.5,9,2024-11-22 04:28:00
bf1617c5-97b1-4914-abce-f8e781e118e4,47,598,20240729,382.62,22,2024-07-29 19:56:00
a18c23a6-4691-4fa3-b790-20f0f687dd2a,25,557,20240902,1715.02,11,2024-09-02 18:44:00
6ddc3e95-03c9-4673-83fa-5c0c719a6154,20,510,20240712,1398.24,23,2024-07-12 17:10:00
d597b7f1-24d3-4304-b6a4-667888b89282,12,516,20240918,617.74,8,2024-09-18 14:04:00
c69d7a0c-c153-4ccc-8bb8-51f535b9c3d3,5,44,20241030,1551.96,22,2024-10-30 22:39:00
8bd187bb-3901-490d-8353-807de354e4ae,47,235,20241028,1702.81,49,2024-10-28 21:16:00
72b25b3b-ec80-4943-bf81-0410ffc23969,21,217,20240722,1495.13,47,2024-07-22 20:16:00
04c2c790-f360-449b-bf21-94be2c571069,11,603,20241114,286.52,5,2024-11-14 13:56:00
512ceadb-a1a9-4d00-8cfb-23faff49900f,5,374,20241107,1421.67,23,2024-11-07 23:52:00
f63e2961-40a8-47a4-95e4-28d2165b4f08,47,884,20240930,508.0,32,2024-09-30 06:33:00
a49dc263-d877-41f4-acbd-f0a63c549124,34,31,20240722,1020.71,32,2024-07-22 16:24:00
8fc29a10-0be0-4814-8a93-d09d8592132a,7,551,20241023,983.67,39,2024-10-23 01:07:00
31f2dee7-c3d7-4ef3-9f0a-e6e5d191b5da,32,855,20240901,1383.26,13,2024-09-01 19:56:00
db439600-c207-41c7-bde4-54241011aeda,32,484,20241025,732.12,23,2024-10-25 20:28:00
ba9c206c-d719-4ea9-8e7e-8cc154ef63b0,38,216,20241104,1902.17,32,2024-11-04 08:57:00
261440fc-4611-4698-86e0-7ea4efc0419e,2,924,20240702,498.28,25,2024-07-02 12:45:00
6e263fef-74bd-4a62-bdc0-a498b0de9242,19,780,20240825,996.6,5,2024-08-25 02:43:00
4b621123-656d-46a5-9323-83b27e45bb64,7,64,20240729,916.81,1,2024-07-29 11:18:00
412c060e-03fc-47ee-8abc-40eef4ae04ae,15,498,20240914,305.48,46,2024-09-14 18:14:00
ccadf8ff-0735-4938-ae38-a6f2a207a25b,42,869,20240919,611.97,34,2024-09-19 06:31:00
4176c52d-4282-4e52-a349-669c40f28bf2,33,524,20241010,1414.68,2,2024-10-10 13:38:00
35338d82-d6f6-4bd6-8a72-cbc5369a458f,24,728,20241106,1392.71,27,2024-11-06 20:30:00
ca22a86e-1700-4185-87e9-49204f6f70c7,8,36,20241017,802.3,36,2024-10-17 17:10:00
53b478b6-8033-4d96-a2b2-faecbbe8dc76,42,938,20241102,206.44,31,2024-11-02 02:58:00
7ae0ea58-8bd5-4b9d-89cc-e8cb42e40e34,48,863,20241109,914.67,8,2024-11-09 20:55:00
b28c692f-5287-4621-b074-87a3f21516a6,15,375,20240913,1462.55,19,2024-09-13 06:50:00
48772f2f-d47e-4b15-8f40-dd531dbda402,5,434,20240708,1935.25,4,2024-07-08 16:32:00
12782e0d-3397-440f-879f-e5b1fafbaf97,33,152,20240731,835.42,46,2024-07-31 09:38:00
7b6d24cb-b610-4421-9bf3-4120bd8c9252,49,678,20240613,203.35,39,2024-06-13 08:50:00
1f712ad3-42b6-41af-9139-a635601254a9,12,666,20240628,1702.41,24,2024-06-28 09:20:00
2e84f057-7ad3-423f-962b-697bf4ab05cd,13,335,20240817,615.86,22,2024-08-17 23:20:00
500845f6-1aa8-4c9c-82c0-96908ea1aa00,1,922,20240707,1075.44,5,2024-07-07 19:17:00
73666b72-bdfe-4ec3-b060-953bf1c73efd,4,642,20241009,891.83,31,2024-10-09 12:20:00
9c51faaa-dfc4-46ae-9a59-d4c39cf88a2f,34,733,20240622,1520.53,40,2024-06-22 17:46:00
f52998ed-6755-4b09-92cf-8ef3dcd0bfd4,15,909,20240824,71457.75,39,2024-08-24 12:38:00
583b8c6b-ad79-423c-90b6-0471ca9cb6b2,48,352,20240616,176.21,29,2024-06-16 17:30:00
cd5e03e3-d605-427d-9eb9-50a2132ae90b,38,769,20241011,909.33,19,2024-10-11 01:15:00
d354a1d4-cb4e-4d70-b6d0-f6a2d0f1e90f,20,237,20240914,228.08,20,2024-09-14 09:22:00
41fda846-02cf-4d58-b91a-c5b32c654787,8,844,20240614,1611.65,28,2024-06-14 16:27:00
9750b7a4-e84c-4a2c-bccc-2d3485cf5512,21,144,20240710,196.94,28,2024-07-10 05:23:00
b9b999e7-b34c-4355-99e5-b5f70be2feb7,3,629,20240915,556.29,42,2024-09-15 21:53:00
945facc6-de1f-4767-ade4-1c508480c851,32,866,20240716,523.06,4,2024-07-16 20:45:00
f8ca9a9c-6aff-40f1-a36f-aa03c173e033,35,413,20240823,469.89,36,2024-08-23 05:49:00
f93638dd-2b81-44b7-99de-5dc61ae56017,22,822,20240930,1741.92,49,2024-09-30 18:27:00
3d21e9b2-c5be-407a-a3cd-d6942e401946,15,671,20241028,243.2,27,2024-10-28 02:08:00
1300a30b-865d-45b4-96a2-084702607adc,40,183,20241021,1705.67,31,2024-10-21 02:20:00
b8485629-4755-4ef4-b766-6005c58c1271,31,909,20241125,570.07,35,2024-11-25 04:22:00
41e9dc7f-cc0c-4c46-9d0e-4fe2e81ebebe,5,22,20241015,1287.26,1,2024-10-15 20:38:00
48ec7a76-f63c-475d-b803-a1fbe713426d,6,915,20240730,1696.69,19,2024-07-30 10:06:00
89aa4cd6-477d-4e1e-bea3-9bdbbf7f3f1d,5,119,20240923,378.28,40,2024-09-23 12:11:00
30a1ecb3-4b33-4657-a966-2634077bf2da,17,213,20240727,553.75,29,2024-07-27 16:38:00
e3d42ea0-a4b0-4c97-ad9b-10381682620c,38,56,20240730,1723.13,14,2024-07-30 23:37:00
81735798-2963-4c5e-938d-190c5317fda6,1,996,20240713,1278.33,34,2024-07-13 22:14:00
8b87214d-e3a2-458b-9716-98a38471c031,29,154,20241127,1147.85,27,2024-11-27 19:30:00
edc17b02-073e-4bb1-8cb4-5d703f2d3c46,20,672,20240719,698.89,43,2024-07-19 12:11:00
9d8059ce-7d06-4d70-a3f9-657e7f78d8f6,3,63,20240701,1121.29,34,2024-07-01 06:40:00
ef35eaf9-0083-476a-91e1-e2ed0f6c6098,32,220,20240612,1836.3,15,2024-06-12 01:06:00
9c7b605b-ed42-4442-9c75-14d492722e09,40,754,20240906,1440.46,35,2024-09-06 12:29:00
d4d9ea62-05b2-4e9e-bb43-fe25bb28adc0,40,193,20240709,1065.63,11,2024-07-09 16:17:00
947c7c24-a166-49d3-a97f-3afcb07ab7bb,1,735,20240906,369.76,25,2024-09-06 11:29:00
a6532ed3-53ce-434d-9377-bdefb4217b19,10,990,20240731,1601.67,21,2024-07-31 07:36:00
08995628-2afd-4d9f-850d-ebb8913b277e,38,588,20240706,790.58,42,2024-07-06 20:48:00
40848210-5d91-44f2-b77c-564aacb27459,9,374,20240925,957.74,33,2024-09-25 06:23:00
3f1e4741-e74d-430a-8923-dffc7d7be4e8,6,654,20240902,714.61,47,2024-09-02 03:10:00
9b7f06e9-3868-41fc-875c-1b16db4563d1,34,430,20241125,712.87,33,2024-11-25 09:39:00
7c96377a-5f68-48c5-b268-7c5d30537a3c,29,999,20240823,555.43,17,2024-08-23 15:36:00
9d54a7ad-9fe9-4e00-9fa7-90a99e577a96,45,699,20240706,1735.34,8,2024-07-06 12:03:00
732d7551-0285-4ded-8fd1-d26d04630ffe,46,697,20240703,1416.29,6,2024-07-03 00:05:00
f83702b4-4e72-4883-be9a-bd48dfd38b3c,35,971,20241007,1827.01,27,2024-10-07 22:38:00
d9703bcf-89f3-4142-bc27-2e0b1256d531,36,380,20240628,1291.38,16,2024-06-28 08:21:00
a96cbb51-b915-47f4-9272-836fcb3dd03c,36,797,20240918,1934.54,21,2024-09-18 01:45:00
19b83370-5c03-4dc1-bb63-c80997fd1b32,43,896,20241026,1724.53,40,2024-10-26 14:16:00
1adda507-49ae-4be7-8c64-f9e4d9425bd8,6,971,20240620,1609.39,21,2024-06-20 09:43:00
3a7bac7e-62ef-4ce6-b271-d9b9052e1501,25,530,20240731,883.02,19,2024-07-31 01:30:00
07ae4ff3-9795-4547-9ed5-b32fd1bff5c0,20,495,20240622,1471.14,50,2024-06-22 11:10:00
316d91a8-f4eb-4179-a61d-5b2ca94b341d,38,98,20241022,329.29,40,2024-10-22 17:07:00
7a9f86ae-65a5-4a06-a892-a9ebbb4a5bf9,34,304,20240930,296.19,43,2024-09-30 07:33:00
3d4f6802-936e-47d2-90e4-cfe4a95c5ccc,26,967,20241016,679.9,3,2024-10-16 02:00:00
90a1296b-90a0-4985-9e58-80124462d11a,14,21,20240909,1081.76,32,2024-09-09 20:17:00
ad2eec6b-b2f0-4eba-8693-f56b44289828,10,733,20240929,743.09,11,2024-09-29 01:16:00
02ff21cc-f67d-4625-8590-0caaaf29d290,49,199,20240911,74.4,32,2024-09-11 23:16:00
c349f9e0-b3fb-4d2a-bf38-3d5bb0b77a63,25,401,20240608,741.28,34,2024-06-08 20:26:00
db2f30c6-e9e0-4bf0-b8b5-a2fb674fb1f6,30,309,20240622,361.61,27,2024-06-22 15:30:00
db46dcf3-adca-455b-8c8c-f3ed7aa3d85f,7,707,20241008,637.35,22,2024-10-08 05:19:00
60226e23-099c-461a-b618-9c77daee85c4,50,964,20241122,1566.25,20,2024-11-22 00:09:00
4deeefed-37c1-40c8-b01b-c269991fbeab,40,571,20241018,853.6,21,2024-10-18 11:24:00
06098a8b-176f-40b3-a330-e8f4ccbf0956,38,882,20241114,834.34,26,2024-11-14 22:25:00
81174ce6-8f6d-4555-8274-8b0ae8bed55e,45,614,20240901,733.93,17,2024-09-01 20:57:00
9fc8b385-8010-4f0d-a9f5-932ec87c93f1,22,235,20240824,1644.81,48,2024-08-24 09:38:00
7457d531-3715-4c7a-9c17-520cd7226ac6,4,889,20240804,181.24,3,2024-08-04 15:58:00
cba4650b-0770-4a27-b802-1f458434a0a2,27,250,20240818,1279.37,34,2024-08-18 21:54:00
1fa2ea5f-8741-4f04-b562-72d48ff6c599,45,431,20240802,367.88,2,2024-08-02 02:33:00
338d5326-a9bd-42a5-80f0-61e399382baa,39,395,20240810,141.15,27,2024-08-10 16:40:00
6170ab15-bbd1-4514-9b62-a7534fd43f85,16,313,20241122,1598.99,45,2024-11-22 19:56:00
a5d5bf1e-6d34-4c18-ba93-b587b32733e6,23,243,20240701,808.78,31,2024-07-01 19:50:00
e7ccebbb-fd6f-4c34-87eb-3f7e1776999c,48,248,20240806,1806.16,26,2024-08-06 10:18:00
169b47e3-c075-4fe2-a890-b0fc915cd1b8,17,912,20241011,822.74,11,2024-10-11 12:50:00
16a213f9-d08c-4df4-bb06-d47f9e8741b9,33,123,20240819,1624.12,33,2024-08-19 12:43:00
134bfce4-400c-4361-a1fb-04fb5510c06c,26,51,20240722,1761.94,14,2024-07-22 04:41:00
4fac9120-1d92-4a99-8a57-fef4c67191a0,21,464,20240627,802.16,18,2024-06-27 09:16:00
b72b194a-3330-4fe1-bd7d-cfdb7d4cc3cb,33,408,20240725,1913.47,11,2024-07-25 00:25:00
e082e6e0-1b92-448a-a021-69fa602145c8,35,885,20241025,587.0,50,2024-10-25 22:32:00
c4451d4e-37ce-4a1b-82b1-e41a69b50db0,35,569,20240807,345.02,48,2024-08-07 03:35:00
7ff80fd9-82fa-4c33-be68-b652f4237ecb,40,501,20240918,261.44,32,2024-09-18 15:35:00
889e4c7e-c1e6-4c84-8263-ad162df729dc,49,52,20240723,990.84,27,2024-07-23 00:36:00
eed42dda-7aa3-4e54-932e-c10a4083710b,42,302,20240619,1060.31,32,2024-06-19 19:50:00
d1adb80b-6032-4431-9b32-ecdc84679fe3,35,779,20241023,1740.76,19,2024-10-23 22:25:00
fa9eee70-5373-47c7-8488-bb3218afd10d,40,6,20240605,1019.68,21,2024-06-05 02:52:00
e7d1daa2-f412-4d55-b061-5c54dd168e34,10,103,20241127,938.3,22,2024-11-27 21:28:00
9254e5ec-d0fc-4e0a-bdcb-5271812da533,47,631,20240602,327.48,24,2024-06-02 15:54:00
8275d00e-5f91-41a4-8e16-c04dbd2ec744,18,50,20241024,194.98,9,2024-10-24 14:06:00
c1cd1516-6e36-4366-8af1-11875f6bbe7a,10,835,20240615,290.75,36,2024-06-15 18:01:00
7263b663-3968-4b09-ba8e-f21695070b10,46,203,20240702,686.43,36,2024-07-02 01:43:00
5f27c771-0770-4064-ba3f-c8f943453f3e,11,854,20240728,804.5,22,2024-07-28 23:21:00
879e5c52-7cf0-4227-8723-f0651706985c,29,316,20241015,506.48,31,2024-10-15 02:41:00
70c4b26d-3ace-48b3-a12d-f33f9b012c93,30,857,20240724,1053.1,26,2024-07-24 06:30:00
0aff2ada-0ef8-4c1e-b600-5cae77d2e1ab,20,174,20240729,934.78,24,2024-07-29 22:17:00
a3230260-6968-4864-b2b3-e773dbec1d98,42,297,20240801,1332.8,47,2024-08-01 02:34:00
2c9e0244-120d-47a5-8985-d7ce7f62663f,20,989,20241005,668.51,43,2024-10-05 17:25:00
ac6777b8-2874-415b-b306-1f572ead8a71,1,983,20240815,803.1,43,2024-08-15 02:37:00
abc19ad7-4605-4424-a4c3-373f9fd08f3c,26,313,20241111,478.28,19,2024-11-11 06:48:00
5c512ea2-3c65-460b-8dae-f165777b7e2b,13,941,20240814,1290.25,37,2024-08-14 10:31:00
bd56f6d6-4a60-4895-a8fd-500ef8f9c2ff,36,234,20241030,1836.13,48,2024-10-30 08:49:00
a525f6f6-66da-4c4c-ab14-3ff53deb0365,28,831,20241015,1529.4,44,2024-10-15 03:31:00
7708fca0-392a-43ea-acf4-9b710e6499fa,46,71,20240908,234.73,36,2024-09-08 08:42:00
40f408f8-c884-4fd8-8751-5f593f9db064,33,306,20241008,945.32,18,2024-10-08 11:29:00
035351ee-b6ad-4afc-a631-c0ee3a02bade,28,988,20240910,362.74,33,2024-09-10 12:35:00
2b88db5a-5b43-4c7b-bd59-ef8419dcb54c,9,16,20240918,501.61,31,2024-09-18 07:31:00
a8466c0b-ab12-449e-ac91-f611d7d89fbe,32,632,20241124,1921.51,36,2024-11-24 23:41:00
58636119-d24b-4ec9-8a0a-e7aafa6d5e82,45,547,20240710,1371.04,21,2024-07-10 22:13:00
4151588e-ee34-4f61-a6d7-c1ee7d81e91c,13,577,20240704,243.64,7,2024-07-04 04:02:00
aacd5f48-6590-4344-a0f6-4e2a697763fc,11,618,20240812,1254.15,50,2024-08-12 05:30:00
f156c90e-21d6-4dc6-95f9-0c13c918043f,46,484,20241009,735.98,43,2024-10-09 20:29:00
ef40ae4a-5d31-4d52-aa7e-bb2e50aa9bb9,21,131,20240821,609.99,27,2024-08-21 10:46:00
ccf4cb84-0433-4bfb-a266-24c41e5c9ec4,17,693,20240922,1637.36,5,2024-09-22 13:58:00
1606b67c-8d07-4df2-a4e9-da567a74a259,11,942,20240615,1660.97,3,2024-06-15 09:55:00
519bedd6-7f33-4e52-bbf9-841e2414f57f,47,320,20240903,82.48,26,2024-09-03 10:15:00
cd83959d-1ce8-4a77-b1f6-48ae6ad055f1,12,795,20240701,1100.36,47,2024-07-01 04:58:00
943c3bad-0de8-4cc2-b646-43e28c611f49,12,832,20240707,492.12,16,2024-07-07 05:28:00
3c61ef91-6c11-4e7b-99ce-e565712efe01,43,52,20240908,96.89,30,2024-09-08 19:11:00
30b70aeb-f593-4150-8aa6-a57625d58326,19,885,20240713,221.58,36,2024-07-13 07:17:00
de7fd453-9d1d-4b77-86dd-c002d49b054e,16,106,20241027,1825.87,12,2024-10-27 15:44:00
6185f7d4-1667-4656-93a0-72b96117941b,20,638,20240729,504.18,27,2024-07-29 16:11:00
e6f48d9d-610f-46aa-8908-ca9c17ba380f,13,968,20241024,162.37,33,2024-10-24 21:47:00
89f8c834-7122-4384-9d45-8f119e60a3da,44,310,20240903,360.68,34,2024-09-03 06:03:00
4747019e-69b9-4a59-a990-7704ba693f9e,22,180,20240828,623.07,26,2024-08-28 09:25:00
318881e6-ea9b-41c6-b122-69e10a35eeda,11,939,20240913,828.05,24,2024-09-13 14:36:00
a704b029-7e18-4298-b900-ab8593d71ec7,26,520,20240911,1817.78,33,2024-09-11 02:21:00
ad1cbdda-bd0d-444f-81a3-fdebea5d010c,16,917,20240928,89.95,16,2024-09-28 18:23:00
ae9459dd-06d8-460c-aea7-54bd935e50aa,6,226,20240609,52.98,22,2024-06-09 00:57:00
e7ab3dc9-c0dd-4270-b35f-51fca177db68,1,968,20240824,1527.23,12,2024-08-24 19:22:00
c39ec4e9-8c6d-40d3-8045-8cf4eba45a69,36,836,20241127,1905.19,43,2024-11-27 02:59:00
f91f656b-2cff-4ed3-ac3c-b98c36bef09c,40,276,20240819,173.36,9,2024-08-19 17:30:00
22f38739-43ba-4709-bc1e-9b85a3cbfd2b,1,304,20240613,395.35,4,2024-06-13 11:42:00
c0e37a87-ff26-4702-852d-0f9d28dfba3d,50,184,20241031,1743.18,47,2024-10-31 10:14:00
b216b9f6-9e9a-4414-9052-c2facd51bc3f,9,755,20240901,973.43,43,2024-09-01 07:30:00
4263560f-22d5-4fa2-946a-70c7a87557c9,30,583,20240627,1416.69,50,2024-06-27 15:46:00
c2a8c578-f361-4c6b-968a-efa398422711,21,594,20241111,1708.41,37,2024-11-11 00:52:00
28ff2039-611a-498a-a2c6-eac195b3fc69,18,55,20241018,349.21,22,2024-10-18 09:37:00
278110dd-1472-4afc-ae8a-c660ae19861d,44,769,20240829,1106.47,25,2024-08-29 12:20:00
1e305999-9d66-49f2-959b-4b19dadd1f6c,46,991,20241103,1665.79,47,2024-11-03 06:11:00
90bf9dc5-be90-47ac-b8e0-d3269e507023,18,18,20241103,797.72,1,2024-11-03 19:01:00
eeada66d-462d-43b0-968c-92cfba50b6ab,46,942,20240823,794.17,30,2024-08-23 18:12:00
7cf04360-0dd5-48df-b61f-1358750e1f81,5,68,20240711,250.81,6,2024-07-11 09:42:00
8b617de4-7eff-4d25-a54d-fb494f9a3509,38,640,20240902,1037.15,24,2024-09-02 03:25:00
5bd3a527-f6a7-4689-b349-053da67b1aeb,19,512,20240921,1744.25,12,2024-09-21 23:34:00
296cacc1-3307-41d0-9758-aa0b4c84b727,5,915,20240930,1148.74,40,2024-09-30 13:32:00
4d98cd64-a17b-4d8e-838a-fa7934472d8d,33,155,20241123,429.91,25,2024-11-23 16:54:00
e7334d7f-d57e-450d-b66a-b051719304e5,49,242,20240623,1154.65,32,2024-06-23 10:19:00
e335d83b-7606-43c5-9057-42f790d4733f,18,676,20241002,1548.87,8,2024-10-02 23:54:00
aeb40039-2736-424f-826a-be1cb03b1473,43,67,20240828,500.89,38,2024-08-28 09:19:00
732fb8d2-c806-48ae-89c8-7a59ee20bd58,34,426,20240821,504.14,48,2024-08-21 14:19:00
3db52a08-706b-4692-a40f-b4eeb9e12676,49,194,20240611,280.11,9,2024-06-11 19:08:00
586b1f53-ce53-4b4c-8f90-5d6ef5cc52b9,39,380,20240913,609.1,41,2024-09-13 00:26:00
6b121e9c-a206-48ef-b18c-a861f2cd34f3,48,83,20240724,729.64,46,2024-07-24 11:27:00
60683914-3263-47e2-abd0-de57b377aef3,31,433,20240703,825.15,9,2024-07-03 05:42:00
69208058-6c35-4625-b675-8a2e293cee72,47,3,20240708,281.81,17,2024-07-08 16:27:00
7b5e877d-4871-4b33-9eb1-72d27897eec4,16,861,20240804,318.56,18,2024-08-04 18:58:00
2fd8a7cd-1525-4ef1-bede-bea4b8d1e48e,48,714,20241118,477.13,42,2024-11-18 16:42:00
cca993e1-8c5b-4aee-a7fb-157678c12370,14,6,20240713,1330.73,30,2024-07-13 22:16:00
323e36aa-db9b-49ea-8666-d9b184cb925b,11,707,20241109,1092.36,42,2024-11-09 01:33:00
36485590-08dc-4509-8768-59a491214d1c,46,853,20240707,1137.07,40,2024-07-07 01:38:00
433011f4-458e-4b4a-891a-897ff5f4113f,6,464,20240808,851.93,5,2024-08-08 11:51:00
83407971-0c2e-46c1-a8a5-6cb3f387e91d,49,127,20240602,1678.23,16,2024-06-02 14:23:00
cbe405f0-8354-4395-8292-7549dad43106,26,980,20240929,349.94,25,2024-09-29 23:09:00
c643916a-42f9-4d7f-9726-b083961dc0a4,38,895,20240702,1710.36,1,2024-07-02 11:56:00
2c18f0d7-c206-4d4e-84b9-c3f7a75a0c7e,8,691,20240920,79.33,50,2024-09-20 13:55:00
7095b0f2-c5de-44fd-95f3-ba83c7c95f26,15,515,20240920,1415.96,24,2024-09-20 18:55:00
63cc9f98-1482-4bff-be8c-d11a955a9c7c,27,612,20240803,1191.75,11,2024-08-03 03:57:00
33044465-4de9-4648-9731-5aeb0c94e140,41,23,20240805,145.9,16,2024-08-05 10:12:00
1882f6a3-7940-4d3e-b297-02f59545c460,21,611,20240711,1171.16,18,2024-07-11 18:21:00
f3075a6c-1f0f-4213-9c59-f8722b4bf7bb,25,546,20240812,1063.85,3,2024-08-12 18:54:00
75856ecf-8023-4bb9-bfb4-f498a1a0db10,24,524,20240618,83.1,26,2024-06-18 08:51:00
ca4222e3-ecc0-4779-a53d-c4819ce45050,26,151,20240830,1632.38,48,2024-08-30 07:30:00
7eaca8e8-acf4-46ba-9dbe-fa067163e855,18,811,20240601,875.66,43,2024-06-01 11:54:00
4356d49a-929c-41ba-851e-46a10f455660,40,326,20241017,492.24,47,2024-10-17 14:32:00
353f1dfa-edf7-4fb0-b3ae-1e3d50045287,26,109,20240906,291.36,5,2024-09-06 16:55:00
71e013f0-839d-4304-aa4d-774a5085abe0,30,854,20240801,1628.3,17,2024-08-01 05:39:00
41f5957d-85f0-4d5d-805c-7b501226198c,11,505,20240627,806.89,20,2024-06-27 23:26:00
cbf3db75-2c8e-455d-beab-2ee3843ae260,10,591,20241128,574.12,24,2024-11-28 03:47:00
2016969e-9af4-487a-9b4f-1f926cfa6941,13,710,20240814,1825.5,46,2024-08-14 06:39:00
515c7471-abb0-44c9-888d-8409e70d59c5,5,930,20240602,1695.27,36,2024-06-02 04:24:00
7acebd57-8790-4682-8e6c-b73175106a93,23,303,20240729,808.39,35,2024-07-29 17:21:00
8de2c065-eee9-4fcd-a23b-73e160ff4f80,8,858,20240810,1013.31,46,2024-08-10 13:05:00
334d8673-2d37-4420-95fa-0b84bcfee0d2,11,197,20240714,1776.94,19,2024-07-14 04:24:00
613a78c4-e30c-497a-a55c-78357d255921,18,847,20240929,1466.17,21,2024-09-29 07:24:00
c84ace24-232a-4e26-993a-b68f1ac8a6ba,46,44,20240906,316.44,19,2024-09-06 11:13:00
9c75f656-fc4c-4e95-81c0-26e5b39f8617,24,479,20240710,1504.21,18,2024-07-10 10:15:00
5c5cfd1c-b31c-4656-abc1-ad52ffd6d6af,48,707,20241124,1597.87,28,2024-11-24 23:24:00
63485a21-af13-4318-b41c-bb93f2789251,11,582,20241123,1405.73,38,2024-11-23 09:02:00
01ab2f44-e70b-4736-8e53-96ff891dc05d,48,188,20241103,1491.82,3,2024-11-03 23:56:00
65a75d7a-9f8a-4164-98c7-3024d7eb00ad,21,557,20240913,384.11,7,2024-09-13 21:56:00
6596ffa9-5bcc-46e2-9df9-f6e15f94563e,3,909,20240715,750.63,39,2024-07-15 00:38:00
453fda89-0012-42d0-baf2-944a8342d780,2,945,20240603,425.0,41,2024-06-03 02:06:00
cdab01b9-5e1d-4f55-bd0e-37a5d950177c,25,793,20240617,1491.32,16,2024-06-17 18:14:00
ad05174c-5886-4448-847b-aa81d7e0f827,18,416,20240903,360.24,49,2024-09-03 02:30:00
a9b4897f-4047-49b6-ac6e-11fcbc8bbbf9,46,735,20240728,327.61,2,2024-07-28 10:20:00
8dac207b-338f-4670-bf64-d0e406873b73,22,38,20241126,1902.59,44,2024-11-26 02:28:00
ad58e000-f32e-429e-8e5e-c16b8dc4edaf,23,93,20240810,1177.8,1,2024-08-10 20:42:00
68a6a77a-1528-473a-a0ec-3770d0273463,28,617,20241001,1582.77,19,2024-10-01 03:44:00
a2100f0f-384a-42ce-a383-b3a9ecf338b2,13,142,20240918,971.27,24,2024-09-18 05:52:00
3e1035bd-8f16-4887-b25b-ac41027dff7c,48,887,20240810,1829.13,30,2024-08-10 16:43:00
7d9daef1-543d-427d-96a9-bf14fe9346ed,2,995,20240726,235.33,18,2024-07-26 19:37:00
e63d052b-cbe5-400f-bb73-5316df5c5cd1,36,767,20241112,788.84,49,2024-11-12 03:14:00
065e6bbf-53cd-463c-a536-d4a12729d6bd,34,330,20240616,613.96,16,2024-06-16 00:03:00
9a6d4a8f-d249-4342-9712-ab782beab45b,39,479,20240907,92.99,44,2024-09-07 04:03:00
e1bf85a9-0c04-40f0-a539-ba25d0a564ac,41,996,20240818,1776.9,26,2024-08-18 09:32:00
0c2db599-dcb7-4429-a8b7-ea7acd3aac61,42,92,20241012,709.79,14,2024-10-12 18:25:00
edb84e4a-3f44-4d08-bff5-baefc708b4ef,4,63,20240915,1442.35,49,2024-09-15 22:37:00
75f525f4-59b9-4e4f-8ef9-97c40f3fc0aa,41,803,20241024,1087.08,15,2024-10-24 01:37:00
7cbfd309-e6ba-40b9-9b33-385c2e61d331,47,561,20240604,1807.81,15,2024-06-04 16:41:00
09130c1e-f8b1-4333-a3cd-4d1f78707a44,48,680,20241127,66.74,27,2024-11-27 00:33:00
215be693-5807-423a-b491-fe16cc21e2d8,42,116,20240923,1189.77,39,2024-09-23 18:01:00
2fd5c3c3-fc96-4582-bf59-a659f7d6905e,7,680,20240829,1648.27,30,2024-08-29 01:41:00
23021ad5-8a0e-4cca-a3bd-2b8b051deb38,6,862,20241110,977.57,22,2024-11-10 03:46:00
97d8475a-9700-4a21-9a13-26754eca8786,4,294,20241027,1052.85,48,2024-10-27 19:18:00
2e3f981f-c2a6-4373-9503-f0b92c1d5372,35,125,20240819,151.86,3,2024-08-19 03:55:00
52218384-3276-4601-ba06-07967730c87a,2,931,20240717,551.61,42,2024-07-17 05:37:00
03d4dc1e-7fa8-43c0-a661-1eae4f0ea777,3,852,20240704,1822.17,39,2024-07-04 23:27:00
6401a1c8-716d-43c2-b3c0-3007a0a2f219,36,854,20240724,530.5,22,2024-07-24 04:55:00
e7b2a33d-577d-4c84-b35c-30b49817f867,34,76,20240920,1757.05,42,2024-09-20 05:44:00
90b60bbd-8d29-485b-8d55-fa711ab40381,5,914,20241115,1769.94,16,2024-11-15 02:06:00
bb89a661-2f98-49d3-907b-1968d65f3202,40,461,20240914,727.94,40,2024-09-14 05:38:00
fac42cb2-fa07-41a3-aae6-0c90ad4801fc,30,97,20241127,832.32,16,2024-11-27 10:47:00
8cf43726-2285-43a7-90cc-da9bec5d96a5,4,302,20240905,294.89,50,2024-09-05 16:20:00
409a461b-1c5f-4a98-80b4-df209f673192,15,654,20240919,1684.41,47,2024-09-19 16:27:00
252af265-7355-4be3-9a41-5a71650f4925,47,896,20240812,1269.88,7,2024-08-12 17:28:00
265c629f-ccd5-44d7-afdd-80fddcb7d0f1,39,865,20240816,215.12,32,2024-08-16 20:27:00
d07fbf4e-071e-498d-bcda-cf2e9001182b,18,256,20241003,254.66,38,2024-10-03 03:19:00
0a827c2f-7c9d-4408-98bc-6b8561f57eab,40,328,20240802,900.75,43,2024-08-02 05:04:00
58727773-874f-48de-b7b4-2a4a0010f39e,11,593,20241019,764.92,32,2024-10-19 04:02:00
bcba8aaa-be0a-46ac-acf2-232b55cf6238,21,338,20241021,1663.33,11,2024-10-21 01:10:00
56db27f9-a253-429b-b623-0eee13bfec6b,7,641,20240814,991.95,5,2024-08-14 10:00:00
4b3e2ce9-a656-41cf-ab78-e3a65d12c7a0,30,543,20240802,337.88,16,2024-08-02 13:19:00
821b4d9c-31df-4180-a3b8-3d172a3a59c1,3,756,20240919,1015.26,18,2024-09-19 01:02:00
8a6263fb-ba67-4c48-adfb-0d6c668a8d28,35,345,20240622,328.09,15,2024-06-22 06:58:00
df51c278-64a5-41b4-b31e-60ff2ed43b5e,49,27,20240802,937.41,41,2024-08-02 00:38:00
1454c734-9847-4dd3-b705-738d92446e04,31,70,20240922,81.4,20,2024-09-22 15:23:00
3c511cbb-e087-4689-a0e1-f18496f0711f,33,507,20241107,1198.23,42,2024-11-07 00:35:00
a278e10f-03c3-49ba-80cc-12aa5640885f,5,854,20240701,532.41,30,2024-07-01 01:01:00
ff8a367a-d9bd-41ab-a574-a64d231e6d5b,24,84,20240921,502.64,21,2024-09-21 10:56:00
7d173828-a18a-4094-9c84-c0ceea87aa67,35,702,20241025,131.93,19,2024-10-25 11:45:00
76eb6db2-8bdc-49e9-99b0-2021e92b4353,30,872,20240909,198.03,33,2024-09-09 06:46:00
5c397e8c-b2af-488b-85b2-0eb41e1c2085,35,119,20241015,1379.57,43,2024-10-15 18:26:00
113d80f1-c8e8-4382-937f-00b654d9cbf8,29,485,20240702,1348.08,16,2024-07-02 23:42:00
9e0df8fe-4eea-4587-abd2-4a3b0ef95058,19,798,20240731,1261.55,18,2024-07-31 11:56:00
a4796676-0ae5-4c4e-9b05-5c493fa89f62,41,80,20240929,1142.66,45,2024-09-29 10:17:00
afca21df-4a14-4417-9b5c-e5d5bbebf16a,42,300,20240810,1770.62,25,2024-08-10 18:39:00
59a2be84-bf73-4376-b285-64b6f064abd4,35,17,20240624,802.8,34,2024-06-24 03:27:00
ed1eceb8-5798-459a-b0e9-a640a8e812b2,15,469,20241030,915.28,41,2024-10-30 12:44:00
33ea8705-ef3d-4ecd-bc2e-228ffe87ac44,8,979,20240621,1137.67,6,2024-06-21 20:17:00
ba5bd9bb-c435-43ce-b59c-44664949b6e1,21,188,20241007,1783.53,40,2024-10-07 01:22:00
3d41e11a-d690-4ae0-937a-aa829478af65,20,676,20241118,1367.89,3,2024-11-18 18:10:00
984e531b-c0d7-4167-9cbc-0c502c03485a,14,47,20240807,445.14,36,2024-08-07 04:23:00
27aa56b1-6942-4a8d-b6c3-8711ff0dea12,7,771,20241026,75.74,1,2024-10-26 11:16:00
27803ae1-b5e4-4f71-aa31-5f1e22972c1d,44,294,20240728,630.74,18,2024-07-28 01:32:00
87b80547-97c4-4945-a9f6-dafa4f3a2776,40,179,20241114,1421.38,27,2024-11-14 22:53:00
53b3fec6-7adf-4347-9561-bc8cc3862c53,9,738,20240627,1269.12,40,2024-06-27 14:11:00
d22ccf0e-4c01-48bd-bea6-a8f385d61070,48,404,20240928,1379.14,35,2024-09-28 17:31:00
e0cf4122-a30e-4ec5-8948-7d07158cbc9c,28,432,20241013,1264.99,40,2024-10-13 05:10:00
0b01737d-8874-412b-8b0b-1ff92cadc6d8,5,885,20240808,971.29,50,2024-08-08 06:41:00
5430245c-7235-4add-b031-968cce4b884b,16,726,20240704,303.96,36,2024-07-04 14:51:00
8d6d2db2-69ba-4c8a-8639-62ffc681ad65,21,801,20240825,670.12,26,2024-08-25 23:05:00
33bf8597-6a4b-48f9-a4e2-c5e9771fda86,42,414,20240831,1125.7,44,2024-08-31 11:10:00
cd97589e-347f-4359-9ff0-ef1193f69736,28,343,20241013,1580.15,44,2024-10-13 10:43:00
c83d2850-dcd5-4d4e-accd-e1d8f7438b1d,37,371,20240715,1102.34,39,2024-07-15 01:03:00
23e9612e-ee9e-4349-9a75-5c3cb728847c,40,87,20240709,1238.29,13,2024-07-09 21:39:00
6773f2c9-9446-493a-92ee-a05d1225e40d,30,962,20240811,119.71,5,2024-08-11 09:23:00
827a194e-0bb4-4790-8f5d-0aa3ff61e199,3,197,20240911,229.19,36,2024-09-11 02:51:00
813bd158-9388-423f-a164-19b50686251a,16,524,20240603,606.01,8,2024-06-03 16:37:00
a6c31d30-2914-4ae3-b1af-20a40d981c5e,11,429,20241014,589.19,31,2024-10-14 18:56:00
e151e483-9e62-4b95-83bf-ab94e48546c4,25,837,20240714,1862.89,8,2024-07-14 21:26:00
daf77b26-c64b-4689-b410-b7f3768bd374,27,163,20240612,1974.95,46,2024-06-12 07:55:00
b373ae18-337f-4157-82e7-fb9f339f516b,34,871,20240920,1465.68,11,2024-09-20 20:46:00
05fd1a21-9238-4ebb-8d2b-bebd7ddd2a73,33,279,20241012,1102.33,5,2024-10-12 01:27:00
7a3df7ca-06f3-40d8-b9be-ccc88f3ead40,50,298,20241128,266.25,46,2024-11-28 02:28:00
452fde0d-666c-4974-9b41-8b90564dd099,19,633,20240705,1085.53,37,2024-07-05 04:19:00
69f1738d-0019-4835-9b65-5a99d928920f,2,499,20240920,1803.48,29,2024-09-20 04:17:00
1a19c23a-75a5-47a8-87e0-2c07ca8d4a6c,41,759,20240704,1972.0,29,2024-07-04 06:12:00
cac73ff4-2cb8-4f99-8a4a-4d4770b35bd1,3,457,20240826,1065.04,47,2024-08-26 10:44:00
7f0eea46-8102-480b-aa35-a162dceb554e,10,533,20240821,673.63,19,2024-08-21 18:30:00
84e776f7-d7df-4f20-aa0b-46960e8bd929,41,166,20241016,1962.89,9,2024-10-16 12:49:00
53e57fe3-a085-45f2-9802-cc79e79a5e76,24,944,20240625,1576.21,13,2024-06-25 08:24:00
62558133-3e04-4991-ae53-39576c5ddc56,47,212,20240727,479.34,16,2024-07-27 14:42:00
cb455b39-5412-475b-9051-e509065454c5,30,649,20240915,1193.66,22,2024-09-15 05:26:00
af0ea387-75e1-4b3e-862d-a6ee41e58a89,37,381,20241114,658.84,48,2024-11-14 08:16:00
6468443c-eb54-43ba-b300-671f08cc4c15,49,236,20240816,1059.97,1,2024-08-16 04:24:00
bbef3af0-4182-4ac5-8fed-4f0ea73870c7,14,830,20240927,908.99,11,2024-09-27 12:09:00
ee826f07-f3c4-4035-aceb-5474f93705d5,22,797,20241013,1298.43,50,2024-10-13 13:22:00
6d1698fc-147d-4e36-bf16-32811ff9a313,30,922,20241123,57392.45,14,2024-11-23 14:51:00
ce0e483b-60d4-49ec-9968-4f8a431947f1,39,708,20241006,1095.34,7,2024-10-06 02:24:00
8da48d54-bfc6-4f87-a6a5-e78b39eb4df6,13,826,20240920,1429.81,47,2024-09-20 14:22:00
e0dc6623-623b-4181-8968-9984ef720276,34,294,20240715,1368.74,35,2024-07-15 00:23:00
f1e0454d-9ff6-46cc-8914-01204ea4e2d1,7,909,20240917,1239.87,43,2024-09-17 06:17:00
083d3410-11ca-4583-babd-073cb90bd1ec,8,157,20241027,1359.9,12,2024-10-27 08:02:00
be110a0c-2768-478f-ae88-aeae60d78d8b,10,721,20241110,1463.86,11,2024-11-10 20:30:00
f8df1e67-343e-40aa-8d9b-ed78e9084169,3,305,20241008,322.1,49,2024-10-08 01:09:00
4ab18be2-cf86-4570-9228-2e74cc4f037b,41,479,20241116,720.13,22,2024-11-16 02:36:00
085b7da6-9271-45ac-b990-712fb8719235,37,100,20240823,1348.83,49,2024-08-23 19:42:00
9962d79f-7c58-4b62-b3b9-b817430e9720,8,769,20241023,203.33,15,2024-10-23 15:19:00
b71338cb-95b9-4916-95a5-828a5be3b7ab,40,238,20241002,436.36,6,2024-10-02 05:48:00
8cf06e80-632d-4918-86fd-ef4584160972,23,813,20240813,213.09,8,2024-08-13 20:22:00
1300072d-c3f2-4b7c-8104-03f616fee978,10,517,20240625,1556.12,45,2024-06-25 03:28:00
9925031f-a3a7-4629-b281-b1bd0723135e,8,266,20240722,499.03,8,2024-07-22 10:00:00
4eab0a58-d8f4-478c-a05f-e956e9ce2fd1,10,588,20240705,1899.6,13,2024-07-05 21:34:00
b09a68a5-bcc3-488e-94aa-0bf57cc758e5,15,106,20240904,910.3,19,2024-09-04 13:39:00
26c99f5d-5eb1-419d-a4c9-f3ef01998e58,49,905,20240827,1063.38,37,2024-08-27 16:21:00
a369a520-8a44-434f-ab34-3455d5e98f6f,8,523,20240804,102.61,46,2024-08-04 09:37:00
0ad07691-a95a-4ffb-80e3-e4dfbd647f2b,26,800,20240606,1306.25,37,2024-06-06 16:01:00
638708ba-b426-4600-8a8b-59b0da4af027,24,684,20240926,357.63,18,2024-09-26 18:04:00
5b5566de-bdf6-40fd-a948-b30cc7d26dd9,35,782,20241113,1900.78,12,2024-11-13 22:26:00
2d3e115c-9103-42d3-a62b-43de2a29ea8f,42,640,20241016,957.82,25,2024-10-16 11:45:00
6c0768b3-972f-437d-89b2-72c87f52afdc,50,977,20240610,1207.43,34,2024-06-10 22:32:00
cce4940f-22b6-47b8-8271-2c0d3807f3df,27,629,20240604,255.24,25,2024-06-04 06:37:00
d975c0ba-3e7d-4092-aa20-38b191694ed8,45,567,20240828,1537.63,11,2024-08-28 17:31:00
d2b88389-c632-4460-bf48-a77420335d7c,43,243,20240711,76.01,17,2024-07-11 00:18:00
8217cc7f-8084-4d7d-b213-5ddca64be985,1,131,20240703,1973.09,24,2024-07-03 16:08:00
76ce9563-84aa-4698-ac1a-471332072c3e,7,912,20240706,906.28,10,2024-07-06 10:27:00
18eb5c40-c4f3-44a0-9f93-d6e640fefd1b,39,800,20240608,631.92,45,2024-06-08 02:35:00
f070130f-2c1e-4f2d-8064-f92234392f8c,4,896,20240620,523.59,17,2024-06-20 15:25:00
badbcbc6-0b0e-41b9-8d21-a0705caaa1a6,37,229,20241103,138.24,16,2024-11-03 13:28:00
94cca939-fb0f-4e8a-9079-fdc4abda5eaf,7,937,20240904,1714.39,47,2024-09-04 11:19:00
b85f8d67-0bd5-4e3f-a5be-7d50dd80553b,2,750,20241010,289.65,10,2024-10-10 15:06:00
0c790619-188e-49cf-8a83-55a6633b3b4f,47,811,20241025,871.29,44,2024-10-25 23:10:00
cc8f2449-66cb-4e4a-bfad-0595b628020a,10,511,20241124,1597.61,15,2024-11-24 15:29:00
9e64ef2b-ac79-49ef-8844-364b7c9d91f1,46,56,20240710,1808.91,14,2024-07-10 09:54:00
c05a151a-adf1-4ae6-abd9-a43f011ac52b,29,884,20240823,1833.49,45,2024-08-23 08:32:00
5d0bb656-8704-4f9b-accc-960f43af593c,47,548,20240702,82.61,5,2024-07-02 12:03:00
0c7366a7-f5ba-473c-b126-204b26e22a65,12,210,20240709,1104.45,48,2024-07-09 13:34:00
4a652362-aa18-4cc6-9848-946c00bdeea4,30,51,20240728,1460.02,33,2024-07-28 11:38:00
e7e106f4-beaf-4a31-9129-50dcca89b6fc,6,338,20241008,1776.34,27,2024-10-08 01:45:00
0332125a-215d-4dc8-9838-3938979824d4,34,742,20240801,624.92,23,2024-08-01 17:42:00
2858fc4a-2386-4c38-a882-45d2270144ce,17,759,20240622,403.77,5,2024-06-22 20:21:00
3ecc9540-2873-4194-8765-fecdf0976512,37,655,20240626,1815.44,37,2024-06-26 23:04:00
86497253-0ad2-435c-a721-a70dcbf19808,31,122,20240930,1678.08,25,2024-09-30 06:36:00
9439d9c7-daf0-4e2a-8f47-62871e3a5564,4,611,20240901,749.07,35,2024-09-01 07:38:00
b430ca35-8f25-4b00-a332-b0e70d2bc9e7,12,619,20240630,1259.32,33,2024-06-30 06:20:00
01da3385-d2dc-42a9-bfb1-38983a20dd47,21,208,20241114,1917.24,48,2024-11-14 09:39:00
ff87785c-e0bd-4784-96b8-4e3abc51a843,9,286,20240713,1533.5,16,2024-07-13 17:48:00
972aa42c-c836-499b-91b2-e5fe2fba6ac6,19,800,20240918,199.13,15,2024-09-18 20:07:00
5aa6b674-771a-4c90-b912-113a59dfafb7,31,530,20240627,1159.33,5,2024-06-27 03:47:00
58cd63a8-ddc4-45c7-b228-2cafc888694a,21,84,20240909,1924.84,23,2024-09-09 12:05:00
cd720957-708e-47e7-8872-7bd097db3cd9,18,654,20240906,880.21,3,2024-09-06 21:04:00
f8b29dc4-6cb5-4124-8d9e-b6409a361d14,13,123,20240603,970.46,28,2024-06-03 01:31:00
5008a247-b3b3-4c84-b9b9-55e809dce330,34,838,20240714,398.01,18,2024-07-14 23:33:00
ce5ea455-5abb-4fa0-8eb4-3780a09f729a,27,133,20240610,1469.53,9,2024-06-10 06:35:00
0290893e-308f-40dc-8439-b61addecba30,12,404,20240707,753.06,22,2024-07-07 15:24:00
ac7f42d2-1b0f-48fc-9533-d629bacaf112,38,718,20240821,1073.69,24,2024-08-21 16:36:00
ae833449-e145-4b0d-9b46-8ad89aafafe2,44,439,20240726,934.53,3,2024-07-26 00:02:00
17b33763-205d-4d0d-a7ff-0e29a3ceb484,45,645,20240912,973.26,7,2024-09-12 10:34:00
e4cb8efd-2b0f-4e17-b0be-da120df7b693,10,122,20240630,834.18,29,2024-06-30 01:31:00
8db26707-c7d3-49a6-bb6c-6447b4900be5,11,116,20240912,1034.06,10,2024-09-12 10:39:00
128a2af0-e794-47f9-a329-12a0e1ec31a9,49,531,20240911,869.4,36,2024-09-11 23:29:00
dd79e7ad-06ee-431f-9579-0980ec805b9d,40,566,20241022,690.37,9,2024-10-22 17:44:00
f0803471-1c4b-45df-a970-69c0e0a7d68e,29,423,20240709,837.62,47,2024-07-09 11:59:00
44781f3e-3717-47a9-b28f-bd6312d6d76a,28,151,20240803,150.18,23,2024-08-03 21:11:00
6ad408ed-eb25-4df5-bacf-d7e2b3dcd2af,5,190,20240930,233.94,26,2024-09-30 02:10:00
438a4fcf-1fcd-478c-a0eb-d3df5d0d7fb4,8,231,20240807,742.02,38,2024-08-07 20:09:00
2ee4fa0f-e8f5-436f-9251-56049a0e986a,44,465,20241024,1748.2,47,2024-10-24 04:27:00
797caaee-1a90-458c-8a5e-526dfc706515,26,231,20241114,945.23,2,2024-11-14 04:17:00
b11aebd9-444a-4375-baf4-aa4c1f65eaf0,34,463,20240701,106.42,13,2024-07-01 00:10:00
01c8a472-e1f7-48b0-94c1-2895ccfd4cfb,1,892,20240807,1143.66,41,2024-08-07 16:32:00
2c8d93ae-f4fc-495e-8463-b91cd2d3bf2b,7,838,20240615,183.47,7,2024-06-15 14:09:00
171d5121-215b-4570-afc7-89389a3422d8,41,843,20240731,1558.25,26,2024-07-31 10:10:00
0ddbce21-314a-445f-bc33-a6fc9f2ed0e1,7,646,20240811,65364.17,7,2024-08-11 11:15:00
0d6b314d-8149-48d8-96c6-b2150c5d1cf5,35,408,20240619,1492.69,15,2024-06-19 13:37:00
fbdf2cec-a70f-4956-a908-f9d6bbff0de0,37,407,20240826,336.02,21,2024-08-26 07:04:00
fff0837a-30bf-4928-8a16-0fef92507762,6,199,20240930,723.55,46,2024-09-30 17:22:00
7b0f56b9-ecfe-406d-a916-1edc54f60a17,10,859,20240817,694.06,9,2024-08-17 03:37:00
8f603d3e-0dbd-49e9-8032-f225934be553,38,23,20240703,685.75,43,2024-07-03 02:43:00
5256c741-e455-4dfa-a598-0d4277d938c2,9,485,20240706,662.21,42,2024-07-06 23:19:00
1247cdb0-f206-41b3-b9f2-0233cbe9b099,19,279,20240807,1889.8,47,2024-08-07 07:47:00
66199bb2-d8fc-472e-b3ec-3911eff94cbf,1,405,20240910,452.19,9,2024-09-10 14:36:00
a15ab131-cec5-4706-836d-340d3a685d85,38,371,20241114,503.52,22,2024-11-14 21:51:00
f2303c87-fb2f-42cf-85da-725b7715ea38,23,251,20240920,1477.68,9,2024-09-20 12:41:00
8284e54b-5a39-4140-8203-d362b8c82ac5,13,157,20240918,177.32,10,2024-09-18 06:38:00
39f9cc4a-b8b2-4671-8f5f-d0cca6635e72,19,273,20240920,1018.24,12,2024-09-20 11:11:00
117a7478-ccc7-4dee-bc9f-176199306550,39,45,20241106,1761.83,8,2024-11-06 19:47:00
367a94cb-f44d-4d90-91b4-40f04c0ff900,23,285,20240628,342.57,13,2024-06-28 08:45:00
1f0a0fff-e291-4b6f-8629-5f9e5aebad81,33,41,20240902,833.46,10,2024-09-02 15:14:00
96c928db-2f49-48ae-b14c-1af529704053,28,77,20240916,524.24,8,2024-09-16 22:14:00
098080d2-8fa2-4f93-ad52-b241836ad400,47,905,20241023,914.91,1,2024-10-23 11:02:00
a1bedef0-4758-4649-9c45-f915fdfd4ec1,10,965,20241030,1957.94,29,2024-10-30 23:41:00
d82a5cba-b2cf-41ef-86d7-4a6904f6c50c,34,292,20241031,772.53,46,2024-10-31 21:11:00
9cca2e42-9fa6-45c8-b6cd-7b5eabca8030,9,304,20240611,1290.28,46,2024-06-11 12:02:00
8b9a9c58-e4ad-4163-8e8f-150257d90fdc,8,331,20240819,1657.5,6,2024-08-19 07:26:00
ea834d80-faf9-4b34-b44c-1d8d5004b4a6,19,225,20241004,1613.76,22,2024-10-04 01:19:00
bfa58adb-8f4b-4943-8aac-0b6b9527c0e3,34,480,20241021,1406.24,21,2024-10-21 07:36:00
cc48e698-95ef-4cec-b121-cb8af5a720a8,13,671,20240914,801.39,18,2024-09-14 07:54:00
bd957e2d-541a-42b7-a21e-046b13e75497,6,663,20241010,323.32,41,2024-10-10 00:29:00
e85c91ea-4ea9-4095-b9a4-a7dcdf2d0337,26,94,20241101,991.5,19,2024-11-01 14:39:00
a5a9908e-dd0a-4f40-ad8f-c53314ab7c89,47,490,20240704,85.94,40,2024-07-04 20:32:00
7991f4a5-1b50-4a7f-a2af-fb3226ec2f06,46,489,20240711,1019.89,32,2024-07-11 10:22:00
043051ca-5fd0-4368-b7fd-a6b9ef7d6f4d,33,986,20240830,504.31,35,2024-08-30 06:38:00
aec6e2ed-b891-4129-9aac-78c1ab07a090,3,261,20240919,1049.51,28,2024-09-19 12:27:00
5938a988-469c-4dfb-a388-30508f3e0bac,34,853,20241002,1553.75,10,2024-10-02 15:20:00
0c3b965c-6de9-4420-a54a-53ba87f0b632,46,382,20240718,949.16,47,2024-07-18 21:11:00
7f357b8b-f01c-46b3-ab5f-c04545b1b48a,27,763,20240729,1335.88,42,2024-07-29 09:29:00
a976ff8c-90c2-4a95-8456-00d40e2b7d23,10,5,20240629,789.45,30,2024-06-29 13:43:00
16d83fd3-d96c-4401-a566-85e9f4a0fe20,7,780,20240720,478.81,14,2024-07-20 03:55:00
141f7613-7acc-4269-8b34-30d95c8c2755,33,222,20240701,627.71,26,2024-07-01 00:54:00
377a71ba-32a5-42c1-bfeb-922e40218143,1,260,20241017,440.43,19,2024-10-17 18:32:00
f3541e0a-30a3-4c0c-865d-3bab5047d867,22,748,20240920,783.93,34,2024-09-20 23:07:00
7a9fc05c-fea0-464a-b7d6-b088151cd781,21,383,20240701,952.02,46,2024-07-01 08:26:00
f026f9dd-e78c-42a5-9962-fec1115df16a,11,485,20240614,442.32,13,2024-06-14 02:11:00
52d13fbf-d74e-4bac-beb9-d9ef24d9e760,30,203,20241022,836.99,14,2024-10-22 01:29:00
d5f22c03-9b3e-4041-8ada-331bd81168cd,36,176,20241120,1251.2,21,2024-11-20 02:40:00
4fda3a62-62e3-4180-a47e-0e6c8ac62142,8,964,20240626,934.4,10,2024-06-26 23:48:00
17c00259-8cd3-4941-bf5f-a6722e2c7cc4,40,245,20241120,882.7,9,2024-11-20 23:02:00
f54bac7a-2006-4ba0-b941-86bf63bb068d,42,578,20240727,392.58,31,2024-07-27 08:43:00
5caef670-4069-47dc-bafd-a8d1979c0eeb,15,926,20240917,123.81,19,2024-09-17 07:35:00
98d292b6-499e-41e2-b9cb-c925e7e13f5d,13,479,20240827,1369.09,33,2024-08-27 23:49:00
c2c82c12-e570-47de-b00e-726ab3de4ed6,37,555,20240923,784.41,44,2024-09-23 13:12:00
8ec912f7-b192-4520-ae55-f14829b130be,49,305,20241113,368.77,44,2024-11-13 05:15:00
0e4a6339-88b0-49c7-9eae-8b6fa317c102,20,414,20240726,1860.03,44,2024-07-26 16:54:00
f2108e40-aa89-464d-b464-6160dbfdc6ef,33,513,20241009,1310.03,23,2024-10-09 19:54:00
60b01872-f2c1-409e-8c50-7282d563284c,18,533,20241013,576.0,24,2024-10-13 14:47:00
5123e94b-3594-4c00-900d-2ab96369e1e0,21,391,20241029,1785.51,40,2024-10-29 11:53:00
97fa2481-d1cf-4485-b602-9f3a4d92732e,49,478,20241126,1767.01,34,2024-11-26 18:02:00
a3aa9d20-7303-43dc-9b80-4044ae4dfdc1,39,34,20240902,1837.18,39,2024-09-02 06:32:00
7eb67fa0-260e-41d8-805b-2419fea3a6d2,32,259,20241004,157.42,47,2024-10-04 23:13:00
2674c45c-d207-43ac-8792-eeec6c37bf1a,17,322,20240911,101.16,43,2024-09-11 12:42:00
af2f258c-a18a-4215-ac3f-cf10f8c6975a,2,160,20241012,1341.83,43,2024-10-12 03:19:00
caa11957-1a40-4814-8b27-53c2e1ba6e54,36,349,20241116,1726.75,37,2024-11-16 01:27:00
252a18e7-efe7-4002-be46-f324ac5d4941,33,515,20240617,337.46,24,2024-06-17 02:13:00
3ca1cb77-197a-4a9d-bf69-d61306f47d61,48,920,20240809,49516.53,2,2024-08-09 19:49:00
89a1063b-9b6c-4773-86d5-5a0409ac05e5,3,507,20240802,156.47,16,2024-08-02 16:29:00
e72f781d-c7a9-4be7-8305-a88833e7ae8f,30,305,20240920,1596.32,9,2024-09-20 07:27:00
266a7583-f7fe-454c-ba7d-7242c672cc91,12,552,20241004,1024.24,35,2024-10-04 19:26:00
738f95b7-f212-4379-986e-59bc0394a038,47,526,20240605,329.98,8,2024-06-05 01:09:00
0b4738be-de96-473a-bca3-f8eebbc5bf40,46,735,20240602,1930.53,22,2024-06-02 20:09:00
7b15277f-cae0-418a-815d-d87f6bb10832,12,112,20240720,1296.2,5,2024-07-20 10:06:00
b076f5f2-d9ae-4f5b-b622-4923568e22cb,25,412,20240921,1908.4,31,2024-09-21 09:17:00
57c34acb-792f-4338-a577-4529f0127e4a,48,845,20240910,1318.73,49,2024-09-10 00:53:00
2d8e5eec-659f-4268-94c1-d8ed4e571f4e,8,745,20241107,59279.62,35,2024-11-07 21:57:00
04c3eb92-c20d-4677-8d46-4b2484fd9080,40,136,20240801,833.28,7,2024-08-01 07:07:00
4c5cf511-8d4d-4ef0-9a91-03c629b7dcd7,20,555,20241126,236.66,45,2024-11-26 01:18:00
96f4c65b-51ed-47ce-9a73-7de60904f796,31,463,20241013,1655.07,10,2024-10-13 05:23:00
7efc4436-f82a-4327-abcb-8091b821d68e,39,654,20240723,1858.83,3,2024-07-23 10:30:00
3f52bc61-cc93-464a-b968-7c2072d2f3a1,20,120,20241114,384.53,40,2024-11-14 16:08:00
b8be94a9-e422-4ff4-8838-de61fb41abef,5,20,20240615,1916.76,2,2024-06-15 11:52:00
20c1314d-cddc-4c4f-86bd-86791ad8e250,44,821,20240909,799.15,5,2024-09-09 00:24:00
a5a1ef51-e520-4851-b1b0-d123ac256170,6,939,20240624,1506.63,28,2024-06-24 03:11:00
499381c7-0949-489c-8eec-05fbf9b907c2,29,705,20241105,448.11,41,2024-11-05 12:57:00
1a6d2a6d-34f3-414c-a085-943dc5c98b41,34,466,20241027,1025.23,48,2024-10-27 13:27:00
d1e843f5-c83d-40a0-bb0f-b560d7ccd695,30,128,20240902,669.52,16,2024-09-02 11:51:00
77408cb0-872c-479c-8663-44d53b7fc2fc,37,24,20240831,252.72,46,2024-08-31 15:07:00
edf83235-2a31-4fba-bc17-f27bde74afcb,28,630,20241001,876.72,5,2024-10-01 12:35:00
c9ea33e2-28a2-42b2-9f26-8849dff44156,14,420,20240926,768.28,44,2024-09-26 23:37:00
9e54d7f8-95f0-442d-9476-95686f2715cf,46,527,20241020,696.95,9,2024-10-20 18:46:00
2842d674-3e92-4240-9b3d-c91cd8a520da,34,80,20240921,1041.26,47,2024-09-21 07:45:00
19341ab5-54e2-4655-b75d-1803bc285656,3,724,20240731,687.38,38,2024-07-31 05:48:00
316619bb-b7dd-485f-b91b-113291d9ad57,25,348,20241006,1393.83,7,2024-10-06 22:53:00
e4b0168c-486d-4aff-a4f0-1d39e34b4b84,42,19,20240807,320.06,26,2024-08-07 13:14:00
0f7dbf97-32a5-4843-af17-6d0e0347faeb,39,85,20241127,780.07,24,2024-11-27 14:14:00
fb3e1349-b207-4fd1-89ea-c97d5947a8c9,32,990,20241109,1695.87,45,2024-11-09 18:38:00
94334c99-7e3d-4e02-b510-6bbf846a1ddc,12,338,20240906,1746.77,12,2024-09-06 11:36:00
8ca80408-bd1f-4818-9931-2a6a55dabc4b,1,225,20240712,91.56,10,2024-07-12 14:54:00
9573cf01-17c4-48e0-a552-a89b5da9dedc,41,433,20240614,1951.67,1,2024-06-14 19:18:00
468fc227-8698-4364-8923-fbbecaacb189,38,106,20240921,1252.42,43,2024-09-21 09:53:00
370a855e-f682-44cf-b1e3-21641635d83b,6,175,20240918,1109.41,23,2024-09-18 01:44:00
c76d061c-ea52-4852-9707-063322688de1,3,921,20240609,1424.76,39,2024-06-09 00:10:00
493efa94-d0b4-447e-9441-a4ea3dcc5ec3,23,494,20241004,377.75,22,2024-10-04 14:08:00
0054eed2-ccf9-450c-8019-c518fb2906bf,27,53,20241022,1152.03,10,2024-10-22 00:20:00
620f83b9-9c63-4cbe-959b-0447f8604cda,6,570,20240921,604.69,1,2024-09-21 08:21:00
7b124377-15b4-44ce-8fa8-9a7fd849fa0f,2,291,20240723,545.57,40,2024-07-23 16:10:00
d34a6a88-0663-4c85-aabc-8be3ab3fc4a7,7,333,20240726,913.74,46,2024-07-26 18:20:00
ee447d59-b730-4a89-a775-9a0cbf9e002e,25,472,20240905,333.93,7,2024-09-05 05:21:00
0d9cfd1b-4b0c-4999-a1f3-96aa97121c9c,11,978,20241127,50662.51,20,2024-11-27 15:13:00
5678d82e-6f1c-4f86-ab21-230ade811efd,35,808,20241113,146.2,41,2024-11-13 02:58:00
285c22ad-75a4-45c6-98d6-c9b712d5afb5,20,619,20240927,409.38,21,2024-09-27 12:11:00
6dbc0ce5-6146-4611-9650-3207899dcede,19,814,20241023,611.94,6,2024-10-23 03:12:00
cc5c17ae-9b75-4497-9926-e943d804f94d,14,162,20240630,1170.21,37,2024-06-30 09:13:00
fd186883-8649-49c8-9da4-b0043971831c,4,94,20240627,1308.85,20,2024-06-27 01:39:00
1f888797-5b85-4023-99aa-127cf5bde644,31,883,20241124,749.61,31,2024-11-24 08:22:00
b285142d-2454-415e-bc4c-aedae0dbe4a0,30,12,20241014,614.82,35,2024-10-14 15:23:00
007cb5e6-f360-4653-8f44-e67506f1c941,50,205,20240817,81.44,13,2024-08-17 06:59:00
ef740b18-acd1-441f-bef3-57430a2094bf,14,385,20240601,584.66,5,2024-06-01 11:35:00
10e031f8-1752-4809-9726-6b4c0ead7530,36,270,20240804,1288.08,33,2024-08-04 19:52:00
7d6b7c77-6027-473d-920b-7b06bb7a1e16,39,475,20241113,831.28,8,2024-11-13 23:57:00
1802c63e-340f-4d6c-9f85-8561c6883b61,18,964,20241004,1067.84,46,2024-10-04 09:29:00
b9f64a1c-63e9-480a-8f37-9b8aec796ca8,30,966,20240801,1107.19,6,2024-08-01 10:07:00
035ca839-471e-43fe-a682-32dfce877c64,44,915,20240707,738.69,42,2024-07-07 00:42:00
9a185f99-16ec-4541-ae81-ea52e9c88961,44,438,20241009,210.35,42,2024-10-09 12:58:00
4be4b64c-af99-4959-84f0-d95ea979e6de,50,433,20241118,962.85,3,2024-11-18 16:15:00
7ccb50ce-646b-4e3e-a573-00326b26922b,21,129,20241103,1765.54,5,2024-11-03 21:15:00
aa968683-ac15-4110-b07f-3c4721a6d36b,1,534,20241029,1983.39,38,2024-10-29 19:29:00
c754b074-010b-4e89-9218-a352bb530f12,25,330,20241128,827.88,37,2024-11-28 07:00:00
e79d6398-023f-42a1-92c9-4ea40d4be388,6,224,20240717,1341.04,7,2024-07-17 08:14:00
ea8bce16-3d02-45fb-ae3d-e3684d30e034,23,735,20240607,127.54,34,2024-06-07 12:35:00
17468800-405e-4cda-839c-6b66ebcc9dca,38,693,20240615,1480.42,30,2024-06-15 13:43:00
5dc91b4b-b003-4ce8-9b13-c3a7fc1f6b7b,32,3,20240602,1010.18,22,2024-06-02 17:24:00
0b4018d7-c844-41e9-bfac-ec73d551f9a4,19,41,20240806,1717.55,40,2024-08-06 20:40:00
47428288-95a9-46d7-895f-eafa0068aa90,23,524,20240720,319.45,26,2024-07-20 13:18:00
4aa024d7-48f4-488d-b2a9-c49037e4fee9,31,509,20240705,1527.0,30,2024-07-05 10:04:00
0a3e9d91-f4dd-49f3-8300-583e9b3e788d,36,942,20240726,1608.15,49,2024-07-26 16:02:00
63e301bc-d9a3-4d4c-8fac-0a6170eeec10,34,712,20240701,1490.33,25,2024-07-01 10:12:00
75d35b32-8b52-4ea8-9aea-6e965f07601f,36,224,20241007,1502.13,33,2024-10-07 22:22:00
8002d13d-a7f4-4892-8e6f-4673d246efce,26,187,20240606,73.7,27,2024-06-06 13:24:00
9e6b9416-bb3f-4e5f-91fa-4a7bfe370c66,31,119,20240923,674.9,9,2024-09-23 18:21:00
d0ddabfa-daa6-4f8a-853a-6117d3829d50,14,29,20241121,496.57,15,2024-11-21 11:10:00
35f76857-3ed4-413d-8815-bbe08166d270,21,173,20241124,369.76,7,2024-11-24 21:47:00
8ecb49b3-8dad-4b63-9877-c9d25928eb9e,27,294,20240817,1567.72,50,2024-08-17 09:49:00
dc3adc2f-7b0c-4471-b539-4555bcd36455,44,943,20240831,183.66,18,2024-08-31 02:39:00
177c54f3-3503-44e3-94fe-3e7b8459a18a,5,532,20240710,201.74,39,2024-07-10 04:22:00
394c3698-3e43-4923-959d-695b64d802bf,49,862,20240802,1227.69,39,2024-08-02 21:04:00
ef8dda72-1de8-4ed5-b699-2db1ce11acf0,48,140,20240706,1487.84,11,2024-07-06 20:29:00
d2e90a2d-2b26-41c8-ae70-3319865cb8ce,34,62,20240927,1391.04,45,2024-09-27 22:29:00
fcf2e1d9-86e4-4470-8d71-0a7c72701299,28,947,20240721,53.64,36,2024-07-21 07:57:00
a0bdb207-aa43-45bf-9b73-9842f6e4472f,8,512,20240709,683.24,8,2024-07-09 15:52:00
4b62f956-d93d-474f-8db6-543db2b6b873,37,700,20241124,1148.05,9,2024-11-24 13:26:00
6b866d8c-891b-44d0-ab85-167c25a09275,14,807,20240614,733.75,10,2024-06-14 17:10:00
61789193-69b4-4424-8292-df6ce33530b8,48,874,20240824,676.53,38,2024-08-24 08:21:00
79d9dc18-3d3e-4d59-b39b-038325bdaf0f,37,247,20240830,1339.3,44,2024-08-30 13:35:00
fc661b60-1bab-4cd9-b4fb-9ed15f281a34,23,591,20241116,968.65,11,2024-11-16 13:33:00
c45703b3-3d6a-443b-9e01-ab10b767383e,45,946,20241017,1747.89,32,2024-10-17 21:26:00
45ec9a48-d0fa-4613-9e15-5f49fcdcc93b,50,24,20241027,244.91,47,2024-10-27 04:58:00
8fbd2412-f319-4e65-a101-e4b6c92ef9c4,19,786,20240917,1430.34,46,2024-09-17 00:50:00
d1469676-4e3b-4227-84fe-2454b82ee5eb,25,758,20240725,1676.28,41,2024-07-25 03:39:00
620991f5-468b-4fc2-80eb-dff5ac7f15b8,47,540,20240817,898.4,10,2024-08-17 16:10:00
3f8cfc49-e89b-4962-ac8b-a62ca411d203,36,837,20240912,701.49,24,2024-09-12 03:57:00
7c50f53c-9c09-4642-b5ee-090f58ade4c5,21,791,20240918,1596.65,21,2024-09-18 13:29:00
ad58e4d8-362e-4968-bbf2-83d3426aa415,18,788,20240724,1965.76,14,2024-07-24 08:05:00
35703424-90af-484b-8a30-d08cd6c5aad9,17,437,20240919,334.91,50,2024-09-19 23:02:00
7310b79c-33a1-47c1-b887-5da994b715b0,17,752,20240730,1501.86,46,2024-07-30 18:56:00
131d5809-054e-4cb4-8d4d-283c59b29e25,15,61,20240624,811.83,33,2024-06-24 00:48:00
63cc8d35-74f9-4146-9c7f-26b2e07385a2,14,43,20241126,1864.06,12,2024-11-26 05:48:00
2248015b-b583-4585-8c92-df1b842bc99f,34,220,20240711,391.39,9,2024-07-11 00:44:00
ef266a46-6887-4c22-8c12-f809125d535c,29,864,20240723,132.82,48,2024-07-23 18:07:00
aa5152c1-739a-4148-9ea5-9114c65d4aa7,10,67,20240705,1264.57,49,2024-07-05 07:38:00
9e98db0f-f26e-4e81-ad1a-9d002e14f06a,44,758,20240812,292.17,16,2024-08-12 15:36:00
08396b55-abfc-4fc6-9cc0-965ef37c7c6c,50,423,20241016,1459.23,39,2024-10-16 05:49:00
cce714da-b4b2-4d91-a23b-55ffca5860dd,24,723,20241109,1129.08,45,2024-11-09 15:15:00
32bd1405-47bc-4c67-9c62-5086bec9eaf6,26,333,20240911,401.59,30,2024-09-11 10:10:00
9675f270-d438-47a5-b13e-0f7d42cd65e4,19,46,20241001,1031.01,46,2024-10-01 21:14:00
e84d84a4-faca-4f09-9e7d-c8fd8c3dc58b,39,530,20240712,1049.31,28,2024-07-12 15:02:00
3416a4bf-98c5-4a3a-8717-526c5aba021f,3,345,20241007,471.93,46,2024-10-07 17:16:00
e76c5f27-dd0c-4d4d-ada3-25847b9519ea,48,416,20240705,1062.26,35,2024-07-05 06:23:00
057c5494-05bd-4ae1-ae5f-70d7e0b17cdb,7,532,20240615,1207.28,47,2024-06-15 17:12:00
a466f9b7-d870-4690-9ed8-12ed91e2a003,13,625,20240831,1839.41,14,2024-08-31 12:37:00
2e57755e-7f88-4fed-ad40-a35d18836b08,44,425,20240827,954.79,17,2024-08-27 22:43:00
4a7dcd16-11be-485a-bc15-e4118c3e5754,37,663,20241022,1585.0,22,2024-10-22 17:53:00
076d9c85-b74c-4704-bfc4-eb2d6e87f39f,23,972,20240928,1848.15,38,2024-09-28 22:20:00
52013ec6-3fb7-4c15-9efc-985f1704b67d,46,815,20240810,997.64,29,2024-08-10 21:13:00
a2698637-f30a-4358-800a-30b064e5e8da,37,694,20240829,1484.04,8,2024-08-29 11:42:00
4f0098ce-dcf0-46da-8ba6-cf03aab06cdd,35,666,20240901,153.34,22,2024-09-01 23:06:00
98e7d092-e1aa-4a09-85f4-9a246ded7cc7,25,394,20240826,727.61,4,2024-08-26 14:46:00
5dedb03a-3b32-4439-8a7b-cf8a503ed83f,35,816,20240802,434.74,26,2024-08-02 03:41:00
3feaaa03-d6e6-4c16-a9aa-fccc11697f1e,39,568,20240728,976.0,42,2024-07-28 11:08:00
09be7fee-8b66-4c21-a42d-3cdd9121dca8,15,364,20240815,1752.39,31,2024-08-15 19:25:00
3e63974d-2ded-44cb-8591-5631f36fcbe6,30,959,20240819,947.17,37,2024-08-19 16:02:00
4c148670-264b-4187-9244-de637a7198c3,3,522,20240907,921.45,4,2024-09-07 05:58:00
cee3828a-1e7e-41d5-93a5-7f2309094c47,4,881,20241119,1573.53,13,2024-11-19 03:53:00
2c2fb090-2eb3-4ea7-860d-5762b034d53a,1,494,20240910,1907.66,21,2024-09-10 02:05:00
ce42050e-eaa6-4da6-b4c0-5d3c38192f7a,32,849,20240902,1331.07,39,2024-09-02 06:25:00
7f695a02-4682-40b0-a1ff-346f141ec0cc,7,51,20240831,1897.14,49,2024-08-31 01:49:00
877a5dc5-0665-416e-9d7f-70479efe53ed,1,51,20240724,1560.07,15,2024-07-24 22:34:00
f79529df-aee7-409c-9bd8-8c9d67ffc9ce,24,515,20240812,320.88,25,2024-08-12 00:13:00
903ebdc3-da8b-4742-aa6a-d8aa8139fe3e,23,735,20241120,831.04,27,2024-11-20 21:51:00
617eaa3f-8fbd-41da-a046-c33a7573296c,12,338,20240718,1733.15,6,2024-07-18 05:14:00
81d6cf6b-4a39-43a7-afae-45b371a88078,30,40,20240823,1091.2,46,2024-08-23 22:44:00
de09879a-0fcf-4fbe-8775-d80e6b555da0,31,686,20240829,1392.1,18,2024-08-29 15:52:00
e946ffde-476f-4267-9a9e-7f58cbd3e544,33,910,20240817,1514.9,25,2024-08-17 22:58:00
6f26d142-07ef-4ab1-a9e7-f027b33468a6,1,139,20240810,572.75,18,2024-08-10 22:19:00
41afa410-f7ce-499a-a707-a255620b05c1,14,332,20241024,673.94,21,2024-10-24 21:47:00
836d9126-bb42-4821-a03f-ccf49df4d8b9,22,732,20240622,1683.9,3,2024-06-22 08:05:00
0c154e04-751c-4506-acaa-1a7bdef3c43a,33,296,20240603,119.87,19,2024-06-03 08:13:00
22c48c53-7c35-42cf-bf45-0175f76659d6,1,184,20241109,1874.22,28,2024-11-09 12:51:00
2a26fe4b-16f9-4170-9823-1b81987ff3b7,49,620,20240921,1313.44,22,2024-09-21 04:46:00
926e16e1-e52a-4bd0-8c91-21ec089e834e,5,542,20241116,1208.63,34,2024-11-16 17:25:00
e5ec2cd3-20d8-4293-8aef-19ab31a93fbc,7,706,20240810,1636.47,13,2024-08-10 15:00:00
741661eb-341f-485c-a05e-dc152caf6379,4,653,20240609,459.77,9,2024-06-09 14:16:00
def610e8-ed55-4ad2-bbad-e7969baafa19,49,532,20241028,925.14,23,2024-10-28 13:50:00
1314354d-06ec-48ee-b97c-6c79c45b1abd,44,154,20241001,1746.47,24,2024-10-01 22:31:00
0f62b418-18a0-4a87-8dba-e8b3ea823c80,7,901,20241015,1961.26,49,2024-10-15 02:14:00
4213f5da-53a7-4a22-b500-cbf7e522532f,28,824,20240603,1995.84,23,2024-06-03 15:26:00
1d62a1e5-c3b7-4edd-93b8-b58271f5de78,36,139,20240807,1467.93,9,2024-08-07 01:39:00
068d5898-232e-4914-bba9-5b111fbf393b,18,126,20240731,1853.61,14,2024-07-31 09:22:00
d47dfee2-b1e4-477c-8c12-507ddd1ba8da,10,479,20240831,729.06,43,2024-08-31 23:55:00
85a3ac71-76f5-4444-afb8-f3d8fba43713,38,565,20240623,389.28,1,2024-06-23 19:42:00
68e66001-1474-46cf-b8a8-b02b8253aa03,38,194,20240706,976.99,19,2024-07-06 23:37:00
42f90723-d47e-47d1-a2b7-ac0f9ce578a8,9,657,20240706,234.78,42,2024-07-06 08:52:00
2edd6213-c812-4b13-b23b-09bef4a10a16,22,83,20240608,1555.78,48,2024-06-08 21:24:00
335ba926-3d99-40f9-915e-97e85ba55265,39,45,20240711,820.68,2,2024-07-11 03:25:00
b94f087f-cbbd-493e-8cfb-97ac706343b7,6,82,20240930,1544.61,40,2024-09-30 08:29:00
f3e83f16-c863-4938-a981-41ea5e4c0515,14,34,20240812,555.95,16,2024-08-12 08:48:00
e976bd09-9e25-40f8-9aa3-6e39798417be,45,565,20240730,516.53,12,2024-07-30 15:47:00
0dd1ef5f-6889-4ab9-9a80-e744677ea305,13,827,20240821,1594.13,11,2024-08-21 16:18:00
4eda00e4-af16-463d-ad33-20625b8d1ab6,48,278,20241112,156.54,18,2024-11-12 06:18:00
dbb706cc-3844-41b7-848a-d937b894372e,15,814,20240924,1799.07,40,2024-09-24 01:04:00
5ac710f5-01c8-477a-9f1a-41f58ae56757,15,479,20240803,727.0,48,2024-08-03 05:24:00
54b1aca1-a02e-4717-9875-391146ba3b27,19,330,20240623,1747.94,44,2024-06-23 02:27:00
b220b36b-ea66-401c-b9e2-fd615d850479,17,128,20240602,317.87,41,2024-06-02 07:19:00
6bd62e76-d979-4309-ba3c-95a15668cb27,15,757,20240916,881.46,30,2024-09-16 21:16:00
452383cf-dc6e-48fc-80d5-57217e2bd1f1,28,673,20241030,465.47,19,2024-10-30 08:28:00
a7409224-8f3c-488a-9d31-f3b46114fc91,32,508,20240817,617.56,36,2024-08-17 16:20:00
e03a1c0b-0c6e-4f33-8ba0-8cd722429936,14,452,20240627,1848.84,45,2024-06-27 08:29:00
3679409a-cb93-4f90-8f7d-0fd509a3dbe8,32,570,20240801,72139.19,32,2024-08-01 19:33:00
40024ede-3e4b-46ed-ab26-31fb663bdb97,28,983,20240925,1809.9,36,2024-09-25 13:47:00
8ac377f1-4f71-4ab9-989f-ab6e73084a73,48,965,20240711,534.19,37,2024-07-11 08:11:00
e8703856-388e-4c99-a661-2d9f522b1b26,19,543,20240730,477.48,19,2024-07-30 22:49:00
1da21cc2-968f-4ce1-8c51-a46a5dd1251f,6,401,20240623,815.72,10,2024-06-23 19:50:00
b7ea22fe-947f-46db-ab00-5e569ad5233a,38,819,20240726,224.91,3,2024-07-26 11:24:00
893f655b-be9d-4ff5-b338-bb5a1fb32970,33,110,20240913,93.33,38,2024-09-13 06:53:00
5d696d36-f2b2-4015-bddd-8d957cfbf58f,30,519,20241111,1438.57,37,2024-11-11 20:15:00
52510b95-e73d-431a-bd29-0f36e473bc73,21,936,20240812,932.26,19,2024-08-12 06:43:00
7fdc9ee4-f602-4474-8f46-443d5e2057b4,32,278,20240926,898.75,45,2024-09-26 15:46:00
e675ecb5-60b7-4811-951b-ddf66083804d,11,87,20240614,1962.27,3,2024-06-14 11:52:00
49a7cbb9-d303-4e78-92d2-4693a006d816,40,629,20240812,502.81,2,2024-08-12 22:30:00
53addc9c-1de3-4716-b5b2-9f53c31aa734,21,533,20240816,1648.74,50,2024-08-16 01:05:00
4fc91dbf-b0de-42ab-a531-f8bda82634fa,5,361,20241117,1611.78,25,2024-11-17 21:40:00
235a0629-8605-484c-88a4-d69b7d39cdc3,47,756,20240922,786.49,31,2024-09-22 12:59:00
c68c07fd-3767-4ab6-bf98-9fcfceccfdc2,11,85,20240808,1306.78,38,2024-08-08 21:29:00
4274c176-4fe3-49e6-9b56-3a40ba7cb301,29,219,20241027,160.9,23,2024-10-27 07:19:00
534426c7-8ae1-45a7-86d9-2a22c9d91220,3,318,20240924,303.67,42,2024-09-24 04:53:00
725a00bd-7d9e-4510-99e7-2d3014d41ce1,12,613,20240801,948.42,29,2024-08-01 18:48:00
7f617afe-d1f0-4ed4-8617-8b982bc10c47,38,482,20240722,586.3,32,2024-07-22 10:51:00
badacfec-1aa8-4109-a676-2171b0decad9,32,822,20240809,1856.0,2,2024-08-09 21:55:00
8542ea7a-99aa-4abb-ae28-70e0f55d2c78,50,555,20240723,990.95,48,2024-07-23 05:20:00
338d57a1-6c57-4291-b106-0123789afe42,5,372,20240903,1929.96,33,2024-09-03 02:08:00
aaaa6a08-4280-4068-8d40-4783506b1059,18,201,20240929,1523.55,18,2024-09-29 10:33:00
258ddebc-6fe8-4239-aa4d-9a2a03698a75,38,940,20240607,620.42,5,2024-06-07 07:53:00
83a7d47e-9a56-409b-9f19-593373e113b1,23,773,20241003,476.1,5,2024-10-03 21:33:00
c6e2dafb-89c2-4df3-8576-b7099f0b307d,50,673,20240622,1740.88,19,2024-06-22 21:34:00
a8dbea4d-4ee8-4fad-a8a5-c7c211314263,7,822,20240602,394.44,29,2024-06-02 18:21:00
14454c9d-1019-49b6-b178-84894cd2350a,42,871,20241015,1583.54,40,2024-10-15 09:08:00
7b65e195-fc79-42fe-8203-3e5ea29e966f,26,858,20240901,441.28,8,2024-09-01 17:02:00
229e257a-2a21-457a-9c8d-edee9223ecd4,2,404,20240721,1285.28,17,2024-07-21 16:30:00
f65adefb-14ed-4653-b79f-70a770ab3d60,4,526,20240610,393.61,34,2024-06-10 05:47:00
bd21edee-ea28-4ec0-9fff-1b210e6885d4,29,357,20240911,1146.94,8,2024-09-11 06:29:00
9ee55566-85bc-4845-bf02-b993fc780a1c,3,684,20240707,1860.64,1,2024-07-07 10:53:00
21b5b69f-89d9-4294-8661-0a004484e645,17,856,20240827,1230.79,28,2024-08-27 21:47:00
27c0fa23-38c4-4475-ae9e-1385ed394c4f,48,658,20240729,677.51,39,2024-07-29 18:08:00
0e0962b2-445c-484c-8dcc-d2f37608b839,35,120,20240711,315.93,24,2024-07-11 15:12:00
7fb17f9f-f00c-4be0-8b69-0991708c9766,38,30,20240805,548.46,47,2024-08-05 21:45:00
53081502-186a-429e-b221-387fff9033bf,47,717,20240831,1678.33,34,2024-08-31 13:35:00
fe86510a-1d40-4f75-b5e2-d1682d3e31bb,12,142,20240908,1662.66,16,2024-09-08 20:04:00
eab588a7-ece1-47a6-89b4-9f1925190fcd,19,640,20241104,1574.18,24,2024-11-04 21:37:00
71d5fd6b-577a-4ed7-bd9a-98d8b8bda8b3,25,977,20241122,134.9,20,2024-11-22 11:54:00
4fd4f559-f1e4-489b-82fe-63df2f1e5e82,28,746,20240618,1962.01,7,2024-06-18 04:26:00
745ffbaa-b4a2-4b0d-b771-b7eacc2391df,10,380,20240714,1456.39,1,2024-07-14 17:45:00
4e0b5a5c-d6b5-49b9-8e79-3d046ed42164,37,254,20241003,1145.75,31,2024-10-03 11:12:00
4d58e4b4-11c5-49f2-8989-141f522e80db,13,740,20240908,769.96,26,2024-09-08 23:40:00
f34b0d7d-523e-4f59-a2cb-92769edd166d,8,326,20240903,1483.37,23,2024-09-03 01:45:00
67dec7c9-5c16-4962-b720-51ea739326fe,14,952,20241102,1059.3,45,2024-11-02 08:40:00
599309ec-331b-43b2-8fe5-f00b4e750a70,39,6,20241025,1719.53,48,2024-10-25 08:58:00
2a74fc3e-8972-4e19-a1ed-242dadd55b50,5,114,20241008,963.13,47,2024-10-08 11:04:00
ed0f8ec3-044e-4d32-99ef-8dcdc75b9fe7,48,121,20240824,1280.5,18,2024-08-24 07:12:00
69d18038-6df4-4fd5-abfb-53b6f1a7a06a,43,101,20240622,1257.93,6,2024-06-22 23:50:00
06dfd08e-164a-419e-b92d-bb2e1c48070a,21,230,20240924,1159.05,44,2024-09-24 00:00:00
77a037fe-a1c6-48a5-a243-243d45a79dae,17,652,20240825,1422.52,13,2024-08-25 11:57:00
707d9382-fec9-4485-a231-8d05f636fe43,17,437,20241115,1793.67,21,2024-11-15 14:20:00
7325eb21-1dce-4508-9939-fde1226065fd,48,534,20240730,445.49,33,2024-07-30 08:46:00
7587a675-c4b1-4809-bf12-eba81cb665f7,42,744,20241029,249.35,49,2024-10-29 16:52:00
0497fd82-2cd0-44fe-b470-09b9aa8cb2e8,22,810,20241018,1367.29,40,2024-10-18 13:46:00
8453defd-0f92-479c-a34b-7585f5dbfde1,50,499,20241020,198.17,23,2024-10-20 12:51:00
25cca65a-f449-46e5-87ea-73a633a8b412,9,292,20240608,1954.81,30,2024-06-08 17:45:00
378d43bc-c7d6-4e3f-9562-f685b416b803,9,23,20241018,1040.27,42,2024-10-18 03:00:00
cfc308b3-5d5b-45a9-b06f-f2458577efd3,35,511,20240713,1497.26,20,2024-07-13 04:33:00
ec4ea504-5573-4a33-ae11-83a9c46d2389,33,378,20240912,1200.36,17,2024-09-12 16:01:00
28c65569-c9a7-4792-bd07-47c481052ab9,17,919,20240914,993.89,44,2024-09-14 20:34:00
3ec1690c-a3b0-4d2c-b4d7-77db52f3dbfd,21,235,20240615,332.79,24,2024-06-15 07:10:00
58b3152f-ae5e-4d5e-a03f-91f02c7d42db,12,822,20241022,557.59,15,2024-10-22 08:52:00
e5ed7d65-7c9b-49b8-a44b-871ad3968f61,3,773,20240930,775.93,32,2024-09-30 12:57:00
4aecb841-3921-49cc-9875-bda9d60a4717,2,5,20240615,965.79,27,2024-06-15 17:04:00
de4cec5c-b1dc-42fb-ba30-5a5421367c81,20,653,20240716,331.63,41,2024-07-16 02:05:00
281f1957-f296-47ef-9d63-c897667d5bc5,9,650,20240924,1357.67,47,2024-09-24 12:22:00
9b919106-dc04-45e4-932c-5c644ac3f43b,11,288,20240811,72.96,22,2024-08-11 16:59:00
022a8450-3ff2-4d56-a49b-0540bff16568,43,65,20241015,1830.77,48,2024-10-15 13:00:00
8faa5139-5363-4c16-9c6c-b8b8d19b23a2,30,52,20240611,194.03,48,2024-06-11 23:09:00
d4a7b5d1-ff8c-4522-bbbc-3b74e97db17c,30,846,20240910,1458.02,27,2024-09-10 16:51:00
4040257c-6665-43a0-a4ca-bcad1c7f0b2c,12,200,20240602,1612.11,43,2024-06-02 04:48:00
f753f3dc-7a4c-411d-a857-66bf10860494,26,538,20240806,717.37,44,2024-08-06 01:47:00
9b53d30f-e2e7-4afc-b743-32dcebac134f,2,301,20241003,822.21,43,2024-10-03 00:41:00
85e63625-401a-4c87-97a6-3a761417a7c8,22,500,20241025,1579.59,10,2024-10-25 10:10:00
67b4ef74-9a4c-4211-ac94-12229621e792,41,146,20241009,1359.95,47,2024-10-09 02:27:00
776f1381-f3fd-4805-ada4-63bb34878faa,50,771,20241117,1996.26,18,2024-11-17 05:00:00
1efb277a-3de6-4a42-8016-9a980bed5e57,3,63,20240620,1756.16,46,2024-06-20 07:00:00
c328f967-26f7-4d13-8214-1a565b71a578,4,829,20240612,189.16,49,2024-06-12 00:25:00
60b5698e-f1ff-4bac-958b-f9ee24906446,18,635,20240917,633.12,19,2024-09-17 06:23:00
21a3c73f-72d9-4405-8f25-27bc79505d93,20,158,20240912,1996.91,22,2024-09-12 17:16:00
cd5a1404-5af7-49fb-8e17-15231dc14a8c,13,611,20240920,623.7,36,2024-09-20 03:53:00
696cab1b-5587-4e51-bf62-ff3c54ac99ff,19,532,20241119,1568.25,17,2024-11-19 22:15:00
845dabae-18ba-4af6-a54a-5cd6399d84cf,10,640,20240910,1887.01,10,2024-09-10 12:08:00
11818df9-deb4-4a1e-b411-306966b74a5e,42,341,20240704,1578.1,32,2024-07-04 01:12:00
257d5583-234f-47f6-bcc8-ee96d45168e1,12,518,20240906,1230.73,40,2024-09-06 01:59:00
d844480e-e719-45b0-b0ee-5af17c92af09,6,671,20240806,262.32,16,2024-08-06 02:45:00
60afbfb8-1e2d-493f-8434-bb0c1f66a39a,23,549,20240828,1523.43,24,2024-08-28 13:38:00
7498f0ea-8368-4b86-b1fd-e337e08e7c06,42,546,20241111,581.57,37,2024-11-11 16:09:00
d4837aac-c1dc-405d-8792-35d5c3daeeb8,29,892,20240706,848.81,18,2024-07-06 20:25:00
d2d2f80e-23b9-4853-9813-fd6c578c3863,38,596,20240901,888.57,12,2024-09-01 01:39:00
b46e7559-17c9-46b6-b6d0-1059a3a5abe8,28,583,20240713,1029.03,31,2024-07-13 12:20:00
eb28d0de-dfe9-4038-8df0-14cdb8c1452b,5,933,20240723,757.42,28,2024-07-23 04:26:00
61845614-9612-40c8-9f7d-fe4e2a74da77,33,349,20240730,1959.93,6,2024-07-30 11:42:00
2746f770-76b9-40e6-aa02-a9b29ffa3a52,43,306,20240821,332.26,15,2024-08-21 03:30:00
07340343-9cf9-4529-b43f-3f2e598d22db,23,502,20240806,1393.36,6,2024-08-06 22:35:00
3890c911-dbee-4833-9192-cf766fd33e2a,15,650,20240913,908.34,35,2024-09-13 13:14:00
601ca45f-44e3-4224-aa13-f55147380fba,41,561,20240624,1401.08,34,2024-06-24 07:09:00
ac0823b4-c4dc-4e59-ab6e-32501990a723,18,66,20241030,589.88,1,2024-10-30 07:58:00
12dcb92c-4ed5-4079-a915-4a3dc3d35036,26,899,20241026,1336.4,5,2024-10-26 19:58:00
e38ca4f7-04a8-4946-a067-2b522c03d319,27,766,20240602,874.25,15,2024-06-02 03:00:00
83934707-ef97-4889-858b-59cbb19e15d9,43,643,20240822,570.18,23,2024-08-22 06:22:00
2292a212-3b51-4970-8315-1552bc2c0ad2,36,551,20240912,1022.6,17,2024-09-12 09:23:00
2c948bba-062c-467b-888c-374e8d55afa9,32,517,20240815,96.04,29,2024-08-15 13:24:00
2745fb74-69fd-419b-8cb5-b1092f6f564e,39,654,20241002,1388.99,41,2024-10-02 17:27:00
80119c24-9831-43eb-b56d-0abd65ef04b1,27,416,20240720,816.43,37,2024-07-20 09:00:00
7de900e9-91af-4373-a25a-e39c48fe7e7a,13,406,20240901,1986.26,14,2024-09-01 03:38:00
0c960c0e-3a7a-4477-adfa-586a665fb944,28,835,20241122,1127.34,12,2024-11-22 21:01:00
af776d44-488d-4d06-a39f-c9bab24f896b,11,685,20241101,575.58,34,2024-11-01 19:57:00
b021c49d-ff70-4341-9736-244ee6feeb29,26,53,20240804,1090.29,18,2024-08-04 00:07:00
36f2442c-3270-4a39-b9b5-6216d132e9b5,3,888,20241109,906.21,5,2024-11-09 13:12:00
c364b618-b77e-48d4-865e-a55ca63453fc,8,802,20240721,964.1,24,2024-07-21 12:42:00
fbc072aa-6db7-4fc3-95a6-bcc2506484df,40,826,20240624,563.62,34,2024-06-24 09:51:00
d205cbae-a387-4c0a-8366-c9c13843cb83,42,25,20240624,691.46,20,2024-06-24 00:19:00
c8635467-0b2a-4c29-8aa5-154261fecc7f,16,376,20240731,1815.76,42,2024-07-31 22:33:00
46cde7d0-c19c-4001-a271-6bc6690a1e72,15,81,20240615,1166.73,29,2024-06-15 04:14:00
1463393c-aa07-4ee9-a6cf-4061a92eb12d,44,603,20240910,523.92,16,2024-09-10 07:16:00
a90a3636-e753-4d20-a212-3d69077f07e8,23,981,20241114,784.77,8,2024-11-14 01:22:00
18cda9b3-f90b-4cb6-87f7-1b2982b2175a,20,290,20240831,637.23,38,2024-08-31 11:21:00
d2f74b61-47c9-4685-bcf7-7c1af30d4aad,50,23,20241003,1958.83,47,2024-10-03 05:35:00
03274e60-3b65-4ef6-9f70-db8e2aed9b84,9,273,20240902,555.96,4,2024-09-02 01:11:00
f7101b0d-7ee3-4bc7-b010-75a261b6b139,38,123,20241024,427.85,31,2024-10-24 13:08:00
e699d958-a232-4439-8de6-27cd93d945ef,45,94,20240922,1541.49,14,2024-09-22 00:46:00
4989af68-b42a-498d-82b8-672b1033fe57,12,285,20240614,297.87,8,2024-06-14 13:51:00
69d9e928-5a83-4ccd-9705-5484f976294b,6,616,20241025,330.48,20,2024-10-25 11:58:00
da99fa1e-f0c8-4e06-b5c0-1f0dad88a22b,25,547,20241001,1752.15,45,2024-10-01 02:29:00
eacad18f-bfa5-4b99-870b-ee9271a4f6b6,11,571,20240916,118.2,25,2024-09-16 16:50:00
fab9c115-cf95-462a-8692-9ecd324b47a0,8,846,20240602,1986.5,24,2024-06-02 12:43:00
037bf41c-4a89-4fe2-b321-47c66adac322,8,443,20240713,571.54,50,2024-07-13 16:37:00
0577aed6-7edf-4613-861e-4240af53dd1d,40,51,20240909,1205.86,18,2024-09-09 18:53:00
e3aa4946-f116-48cb-9b98-0e5bcb5916e4,20,858,20241022,696.21,39,2024-10-22 20:13:00
dd2fb4c4-6f06-42c0-8617-44d1cbd94817,31,158,20240910,1185.4,34,2024-09-10 23:57:00
25ba7d01-0c14-42d5-8aa2-7216016ce747,34,858,20241003,609.95,8,2024-10-03 13:00:00
9889d68f-12a8-4e95-8ec7-b8ef225500a2,27,164,20240706,250.87,31,2024-07-06 14:18:00
26d1280d-8695-4692-88d4-a07a6be01fd3,44,780,20240917,89.78,15,2024-09-17 13:40:00
abb77d4e-538e-46a8-9031-685097fd5a13,3,177,20240719,527.82,41,2024-07-19 18:25:00
fefd755a-e319-4eed-8ac4-274c36bc3fdb,10,238,20240610,1199.95,19,2024-06-10 09:41:00
2c799561-aa99-48d0-9fb5-5cf29a738d9e,49,880,20240624,841.41,24,2024-06-24 01:42:00
6b722537-cb44-4930-b11c-bdf68d4c03f2,14,254,20240815,1480.18,50,2024-08-15 04:46:00
99694d8a-65e9-4a6e-b1ae-0c25d6221d72,1,749,20240919,512.69,38,2024-09-19 01:38:00
967e13ff-ac1c-4d9b-b7fd-77ba01064548,46,728,20241115,389.73,19,2024-11-15 12:52:00
557e7029-aa87-4881-bd80-fd36dd37b679,31,677,20240814,1971.16,43,2024-08-14 01:50:00
64894bac-708b-47e5-86e5-bcf15a52bb03,5,160,20240721,1378.64,17,2024-07-21 00:28:00
6f6950bf-68a4-4227-a11d-6e9e9766b76d,2,437,20240726,268.45,10,2024-07-26 00:44:00
7f8b8ce6-fa8b-40a5-935d-5e424a4c1604,17,755,20240728,1001.01,40,2024-07-28 21:05:00
4ae85025-5c88-458f-969c-32d5dd1aa6fb,11,174,20240910,796.43,26,2024-09-10 12:19:00
53cce301-8cba-4eac-bc55-40aa1a640404,11,323,20241119,1925.55,14,2024-11-19 13:10:00
8654d2ef-ce65-470c-a836-47fade8850d7,16,190,20241109,153.04,8,2024-11-09 06:36:00
26359cc0-f4a9-4767-94a5-b8f5ad6b3bab,23,883,20240607,648.71,43,2024-06-07 18:29:00
3c4f3c83-fd17-489e-95f3-ce0317ed44ac,37,692,20240816,358.51,8,2024-08-16 21:11:00
fc7b6741-9516-4f97-92c9-23077b050a97,20,993,20240801,1263.73,50,2024-08-01 03:04:00
0e1bd833-44a7-4da9-8b84-02da78d0cf4e,15,206,20240816,1580.98,25,2024-08-16 20:16:00
120ef184-f279-4b8c-8dc3-4ddff08cf165,10,777,20240725,535.6,16,2024-07-25 10:38:00
8d6cef93-2d16-4318-8e1e-82113f6d6e66,30,174,20241012,1906.27,40,2024-10-12 09:11:00
2c3ef800-6e06-4bbf-8579-b72cc680a951,11,758,20240601,1761.41,2,2024-06-01 17:37:00
9beae113-a646-4539-a50a-fdd67e9cdb2e,10,598,20240903,533.68,11,2024-09-03 22:46:00
39374441-512b-4707-84e6-1a63a0ae9c2a,14,301,20240831,567.44,48,2024-08-31 00:24:00
d0e281ab-2ff4-484d-ad63-fbaf34008cd5,42,694,20240814,632.12,9,2024-08-14 04:42:00
ac8ca1f5-7c07-471b-a963-615313343d79,9,304,20240728,544.71,41,2024-07-28 13:56:00
db21d4bc-f1e6-4c58-8c2d-8451291cb260,23,319,20240930,150.19,24,2024-09-30 07:00:00
62a9467f-9ce2-4604-b4cd-b05c62394e99,47,745,20240711,1535.87,14,2024-07-11 07:53:00
b879db04-2b63-408f-8944-b037e0f65023,30,529,20240715,438.1,6,2024-07-15 20:44:00
fa3440b8-6507-461a-b2a8-85c09153c88a,49,430,20240820,1505.11,11,2024-08-20 20:48:00
ba28a8a1-e541-4259-8b60-86be3ec0169e,43,161,20240729,1279.14,13,2024-07-29 11:09:00
6e9a2b20-598c-41a9-b835-b8b55709a1f7,33,877,20240709,271.74,11,2024-07-09 00:51:00
9c9b56b7-456a-46ff-8442-f70a604954e6,35,891,20240725,858.3,12,2024-07-25 21:30:00
10b7a88c-1b9b-47a9-8a53-c15b4277094a,28,837,20240811,39702.15,40,2024-08-11 09:21:00
9aa48745-2741-4237-95d5-8ebb60eefc30,11,393,20241117,343.12,8,2024-11-17 19:54:00
a8d17dc5-84d6-433d-8e8d-f841f1ed1602,49,885,20240812,1125.81,9,2024-08-12 01:48:00
bc020b9a-28f8-4835-a6a1-29e10d725bdb,15,635,20240803,74.61,42,2024-08-03 16:20:00
bcdadedf-e50c-4abc-862e-dab178364493,40,903,20240618,1567.76,4,2024-06-18 05:12:00
164b2c62-e0c9-479a-8238-3d7b047688aa,3,731,20240731,188.19,22,2024-07-31 06:59:00
2fde511e-497e-417e-9965-dfacb1680401,37,458,20241024,231.59,8,2024-10-24 18:22:00
e56bff6a-42b9-4e88-8e77-616ac683ac59,1,571,20240612,372.51,15,2024-06-12 03:46:00
bee86ac4-2999-4209-8562-b69e8be6c9b0,9,62,20240928,415.78,34,2024-09-28 07:59:00
cbae0895-38ee-4822-9464-9ad598241bd2,6,523,20240828,1450.95,2,2024-08-28 23:50:00
9bb4b615-d70d-403f-aaf3-3ac6b1725830,10,626,20241003,1176.2,41,2024-10-03 03:18:00
956b235b-0f9f-4d23-b4e7-b5f1839a0705,29,835,20241111,1894.07,7,2024-11-11 13:33:00
66dfd1da-7b01-4b9e-bdfb-c416362aad57,46,617,20240809,1224.72,14,2024-08-09 09:58:00
4640542b-6c4e-43d7-ad01-efc1149acef3,24,87,20240617,420.23,11,2024-06-17 06:33:00
6e92dc2d-a792-4e3f-9fcc-a61eed8075d1,1,251,20240814,558.17,11,2024-08-14 14:01:00
792edc60-fe6b-47c0-b156-1c31c0cf43fd,48,959,20241103,1699.03,39,2024-11-03 01:13:00
fec7296e-1074-4226-b799-9f7383676332,23,966,20241028,753.47,49,2024-10-28 21:44:00
8df179e7-8a81-46a5-b59a-12aa36e5babf,3,837,20240716,168.66,2,2024-07-16 01:03:00
808044b9-9709-4c91-921a-fd9c7f502888,14,462,20241119,1929.33,40,2024-11-19 10:34:00
6af5fb84-4e43-4414-b9be-b6d08bcac94f,2,703,20240914,890.79,50,2024-09-14 06:23:00
1689c93e-178d-4e73-9f3b-1f712236b26b,37,677,20240718,22891.41,43,2024-07-18 03:39:00
d8ac3a28-82ac-4b51-b6d7-c091e0187bc3,45,585,20240717,89.62,47,2024-07-17 14:25:00
754e3c97-a933-4a9a-816f-412f7309e009,33,25,20240703,328.86,4,2024-07-03 02:16:00
dbaee8f2-3b53-4a06-a73e-cd850d7f2434,49,485,20240816,1264.69,25,2024-08-16 19:05:00
51ebf3bc-9626-4b32-b4d9-d3760ea5077f,7,65,20240824,452.31,16,2024-08-24 03:49:00
c755c4c2-5e69-4b7a-9c79-939b85e881bd,30,263,20241118,544.4,16,2024-11-18 05:43:00
0dc1bad8-7101-4c6f-95c1-796289aa16a2,29,673,20240906,710.32,25,2024-09-06 15:15:00
43827bf8-6b94-47ed-827c-21a0571f9e22,44,937,20241105,1251.11,14,2024-11-05 22:00:00
a7164630-63fe-4116-8036-5d88af4a2c85,37,893,20241114,664.84,24,2024-11-14 13:49:00
bbe5522b-ffbd-46bf-986d-266f26e71f4b,38,264,20241111,1367.36,47,2024-11-11 13:30:00
93e1b4a6-0342-4682-8ea0-ce200bd5f906,9,156,20240810,1379.08,23,2024-08-10 05:50:00
6309d97b-a569-47fd-a5ea-bc1e189fe7e8,27,288,20240711,1873.74,31,2024-07-11 22:44:00
d5b63e6b-22ba-4924-8807-8114b74dc5c2,7,347,20240808,1675.21,33,2024-08-08 07:23:00
2c4cd92a-a9e5-4e5b-9aa3-61f86cc4451d,22,411,20240610,312.3,27,2024-06-10 17:36:00
02bc1b3f-bf37-45fc-8dd9-8326fc6d3b92,40,553,20240611,1599.49,17,2024-06-11 20:15:00
79c43e42-f653-4c34-9ed8-610fe8b8b182,13,91,20240625,1652.13,48,2024-06-25 12:35:00
9e2f06a0-5086-46d8-a0f4-144cb250876a,17,654,20240616,864.49,39,2024-06-16 13:10:00
059519a3-6d04-424c-a854-b5f52f0439d9,39,918,20241126,1741.88,48,2024-11-26 22:20:00
cce3ce0e-252b-4790-b18c-9f182532aa8d,5,114,20240912,1828.75,30,2024-09-12 06:29:00
813afa37-f8a7-4a1a-8520-ee4616e9ceae,27,380,20240902,55214.75,16,2024-09-02 06:23:00
dd63e990-cc9a-4a7c-a831-34a06837dbd1,25,363,20240817,917.68,8,2024-08-17 19:48:00
1e2fcbff-f8a2-4307-a7ae-df0f380b8202,41,985,20240926,124.28,26,2024-09-26 12:24:00
9b340740-9323-4782-8fc3-d093972d790b,8,971,20240621,1561.88,18,2024-06-21 06:18:00
44d89716-11cb-4cd1-ae29-f58907deefce,46,249,20240620,1489.33,4,2024-06-20 17:11:00
f62c8921-5daf-4edc-bd39-e44ffe1582af,2,469,20240916,689.71,37,2024-09-16 21:15:00
e75084c3-4b29-4cce-b43b-b02e3da16844,22,583,20240617,1986.41,41,2024-06-17 12:09:00
b28c291d-5cd6-4060-a4c3-a10621e42f8a,4,617,20241009,1171.93,12,2024-10-09 02:09:00
05b96766-f43b-4b6c-a419-be97fdd911ee,19,16,20240923,1727.59,25,2024-09-23 13:44:00
a2d86664-dd22-4435-a2ec-b9eb46a73ae1,8,995,20240805,903.82,44,2024-08-05 19:20:00
2713b019-7b76-4dff-9a40-c4f5713e7ef7,29,315,20240603,1336.86,12,2024-06-03 08:13:00
5423238d-dc62-4a89-a716-974b93b1d77c,36,467,20240720,655.23,34,2024-07-20 22:46:00
e952f679-bf01-4442-aaa4-210e2314abb2,31,435,20241112,712.29,5,2024-11-12 12:51:00
823f13eb-26ca-4001-98c7-c992b98feed6,12,151,20240605,1716.94,5,2024-06-05 10:50:00
1b99122b-732d-4ba5-8be1-61488f7d3f83,25,86,20241101,770.6,45,2024-11-01 08:24:00
6c5d0ca5-efa4-404c-b979-841f1d05a712,25,68,20241115,888.78,7,2024-11-15 20:35:00
3a6c2ab6-11f9-49fb-abe4-65dc76b2674a,21,990,20240825,1671.37,21,2024-08-25 03:21:00
521cff30-9e45-4d9a-ac71-5bb2997e32d7,8,67,20240712,789.09,36,2024-07-12 17:21:00
9516984f-1727-4ed9-b3bb-b481bbbe65f9,18,809,20240622,20634.53,29,2024-06-22 15:56:00
b6bdb6b4-c3cc-4b65-b8be-96e59eb86aa4,38,922,20240723,1179.87,4,2024-07-23 16:14:00
2c3cd0a7-1aa3-44ec-9c86-62237c92dcf7,13,646,20240911,1735.41,17,2024-09-11 09:42:00
b4c1b5b9-df87-4f73-90d6-5dc0212398fa,23,253,20240719,1973.28,27,2024-07-19 22:18:00
d90e10c2-94ce-4705-84ec-29cd58960b30,4,287,20240921,166.13,26,2024-09-21 05:03:00
b1a86249-f849-4833-a73d-6d8940399dbf,32,163,20240701,496.01,27,2024-07-01 01:18:00
54742671-15de-4262-91bb-7c98757ac0ab,38,893,20240826,1217.58,11,2024-08-26 11:17:00
873b26c8-2358-40c8-b366-d4e35201c4d6,41,862,20240930,37745.85,36,2024-09-30 12:46:00
8a46e826-64b5-443c-b1e7-ed54a1cb497a,47,723,20240620,697.18,26,2024-06-20 02:50:00
2a855f45-9043-4b0d-8f4c-bf7bf8e3d532,45,81,20240723,1946.89,11,2024-07-23 18:17:00
458d290c-a686-4409-8892-602a65e02de6,28,523,20240902,899.01,6,2024-09-02 08:37:00
64eff395-b14e-47cf-add5-602a4f6cce88,16,758,20240914,568.14,27,2024-09-14 05:21:00
1a8c178c-b160-4457-b3d6-5ddc315bae5e,9,560,20240830,1619.92,30,2024-08-30 07:28:00
9836bbfd-70b5-490f-b372-cedcd37e71fb,13,138,20240715,1005.88,46,2024-07-15 07:18:00
2eac4a37-431b-4c9b-96a0-24714e50ef49,49,254,20241010,1500.43,3,2024-10-10 12:44:00
54b5e7e9-87b0-4ae1-9fd0-8bb97a3e8f68,47,343,20240908,1674.05,29,2024-09-08 17:57:00
ab4cc0c0-b8c9-4a48-9bf7-c218e3fd2291,10,419,20240916,1680.36,26,2024-09-16 10:50:00
73c9eda8-7a4c-4875-a515-e173a69b8991,15,891,20240611,1185.62,44,2024-06-11 19:40:00
396c9185-1795-4ef6-a365-c8ce2d3ad373,11,84,20240814,661.54,41,2024-08-14 16:13:00
1d63c75c-9c3a-4344-af22-3fd5c0773d70,42,439,20240720,1889.99,26,2024-07-20 07:19:00
5aa1d50d-0d54-46df-af81-ad1fa69e29ad,43,965,20240622,1084.36,17,2024-06-22 11:05:00
d7ce611e-1c5c-4fb4-ab75-3da198d09f97,9,164,20241108,1718.55,48,2024-11-08 21:59:00
f8ab8a03-022e-4c47-876c-fb0c22248889,44,520,20240813,1641.66,21,2024-08-13 22:53:00
91b867c7-6be9-495f-a842-02d91d5fd779,35,669,20241128,563.29,6,2024-11-28 07:43:00
ce724594-4ef4-46e6-8b64-77ae849ff97d,18,503,20240616,790.4,8,2024-06-16 10:50:00
b4f3c748-442f-45cf-a6a4-88f65cde23ef,33,183,20240808,448.53,25,2024-08-08 10:09:00
a1e79526-3254-4267-a01c-aefa4b835439,19,463,20240610,351.6,38,2024-06-10 06:09:00
e9bdf597-1b7f-4e5a-aec3-3f301c4f2d90,25,641,20241016,490.46,20,2024-10-16 08:21:00
cd5e4657-659a-473b-82e8-208be57c6258,36,571,20240927,1884.59,18,2024-09-27 16:33:00
20c4927d-9f2e-4752-8b74-7f60760eb8d6,25,332,20240601,369.83,36,2024-06-01 15:00:00
49e3177a-585d-4971-a3c4-e4653a27f9f3,19,685,20240716,1502.24,14,2024-07-16 12:38:00
cbb64c3e-e5b7-4a03-84cb-fd1973014016,31,219,20241024,795.8,41,2024-10-24 02:01:00
9daa635e-680d-4686-96b3-a7af3827e9e8,19,242,20240823,512.32,36,2024-08-23 21:21:00
d7f5ff91-1ea3-4f1f-92bd-9d2e30102582,34,775,20240713,204.1,32,2024-07-13 09:35:00
8b549aea-171f-49d7-93e8-da8c7e586774,15,519,20240620,117.95,47,2024-06-20 23:47:00
a869d55a-ead5-46d0-982f-19cf25b7f69d,48,861,20240602,689.02,25,2024-06-02 06:01:00
71d7fc54-3ac8-41c0-a1db-a1c436f11dea,23,332,20240601,1770.43,10,2024-06-01 10:35:00
3efe73ef-64de-4ce6-b66c-f48b0cdad551,39,992,20241119,339.5,37,2024-11-19 11:16:00
29cbc385-6196-4bdd-8224-e30aec27d528,37,26,20240716,840.11,19,2024-07-16 10:45:00
e8d7aef4-c4cd-4a57-b03d-cd715493ebb2,35,999,20240912,1273.43,7,2024-09-12 10:51:00
160e89ac-aa67-4dae-8c71-9d7a3710c0d1,7,980,20241028,271.03,20,2024-10-28 18:35:00
0b85dbc1-a7f2-4053-ad82-d379dfa3702a,24,63,20240707,1139.83,50,2024-07-07 06:10:00
ae4cd438-5f72-4b72-9887-39a55062359f,19,480,20240818,600.42,43,2024-08-18 16:06:00
0b4638ac-ed85-4a0a-8f5f-66a61d0eda7c,14,87,20241120,1453.58,34,2024-11-20 12:30:00
8579d50f-c054-455e-88eb-75ce24b01e20,17,571,20241111,681.11,1,2024-11-11 02:23:00
ce6f9a21-ad7d-4267-be34-df6dd93add93,4,48,20240811,1475.05,25,2024-08-11 22:57:00
67fe50b5-3acc-47e9-a5f3-702a43450580,14,985,20240614,824.48,20,2024-06-14 14:35:00
4ac7b4d4-c7c0-4016-a23f-f80d928a8917,7,378,20240910,484.1,50,2024-09-10 09:13:00
3ac10e76-7d65-43eb-b52e-67db088f02ae,48,437,20240713,57274.48,28,2024-07-13 04:11:00
6c6ef321-f5fd-44ea-8fca-866cfccf530b,3,855,20240703,1784.81,38,2024-07-03 06:00:00
ae860bb5-eaeb-41a6-8acd-25e566287eea,35,250,20241031,923.97,42,2024-10-31 20:17:00
fa5bedc8-53b7-49fb-972a-be2f82a5bd3d,16,360,20241014,480.26,27,2024-10-14 05:15:00
e751a2c1-0718-422e-b4d1-707654032929,7,91,20240729,242.58,16,2024-07-29 16:09:00
bfdbded5-73f4-431f-9b4a-e50aca1e2cbe,36,312,20240721,661.34,40,2024-07-21 22:35:00
37daba56-76fd-428a-a95a-0ca87fb1cb85,13,574,20240629,1525.17,23,2024-06-29 12:28:00
1043c7f9-50af-4e92-994e-da540da03b79,2,966,20240711,115.92,40,2024-07-11 10:04:00
fb905bd6-3710-49d3-aec8-4700fdfe8922,27,90,20240805,116.98,11,2024-08-05 09:30:00
8c305d07-e90b-4cc7-b0ce-67beea376157,21,695,20240628,1670.5,2,2024-06-28 17:22:00
d4f1ccfb-9a51-44c6-9b7a-057853d16813,31,58,20240923,1841.21,40,2024-09-23 09:49:00
348bf88c-94de-4a6d-bd16-ff5d8b187c50,33,658,20240814,1845.46,25,2024-08-14 09:56:00
ffcf0a76-e7e2-47f7-8b00-609fbbcb740a,45,256,20240617,1337.67,30,2024-06-17 16:00:00
d840feae-38ac-497d-87ec-b2f374b42d2f,49,405,20241113,1260.55,9,2024-11-13 20:11:00
60b30616-efcb-4c70-b46e-e929dfcf9158,44,30,20240802,1143.42,34,2024-08-02 02:39:00
8276b81a-5641-41bf-9fb9-07bd4baf52da,18,886,20241102,615.13,3,2024-11-02 18:15:00
4ccf8e4d-cbd1-48b2-a31e-0d09ee4137d7,32,357,20240710,744.07,42,2024-07-10 08:27:00
127dcfb6-cded-4d04-b7f0-559463e0c7c0,27,228,20241110,1246.14,28,2024-11-10 05:10:00
09bc9b23-6c00-4a2e-a6e4-d51c45664f1d,19,504,20241013,1049.51,15,2024-10-13 19:58:00
a6ccf1b5-3ed0-4ec5-adda-ec037a287d73,7,111,20240625,461.28,42,2024-06-25 03:15:00
3143b1db-a8f8-47f2-804d-1374b7ab44c1,49,746,20240706,1085.21,26,2024-07-06 18:38:00
2c172d0d-e868-4322-be75-e24526c7f8db,2,7,20240823,1635.8,1,2024-08-23 22:35:00
cfaf529f-5da3-4f23-9e31-46c67eab3305,35,826,20240605,800.06,22,2024-06-05 23:40:00
e1fd0a3b-e4a6-48d3-b8e7-34b512650fda,20,231,20240726,563.43,26,2024-07-26 13:03:00
1f8bf76f-1bc9-4b51-982e-c7eed2588ac8,48,897,20240725,1208.87,45,2024-07-25 12:18:00
1a07b728-e959-4f73-99c0-9a454b2197bd,20,142,20241119,1260.53,17,2024-11-19 05:30:00
32d52868-609a-4f5c-b5e9-bc2182e39317,7,897,20240701,252.43,38,2024-07-01 10:42:00
fb37bb47-ef15-4867-8e4a-5e7d028b3c5c,48,807,20240704,54.12,14,2024-07-04 22:55:00
1d2f113a-1a22-483f-bcf4-ca1719765bf0,8,681,20240830,355.97,5,2024-08-30 18:49:00
d2d91e6b-686f-42c0-8df0-9a92df2f2b2f,4,594,20241115,961.08,47,2024-11-15 16:12:00
3791d514-4747-443a-baf8-05276e0433bc,20,604,20240612,1847.68,30,2024-06-12 21:43:00
2bc0f427-9da3-4df0-bcba-861e2dd62349,2,804,20241126,957.45,36,2024-11-26 00:33:00
4183d695-6430-4c23-984d-465d10f62bbe,45,470,20240930,1258.72,29,2024-09-30 19:23:00
53f85e8e-043c-4f49-b49c-47e3a29869c8,30,83,20240719,845.22,47,2024-07-19 01:04:00
2d3600d8-7b59-447e-9220-2080fbfd3206,45,367,20241008,1097.15,2,2024-10-08 04:55:00
ac6b0dc1-6bad-4e5c-b18c-f7a8c8a25e9a,27,444,20240801,1645.31,17,2024-08-01 17:43:00
d0fe222e-002f-4412-ae4e-d3d892487e38,15,575,20240619,1535.66,34,2024-06-19 15:48:00
0866408a-f1cc-44ca-89b3-a765544d50b9,12,592,20240904,1781.33,26,2024-09-04 08:15:00
9da58d3b-b40b-419c-8c23-38499afdd623,39,164,20241014,999.35,27,2024-10-14 20:35:00
b96dedf9-6a35-442c-9692-ec3835604939,44,983,20240718,78319.28,31,2024-07-18 11:32:00
6d67ed00-96a9-4fd9-a69a-4bdbccfb8d90,16,838,20240821,519.08,2,2024-08-21 22:39:00
11ecc075-bfb5-4ed1-9016-435ebc431a3a,50,699,20240812,539.84,3,2024-08-12 11:49:00
29deb811-c00a-419c-9eb6-4207cedd0b22,29,927,20240603,202.91,22,2024-06-03 09:03:00
33326abe-43d8-4ce2-bef5-5fc29b2f5f68,44,115,20241025,1972.49,3,2024-10-25 13:14:00
454935fc-64da-4ccc-97ea-3a8ebcde4941,46,274,20241125,214.47,30,2024-11-25 00:22:00
5aed54e0-db60-4ada-94cf-b53211ce4a92,20,117,20241125,329.25,3,2024-11-25 17:44:00
e3c43282-51c1-4bfb-bf76-91fa18e1b8e6,31,241,20240703,1621.72,45,2024-07-03 20:46:00
91957858-39ac-476b-831e-0fb99aa4814f,36,28,20241010,845.29,1,2024-10-10 22:28:00
17aaab19-9d5c-4046-8118-536f2f95453c,21,199,20240724,566.45,8,2024-07-24 02:24:00
de08c730-8e34-4208-b598-6b71ee7b5eca,29,533,20240610,415.01,4,2024-06-10 02:48:00
8636bf81-dc1e-42e6-afed-3d30b34f00ae,29,742,20240702,733.71,37,2024-07-02 01:44:00
c95b1ea7-f538-4b37-88e2-4c596eada1bc,15,547,20241124,1432.38,38,2024-11-24 07:32:00
a2430be2-f3d0-47d4-bb33-05a3b4efbba1,31,399,20240610,887.67,3,2024-06-10 09:53:00
72fcf34d-65fa-4f66-9021-cf7d07a9ebf8,20,558,20240926,694.43,3,2024-09-26 11:05:00
af792f69-2518-41b7-aaa9-29c92b11a70a,45,555,20240929,1262.74,2,2024-09-29 13:58:00
0fde793d-3a0f-494a-9298-ad8ca556c8c1,17,112,20241106,1515.0,43,2024-11-06 08:17:00
e1849caa-3090-4e49-8c2c-bd2158afa925,11,8,20240724,1614.03,11,2024-07-24 21:25:00
cee13045-9dd6-4614-9ee5-89f19482ac4c,3,894,20240714,1788.38,33,2024-07-14 18:18:00
cb916fcc-495d-405c-ba6c-0c80e6fbc54a,36,950,20241024,956.0,34,2024-10-24 10:11:00
c8870b59-01e9-4e04-b25d-566909a7047e,10,27,20240815,345.69,26,2024-08-15 02:30:00
6dfbf373-160c-49eb-9d71-af0d4190acc9,37,533,20241009,366.17,1,2024-10-09 02:54:00
64eab881-5a3e-4003-98f0-67572fd8261b,19,551,20240623,1488.45,7,2024-06-23 20:39:00
96583695-e4ee-4d08-83a0-4b2cd8a064b9,2,261,20240611,1225.64,24,2024-06-11 21:00:00
1bc44098-5a07-47c1-9d8d-1aa196630298,14,476,20241127,1994.07,19,2024-11-27 11:34:00
43480180-15eb-4237-b6e1-be5a7ddb0eb5,11,736,20241127,804.37,47,2024-11-27 10:21:00
f81bdf0e-93b8-4574-88a4-484a37caa9b3,43,411,20241124,1229.73,16,2024-11-24 15:25:00
ce8c1c71-687c-4a7e-a183-26af30e30aaf,23,882,20241001,852.51,13,2024-10-01 20:26:00
c7563893-b67a-4227-9973-b0e85a7edcf7,10,129,20240731,1974.54,10,2024-07-31 05:34:00
1499fc08-f840-4224-91e3-c3327e374bc0,34,776,20240812,304.57,49,2024-08-12 17:43:00
1c2b66bd-407f-4e6a-b6c0-7417a2359f4d,29,413,20240615,519.92,43,2024-06-15 20:04:00
852953d8-3625-4fc5-a2cb-248005313216,31,994,20240907,1526.2,12,2024-09-07 16:11:00
f9c8a0bd-6802-4f95-a7a1-8816e6230778,3,656,20240831,1086.82,21,2024-08-31 05:01:00
6c2d6f2c-3f9c-4afd-803f-d442d929060e,49,39,20241016,817.09,19,2024-10-16 08:28:00
c4d6c1ff-edf2-4b14-a951-2a5ecae2f366,48,650,20240913,1544.94,29,2024-09-13 15:32:00
10e0881d-e599-4c75-be1b-25537c5832fa,33,349,20241105,1844.96,20,2024-11-05 00:25:00
b664667d-179c-45ef-808b-3bf91a4d8497,16,432,20240806,960.6,49,2024-08-06 16:57:00
b03511b7-6fb4-4bc2-9718-39c614c90076,48,925,20240702,984.29,31,2024-07-02 12:16:00
ea74453f-3a0e-4407-a9b5-c186ff9f617d,8,336,20241013,1280.09,2,2024-10-13 22:11:00
3cb7a816-24e6-4b2f-9faa-601a6ff4d3d2,45,248,20240610,1506.9,5,2024-06-10 05:07:00
d02eb29f-6d67-432a-983a-d3f277d4ab06,13,703,20240726,1358.14,4,2024-07-26 11:51:00
664157a8-c775-4116-ada1-f559467651e8,5,971,20240717,756.42,34,2024-07-17 01:34:00
6b563116-ea5d-4163-bf9a-99bcfcf8b32f,5,314,20241112,1921.68,32,2024-11-12 15:08:00
a8b01542-85d5-4d52-89f4-86455e2c0fe5,2,430,20241112,718.4,2,2024-11-12 16:56:00
3a216b5e-0a61-440f-b0f0-9e221d951dd3,10,150,20241019,1198.46,3,2024-10-19 15:03:00
3595f8ae-a3bc-401b-b30c-5ac2f892b0e0,37,584,20240903,138.24,12,2024-09-03 20:38:00
397e48d1-61ab-49e0-998b-798b2d869e33,1,648,20241120,1289.49,30,2024-11-20 09:05:00
5013e398-495a-4435-b055-5aea32235502,32,357,20240723,128.19,21,2024-07-23 23:05:00
65297240-7c8e-42de-a24a-d612cc581505,39,371,20240629,1132.11,30,2024-06-29 19:57:00
eef77ae4-03a4-41a1-ab51-6716315fdc35,25,134,20241027,68.99,34,2024-10-27 02:59:00
d6f2ef64-c949-4b97-9813-b13feedd2d25,22,9,20240803,440.41,4,2024-08-03 19:09:00
62f7e99e-206b-4f1a-9ce4-4b2be5728bca,47,695,20241017,825.04,35,2024-10-17 12:53:00
4f621e3a-6293-404a-a5af-430bafbc2f84,7,111,20240913,936.42,33,2024-09-13 01:14:00
6cd61b36-9147-4b45-bfb7-b89ce317065d,31,25,20240705,1121.79,12,2024-07-05 06:36:00
b60f2486-24f8-48e4-a27d-d9816f852ebb,40,81,20241023,552.89,15,2024-10-23 18:17:00
17f31795-71bc-420d-b917-6f12c2623c88,35,129,20240818,1149.12,14,2024-08-18 08:10:00
915b1df1-041d-4475-accd-5ef52263bc55,8,457,20241125,769.69,34,2024-11-25 14:53:00
d6e448e2-88df-4948-82ee-56119b2daa1c,33,972,20241004,1525.81,25,2024-10-04 05:19:00
69945910-3a49-4936-b622-1f4033f52507,7,609,20240616,308.53,32,2024-06-16 06:53:00
9f4ea5f8-8298-48d6-9802-a804a133f6f6,34,368,20241003,1048.53,19,2024-10-03 11:30:00
fb1ec51b-4469-45bc-b9f0-75b4794498f9,11,129,20240802,1588.61,36,2024-08-02 14:30:00
d5f66fe6-5556-4d1d-894d-32c5733bccfa,6,449,20240924,1562.11,7,2024-09-24 02:06:00
0024547f-3f9d-4aa2-a8e5-8d6860004e90,30,917,20241127,1932.41,23,2024-11-27 12:20:00
8edd0b87-0ec0-49ca-88ba-45b7fffd03a8,10,573,20241018,632.03,33,2024-10-18 03:37:00
d81c32cb-13b6-4eff-aa6a-4ff57c86613e,30,706,20241028,1147.33,19,2024-10-28 11:14:00
2948a359-bfde-41fe-b832-4a642b74c0f5,41,939,20240923,509.63,39,2024-09-23 03:55:00
3c8b9774-b82c-41e9-9917-ccf0b05bed73,3,37,20240817,472.12,33,2024-08-17 07:07:00
c17fcb7e-dffe-4bff-95d2-bfad24776a2f,3,679,20240628,1329.62,31,2024-06-28 02:43:00
d2f3b84b-6130-4a95-9801-0cde176d6481,12,835,20240727,75.48,38,2024-07-27 19:30:00
3f80987c-6889-4468-97a8-69d7ba6db9ca,33,988,20240807,401.42,46,2024-08-07 19:10:00
92b0ec9e-c58b-4ccd-96ff-55219a469c69,3,445,20240918,304.98,26,2024-09-18 01:11:00
83ccf6b8-4797-4d3e-ae52-43bc8c32488f,38,356,20240628,1584.59,1,2024-06-28 21:15:00
18280098-7b06-47a2-9ab8-de007cffdf23,26,153,20241007,1174.67,2,2024-10-07 20:13:00
20b2a090-c3c6-411b-a33b-64f570d0a875,30,838,20240930,265.48,14,2024-09-30 13:20:00
bfea4217-a63a-47fc-8658-c96fc459aab0,10,71,20240625,848.81,43,2024-06-25 00:02:00
2a616cd7-ed98-4dc0-96a2-3c422f110a04,25,12,20240602,666.11,44,2024-06-02 04:46:00
f14d36b7-bfbc-4578-878c-d80b1b2b792a,49,173,20240822,818.65,7,2024-08-22 15:42:00
11083bed-4dfa-4b5a-9d11-8869997a64e7,2,591,20240709,53.92,20,2024-07-09 02:04:00
9db73400-5c8e-4e4b-96f2-54da9f516c10,28,595,20241031,1752.2,34,2024-10-31 07:07:00
b42ebe1d-a780-46ce-bc5b-f03ceca70774,17,50,20240906,687.37,27,2024-09-06 14:32:00
dd0fa806-1554-417b-bb50-5bb7f452a99b,34,199,20240621,699.26,11,2024-06-21 09:35:00
5655d8d2-d48f-4c21-a01c-8825d3d2a1cb,21,779,20240926,623.49,31,2024-09-26 23:54:00
906678c1-e131-4eab-8a12-3cdeac8bd830,20,618,20240606,1337.81,48,2024-06-06 13:01:00
a514e8bc-f373-4bf3-bb28-e546ff2445a6,7,918,20240805,147.66,25,2024-08-05 17:34:00
09c49bbc-4a60-4c2c-bb26-2089764e6a3f,33,845,20240929,75.33,37,2024-09-29 23:00:00
69ceb1dc-136e-4d5c-a87f-41b91ad31149,14,239,20241104,1366.33,35,2024-11-04 20:47:00
b5614736-379f-4720-b196-1948762fea5a,46,123,20240628,1527.29,7,2024-06-28 17:58:00
d9236ee7-5c96-48f5-bf48-55f1ba67221b,17,559,20240629,1637.2,42,2024-06-29 23:34:00
08945199-3429-4d19-99a0-dfa9b9d06d68,45,2,20241125,1882.58,28,2024-11-25 09:11:00
40990f04-1226-4bfb-b012-534d00006960,7,721,20240709,1374.66,2,2024-07-09 06:32:00
411f5ce4-826e-422c-a287-2af31a0684fd,4,524,20240723,1164.81,6,2024-07-23 13:38:00
a96367fe-a668-4642-afca-15942148b8a2,23,602,20240825,1124.58,8,2024-08-25 15:51:00
371301ad-0776-4437-81b6-fb7bbcb4463d,7,452,20240904,71.31,8,2024-09-04 15:22:00
434507ae-3795-486f-8f42-3ab572b5d7ce,17,269,20241028,1624.87,44,2024-10-28 20:48:00
9452492c-138d-4ae3-920e-9e00bfe8690b,9,451,20240926,1574.31,50,2024-09-26 05:06:00
aad1690b-555a-4cab-a91a-3687fe515757,13,149,20240611,67.74,25,2024-06-11 06:06:00
a063b43c-6431-4316-855f-0fb49ff5e1eb,34,376,20240727,1062.25,27,2024-07-27 19:34:00
0a3094ab-c4c4-494a-8218-f63f110c56b9,48,785,20240811,704.45,13,2024-08-11 19:57:00
e6f52054-a9e9-4072-92d2-9ad3762fc69b,10,685,20240703,528.78,8,2024-07-03 00:23:00
12147547-1282-4441-a044-43ba1cd36bd2,4,8,20240622,415.25,4,2024-06-22 15:39:00
1cdfd8e3-7b6f-4f03-aa90-b9bd9726cd08,39,436,20241018,950.02,41,2024-10-18 19:30:00
80b68c40-b9ee-469d-b7f1-861329538347,40,770,20240602,1702.28,6,2024-06-02 14:07:00
d0e6ecc2-a66d-4313-b6d2-4b4bd8d0d5f2,7,175,20241105,530.46,18,2024-11-05 00:47:00
fd0a21f3-7d04-406e-8a9e-b777916c23f0,18,689,20241023,1045.52,17,2024-10-23 18:00:00
2452d93a-d825-4d22-9025-b4324919520c,20,711,20240721,263.65,21,2024-07-21 21:33:00
b79c1e77-a63d-4f65-9ac6-b9127282b1ad,31,349,20240922,540.93,48,2024-09-22 00:48:00
da4d88e4-37e6-4d39-be20-0f1802dd7ded,28,473,20241013,1381.35,27,2024-10-13 05:34:00
a41b7c2e-f2a3-49d7-b64a-ecf6839f7dc8,28,967,20240819,1939.41,33,2024-08-19 23:36:00
dec0a920-b018-490f-92bd-8335790baa51,6,417,20240809,657.51,35,2024-08-09 19:31:00
e0f18278-9a48-46f1-957b-e2c668fc1ada,10,28,20240728,1838.29,6,2024-07-28 17:52:00
c2faa72f-aff3-4416-af87-f13e042dbe7d,16,439,20240710,1051.62,40,2024-07-10 09:13:00
07428a3a-e05e-41e1-a302-ef8a90e44413,12,810,20241002,797.3,40,2024-10-02 08:17:00
7c3b0ebc-2391-466f-b109-70ae15b65d38,10,438,20241102,535.55,40,2024-11-02 19:46:00
4d71a388-20b2-47a4-b127-8fb826f189fe,41,4,20240626,421.64,5,2024-06-26 09:30:00
25b956ab-9eda-4b84-b9e2-648aee9f4a33,45,369,20240610,1197.59,48,2024-06-10 15:53:00
8ba0556f-674c-4dca-b855-a0b192241bc7,10,157,20240910,805.18,19,2024-09-10 14:04:00
a2e374e3-4cd5-448d-a6b5-d9050a097247,38,650,20241124,463.5,47,2024-11-24 01:58:00
00297868-4b3f-40a7-9224-3ae18cd2d069,50,773,20240613,194.4,31,2024-06-13 14:44:00
099c64f9-6604-4f7a-8d45-e2a58ee0ad87,4,59,20240829,1720.49,48,2024-08-29 14:29:00
32c4c845-9eec-4fe1-b695-119c8d2392ea,12,34,20240825,1765.8,2,2024-08-25 15:44:00
1166e818-bb7b-4b0b-867d-7daa8600b295,34,598,20240907,241.53,38,2024-09-07 07:15:00
47891212-f187-4f92-aaf7-4b6e1f71e2c5,36,337,20240911,1105.74,14,2024-09-11 21:41:00
76bfa459-4973-4d94-838b-5e9881e89c8a,5,29,20240604,398.17,10,2024-06-04 03:22:00
fe575a70-9960-4be6-9364-ec444ae96bc0,21,212,20241106,1573.76,12,2024-11-06 08:53:00
766e9941-4b8a-4cf5-9088-e45df756b57c,17,617,20241004,202.89,16,2024-10-04 15:26:00
121202bb-85d2-41a9-94ca-918a77961269,30,918,20240812,1688.19,8,2024-08-12 15:00:00
1be01ab1-90d9-4ffe-badb-c695f41a63d4,6,904,20241029,1884.8,14,2024-10-29 22:06:00
bdd4ee48-6e4b-4305-b1d6-ffb9edc703ac,16,722,20240803,1152.39,45,2024-08-03 21:26:00
1970d724-3e31-4434-87dc-a0811b90057a,50,601,20241021,1263.67,4,2024-10-21 19:01:00
64ee38d3-2fa0-4bbf-8631-a31bbc1007d8,39,151,20240618,196.33,36,2024-06-18 13:09:00
e0680d55-3109-4766-8d98-6cf49dfd7f9a,29,26,20240601,1539.6,48,2024-06-01 22:10:00
aa40029a-3711-4e26-9312-d0424c02eb5a,39,822,20240808,510.62,2,2024-08-08 06:48:00
89762cc7-6083-471b-977f-3e29fc591628,26,9,20240825,1798.09,7,2024-08-25 11:44:00
bd15b0e7-b867-4f13-8f07-b5941572e057,3,868,20241105,84.53,48,2024-11-05 04:38:00
4952e14d-87f2-45e6-8bfd-a9c90185987c,6,560,20240608,1149.05,18,2024-06-08 17:46:00
a6fe0bf2-2493-4450-b91d-1dbbd7c5b7ce,21,782,20240721,54.96,14,2024-07-21 10:16:00
929eeeeb-3f16-42ac-b96e-e7f4b0286c16,29,583,20241118,504.26,21,2024-11-18 10:06:00
f0485f63-00a0-4c88-92e5-7d22b7484204,14,372,20241026,1291.69,13,2024-10-26 02:29:00
12d72418-61ab-4338-a114-462630442a4c,8,515,20241101,1812.4,29,2024-11-01 17:15:00
72c6727b-a590-4e93-bf8e-c74943c64a5f,18,755,20241113,1604.55,20,2024-11-13 06:21:00
2dde4a84-cf24-415e-bdbc-4502da127140,49,267,20240711,1554.85,3,2024-07-11 02:21:00
88bfb491-7321-4f14-b5e7-c4f383137528,7,777,20241019,1121.86,41,2024-10-19 20:17:00
b0dd5fe1-4780-4c8c-81a7-dfa4375845f1,27,168,20240831,1723.61,11,2024-08-31 04:16:00
6db768d4-c6c1-486d-b0bb-56cefaa069ad,26,514,20240918,141.07,10,2024-09-18 07:28:00
7bd74c15-addf-46b1-a48d-79cab7199ae3,40,417,20240616,1982.65,34,2024-06-16 12:10:00
bf0e5566-7efc-4c54-a642-0022cadd8949,38,374,20241110,972.99,44,2024-11-10 10:39:00
efcf8fad-c033-4d6a-89b8-75aa923c5564,42,312,20241003,343.36,49,2024-10-03 04:03:00
e20de990-8538-49c7-8b8c-6cc6c63d3f79,26,660,20241021,917.97,25,2024-10-21 00:31:00
add14e1b-2ab3-4482-b82a-09d96a8c1208,41,628,20240807,543.6,35,2024-08-07 02:28:00
67277656-a645-4ac5-9f87-901860515ba0,24,243,20241029,394.23,35,2024-10-29 17:39:00
97bba466-5ec1-42c1-b69d-79c4034a9637,8,164,20240927,253.61,34,2024-09-27 19:25:00
020fe7cd-78cf-41f0-8dfa-fa97a0afe9a7,41,221,20240726,409.34,14,2024-07-26 23:21:00
3221a580-292e-49d6-8ce2-1a2836608e84,31,730,20241115,1656.81,36,2024-11-15 03:48:00
227aecbe-25ed-448b-8d65-255f3c62bb1b,9,334,20240907,664.66,9,2024-09-07 18:18:00
aa6379d8-03c7-4cf5-971b-314fc5054766,46,6,20240707,1461.13,47,2024-07-07 23:54:00
93ba3315-0137-4d3f-8238-076a1d93cf55,5,433,20241021,1927.1,32,2024-10-21 04:50:00
8f30ccba-071a-4d4c-bd04-67507e4713fe,35,885,20240608,555.39,8,2024-06-08 21:41:00
35efdc5e-a23a-4a13-9444-d23f76e222ca,50,214,20240715,160.42,48,2024-07-15 23:16:00
353292cc-8931-4b27-9c76-bc17ecccb64e,10,425,20240605,643.6,39,2024-06-05 21:45:00
fdbe0112-6852-4457-a0e7-fb99d8fc865e,9,138,20240730,498.38,43,2024-07-30 01:27:00
0ba3572e-da7d-4dfe-8fa2-9273db2cd01c,7,561,20241114,1040.52,37,2024-11-14 09:59:00
5a7e8408-9097-4d8d-a70a-4d1d85aa4cf0,39,614,20240806,920.52,49,2024-08-06 22:22:00
16757d0e-053f-4748-ad14-0615c562ddbf,43,762,20241002,1151.68,22,2024-10-02 10:54:00
593e869c-1c56-48f7-8535-dc609f21d5aa,37,988,20240731,1878.6,9,2024-07-31 19:11:00
cd2f94c9-6f67-4b79-aff6-c4b1c58a3602,35,716,20241124,1346.06,24,2024-11-24 11:23:00
2d0ba1fe-8bb7-427b-b545-c0439ee8cc1a,37,894,20240821,1897.21,30,2024-08-21 22:26:00
efc71095-6a68-45a7-8c5c-af5916362e0e,19,183,20240826,1931.03,47,2024-08-26 16:05:00
cbcba258-a7c8-40bd-8398-7c2fdce162ae,17,64,20241109,493.32,16,2024-11-09 15:05:00
be94b9d4-8cf1-4b79-90ca-4a49ef51b01c,39,120,20241021,700.03,48,2024-10-21 01:52:00
970e27d5-a23c-4b86-9a6c-c8d6f44d9b2f,2,530,20241003,1836.69,36,2024-10-03 20:19:00
1478b80f-1ceb-4d0a-8861-44954f3c0c8b,38,343,20240723,881.93,9,2024-07-23 12:11:00
b9ce1100-0961-45d0-81ef-671f1744ae54,10,457,20241011,177.39,33,2024-10-11 16:56:00
e4bee77a-81cd-457c-91fc-14c80d859bbc,25,695,20240828,324.5,27,2024-08-28 19:06:00
83cea805-bb55-4ff6-acbc-6f9e32df763d,3,878,20241127,1033.38,29,2024-11-27 14:26:00
a1b194a6-0a7e-4f75-a0a7-b67219f121e9,42,171,20240602,776.06,17,2024-06-02 20:07:00
3c3b9ad6-17b3-4878-b198-4eda8db59e25,19,910,20241112,904.2,36,2024-11-12 19:36:00
e60bf955-bf22-4738-b76f-430012dbec0f,12,725,20240929,782.93,17,2024-09-29 15:32:00
3ffc97d2-065e-4ebf-947d-90ba5ec82069,1,862,20240727,1414.15,22,2024-07-27 17:32:00
1eedf564-98e9-40e9-902c-9c6442db9f3f,46,859,20240916,1970.12,45,2024-09-16 10:49:00
d274334e-7c1f-46af-a054-0cc7d8150e13,27,673,20240701,344.49,8,2024-07-01 08:00:00
d48270a4-9ab7-4e53-997f-24d29b7f9351,26,318,20240713,1689.55,6,2024-07-13 14:15:00
9339883a-8409-4d58-8a89-1493742b4fec,35,201,20241119,862.1,45,2024-11-19 04:03:00
1887d1d1-26b5-4135-8f56-048280d0dcba,29,682,20240823,1791.27,46,2024-08-23 05:36:00
777b306c-c820-48db-b163-a99d94fad332,48,734,20241031,1029.11,27,2024-10-31 05:32:00
fb1887e7-497f-4b87-bdad-5a8164a9872a,19,631,20241112,776.6,17,2024-11-12 00:24:00
5c802ab7-b8a4-454a-901e-54bf9de1fb6d,31,22,20240921,973.15,14,2024-09-21 20:53:00
9656d2d4-ff68-4789-a86e-b248060dbf70,12,826,20240619,1531.54,16,2024-06-19 02:24:00
03987653-be30-4cc1-a824-5010dcbbba3a,28,916,20240801,1255.11,28,2024-08-01 17:31:00
36a3227d-2e1d-4b47-8600-a09dd53e3db3,6,13,20240708,1397.63,9,2024-07-08 07:00:00
ed535592-6e12-4743-b7a7-0e4ce366d866,16,47,20240714,169.54,44,2024-07-14 14:33:00
cf8b3361-0eda-4e0c-b9f3-3334c618ffaf,31,493,20240629,920.02,4,2024-06-29 20:19:00
51fc04b0-8562-4855-b0db-29eed81b2781,43,963,20240801,859.71,5,2024-08-01 10:15:00
1e965ac3-a5e3-4836-ae51-e350e612c8cf,5,340,20240712,492.3,10,2024-07-12 19:47:00
e29de070-a1a0-4938-ac73-4b99f89814d1,34,211,20240913,1654.87,40,2024-09-13 00:19:00
ae86cd02-e101-4e10-b93e-af5c64cc1705,22,137,20240616,244.17,50,2024-06-16 16:31:00
4b569825-d85b-45c5-838d-f12b215dc561,18,854,20240907,393.09,48,2024-09-07 18:10:00
46a7f6b6-eca2-4d9f-a919-bd92a7f56b1b,10,126,20240802,466.34,33,2024-08-02 11:51:00
26c92a3c-683c-49de-b4e6-e46c8636d226,29,382,20240612,1360.06,5,2024-06-12 07:39:00
087f5411-3425-4192-b2c8-ee1461f627fe,18,515,20240811,1760.2,42,2024-08-11 19:26:00
8153bb14-7a8b-4fb3-b812-be64bb4fdbe3,38,705,20240614,923.44,19,2024-06-14 01:15:00
096982b6-16ac-4d95-a08c-f20fa27b0988,34,236,20240903,714.01,39,2024-09-03 07:51:00
a315b6c3-c986-40cd-9c88-bc13b4bdefcf,8,471,20240629,1003.55,42,2024-06-29 11:46:00
a626f7ab-a2f1-46f5-8d16-680af41f379d,13,964,20240804,184.05,22,2024-08-04 03:37:00
bc595d2b-26af-41d0-95ac-55af7ada3366,13,837,20241121,1911.08,4,2024-11-21 04:55:00
8f95c4f2-fa96-4fe7-890a-3c026da06fc4,46,655,20240622,942.34,39,2024-06-22 09:03:00
8c6cdbe3-9f0d-4994-8509-029ba6f87e14,20,252,20240921,119.52,34,2024-09-21 20:52:00
10cc5cfb-c494-4e7b-8e71-5a42dd7ff217,9,144,20241002,1497.29,41,2024-10-02 12:04:00
1218c702-6e2f-4fc1-b5f9-fc6299412275,9,660,20240620,60.47,38,2024-06-20 17:33:00
9e47bae2-5466-4323-acd4-f60e722bdd41,26,338,20240926,831.83,34,2024-09-26 09:24:00
831e6bd4-96d1-4eb0-a8ca-2af456f2106f,1,529,20240623,692.33,24,2024-06-23 22:09:00
0bcc091f-9d3b-4dbd-acea-35ec692de2ef,47,414,20241114,1752.96,47,2024-11-14 11:04:00
c4f55606-cce5-4d17-a1da-38759b058a6e,47,923,20241105,829.95,17,2024-11-05 17:14:00
dfc2ed98-1538-42d6-af5f-e48e6141d8ec,37,668,20240904,1076.72,8,2024-09-04 12:22:00
a6777ee1-8ee2-4b10-993b-70f7b1974e80,2,312,20241124,820.0,12,2024-11-24 02:08:00
8fc2ed33-6a75-42a6-9561-72987738212c,32,597,20240720,678.17,19,2024-07-20 01:10:00
78a8e232-60d6-4e50-a56c-c6a5450e956f,10,528,20240806,1925.04,13,2024-08-06 19:41:00
17220546-8703-4229-a7ff-965edd5ec5bb,24,999,20240809,143.33,23,2024-08-09 06:24:00
f5e6486c-8e3f-4014-a475-6ab8828b7649,47,619,20240605,1591.38,18,2024-06-05 02:20:00
de51eda6-b948-4a23-a57b-b02831970466,27,458,20241021,1421.33,40,2024-10-21 01:25:00
94ff133b-29bc-4a25-b933-f7ae8f52a7d5,15,116,20240825,172.84,35,2024-08-25 11:02:00
d43a0b1b-a991-465d-9aeb-2b36fd8940c1,1,876,20241025,1574.23,23,2024-10-25 20:04:00
743c8964-e632-4161-86fb-2334731132f1,48,862,20241128,1249.07,14,2024-11-28 02:19:00
68cbfb91-bb8d-4e00-b0c1-69e19d8f8073,42,295,20240730,1318.93,39,2024-07-30 06:51:00
fe251409-e972-4726-9941-9d413402c406,45,507,20241014,575.04,33,2024-10-14 10:29:00
34109b7f-f712-4050-9273-1b3d81717233,45,517,20240926,1822.72,4,2024-09-26 15:13:00
a1645d7d-f1f1-4cea-ad7d-f42711739fc6,47,698,20241121,124.35,5,2024-11-21 01:49:00
2cacd1b4-5cb6-4362-95d0-7f310f3aff9e,31,403,20240911,882.87,17,2024-09-11 22:01:00
1caaba5e-d688-4567-af25-a2b15cd5386d,33,514,20240914,1552.46,36,2024-09-14 10:49:00
9ce89a40-34cf-4181-99cf-2ce6aa5f7e55,33,717,20240914,599.88,31,2024-09-14 00:46:00
3867d1d9-8dc4-42bc-946b-f9fbc4705159,21,353,20241029,1399.68,46,2024-10-29 18:02:00
e5177a92-e4ee-495c-b4d1-a15d6cafeded,1,627,20241108,1989.9,6,2024-11-08 08:17:00
1dbfae7a-dff9-4b22-b21e-d729e1b0e9a2,8,879,20241009,1669.54,41,2024-10-09 15:31:00
5cc7bfe7-f9c8-48bd-ae0a-32748b95cd31,41,25,20240912,1570.6,27,2024-09-12 17:51:00
34ac8834-673b-493b-acfb-74a54942c2ae,48,984,20240911,539.34,21,2024-09-11 12:18:00
b1a69d10-797e-46a9-84fe-6a243904cc77,34,402,20240925,1426.71,9,2024-09-25 19:56:00
75ad1d5b-ea1c-43bf-8aef-2812aae83cf1,18,552,20241125,934.5,13,2024-11-25 18:51:00
1c8bf85b-3cd8-4e64-9699-06ef4b07ce99,24,589,20240929,1989.61,1,2024-09-29 01:05:00
48794bba-45a3-4a8f-89c9-7fe9f31d3a8a,22,808,20240816,72.05,11,2024-08-16 09:37:00
07ffec77-eb90-4be1-b7bb-76d791ae1f31,37,890,20240822,1486.73,4,2024-08-22 08:38:00
98834bf2-69e5-4386-8fb2-81dc3dd48207,18,561,20241016,708.24,35,2024-10-16 09:49:00
cf8034ea-4470-4d1c-8263-227b81439901,33,741,20240922,605.09,3,2024-09-22 06:48:00
5915c76f-afcf-4eea-bc12-7927a8e5e58e,37,730,20241012,531.42,31,2024-10-12 00:22:00
81864ce5-9d7a-4a33-827d-2a007aabd11a,14,320,20241117,391.23,46,2024-11-17 00:02:00
79b55b13-2f6e-4e14-b190-6201682ea5a5,29,31,20240814,628.07,21,2024-08-14 09:10:00
45284212-3c40-4fa2-9b61-c06a171cc320,46,825,20240626,1330.51,19,2024-06-26 09:42:00
2344f327-107c-42e3-89e7-20cf7d5682a6,16,736,20241015,742.15,48,2024-10-15 17:11:00
084057fa-1343-4e03-b639-cecab1819970,32,919,20240813,1425.42,3,2024-08-13 13:27:00
3a84ddde-c414-4535-a1c9-b082d9e115d5,40,137,20240726,1069.16,1,2024-07-26 09:40:00
52dc2943-a917-4e87-879f-a980f61cfe4a,2,917,20241003,1397.37,23,2024-10-03 12:25:00
db283b48-6b14-4b74-bdd8-45e2d17b32fc,33,117,20240804,128.52,9,2024-08-04 19:00:00
14cb3b15-70a0-4142-99f8-4819cb958431,46,406,20241101,981.66,17,2024-11-01 17:01:00
a52b805b-98ff-4594-ac5c-e0a46114342b,44,234,20241126,287.55,20,2024-11-26 07:09:00
9060aaf2-3634-432b-b9f5-1d9cdfb683ad,26,573,20240718,773.8,45,2024-07-18 08:06:00
a68fa993-4608-482f-a70e-99b45e2b15a9,15,96,20240617,405.05,28,2024-06-17 08:42:00
7e5a3ee3-02bb-4498-9030-eda727a13dbf,48,815,20240621,1729.42,20,2024-06-21 07:25:00
8bc398cf-32a9-44fd-965f-216cbacc5623,32,543,20241112,1598.39,32,2024-11-12 07:13:00
6b2000de-0b61-4824-a199-3b7a31e766a2,29,114,20240802,546.66,48,2024-08-02 06:04:00
1591ebac-edf9-4112-ab0e-c6a2ae0aeca0,28,909,20240918,1717.75,12,2024-09-18 02:05:00
da81fefe-8425-47c0-8717-d116afe41823,20,286,20240827,1854.53,26,2024-08-27 10:19:00
71501bfb-a329-4f78-8be2-4efe265fd14a,35,236,20240903,1951.76,39,2024-09-03 03:24:00
04ae1d92-c0c8-4aef-b908-be6b72057a00,15,685,20240829,608.29,27,2024-08-29 04:06:00
58aaeb66-f368-46d9-bdf4-06b5d865b9a9,4,412,20241124,1979.64,15,2024-11-24 13:42:00
fd789b72-e961-4cde-b5d8-80416ff58093,12,472,20241118,364.89,14,2024-11-18 23:20:00
318757b3-418d-4cb3-8e76-1f2a5e5aeb25,2,218,20240610,1701.15,47,2024-06-10 09:04:00
f4aaf6ed-3463-4d73-aaba-bb7acff9e7bc,40,140,20241012,1587.71,26,2024-10-12 19:08:00
14f43531-855f-498f-928c-6bd734fe6e9b,49,166,20240727,1793.87,46,2024-07-27 20:56:00
689e219d-2213-47bf-8562-285763e69d44,38,821,20241116,847.78,27,2024-11-16 22:46:00
9d88b096-ca9c-4d39-83b0-b93478c37434,12,147,20240608,1827.25,44,2024-06-08 08:26:00
c2b87199-d345-4b25-9313-ff803fab2217,23,280,20240701,1966.49,16,2024-07-01 01:24:00
ac35da8d-7d91-4e02-8ec0-7a0455aef06a,15,398,20241025,39671.78,48,2024-10-25 17:33:00
ebc6283c-6cd7-422e-a4ff-17adf2d5ebd0,26,705,20240922,1508.13,9,2024-09-22 05:09:00
c2fcf82d-f798-4353-a6b3-7cdf652be1c8,33,281,20240711,487.26,45,2024-07-11 01:26:00
f23bf286-1fb2-4882-990d-50d7396f4523,2,465,20241111,239.93,41,2024-11-11 05:07:00
a5aec26f-8631-4b1c-b86a-c8e1fe5e5413,50,117,20241029,1317.92,1,2024-10-29 09:31:00
7a72b15c-df20-4086-95b7-8f457f7feab8,29,114,20240624,490.47,5,2024-06-24 22:37:00
f09a75a0-0866-420f-9aa1-fbb592b8f9e3,25,742,20240802,1639.03,10,2024-08-02 13:29:00
263f1b3b-9d65-4a0f-a1f3-bd453c632921,8,804,20240916,1772.76,2,2024-09-16 17:09:00
8f106e92-5bab-4e10-8513-28598f17f45b,11,333,20240612,1776.63,8,2024-06-12 05:12:00
94ea2b0c-f5bf-4605-b998-0bf5b5cc9744,47,277,20240704,1361.41,12,2024-07-04 16:05:00
3e9aee56-8e6d-461b-b1b2-ec0b107861ed,25,149,20240628,64.56,14,2024-06-28 08:57:00
8810ffa5-9d85-417c-b9df-431eba6d4747,1,872,20240621,1398.95,49,2024-06-21 01:45:00
ea7ffb0d-f50d-4606-889b-97d3adb45906,38,229,20241121,1799.82,25,2024-11-21 05:12:00
4ffef77c-f87b-4479-b576-899464f70cf7,32,340,20241108,115.3,13,2024-11-08 05:00:00
244d3193-4bc7-4677-a69a-ac8dc870b556,10,942,20240802,1346.48,14,2024-08-02 21:38:00
b4022e0b-d0ba-40f7-a96b-5542818753d4,22,435,20241016,1954.85,5,2024-10-16 09:49:00
c043c5e0-9929-4efa-a2a9-7896b82e164a,44,973,20241027,1570.97,40,2024-10-27 11:23:00
6d584e42-58c7-4241-833a-cecfc99f40eb,38,197,20240712,1969.71,13,2024-07-12 06:48:00
a0d71810-af8e-4762-ae3c-9d29fcfabc28,2,413,20240710,57.19,24,2024-07-10 08:18:00
45981ca0-48f0-4e53-85b0-1c3404271451,6,807,20240722,439.25,47,2024-07-22 03:49:00
082283ee-4a95-4f70-8e65-ccf0809c5fbb,40,32,20240902,478.75,46,2024-09-02 13:51:00
07193c23-1ff5-4729-b374-9bb1201c51ea,44,981,20241101,1222.41,38,2024-11-01 23:45:00
99a47381-2dea-4564-8592-d9c6ee1d21b2,41,492,20241119,1231.64,26,2024-11-19 03:48:00
f48d1bf9-7380-4d59-8e89-30a25e6dee44,49,464,20240609,1765.25,7,2024-06-09 03:03:00
a7cf81df-53ef-466d-8d17-2eeb959c92f4,41,209,20241023,522.68,39,2024-10-23 14:53:00
c40d8b85-7d56-4f0f-b95c-c964866ccf8c,19,915,20240612,1979.61,28,2024-06-12 13:00:00
8748fe49-ae2d-4654-a8eb-9b2b4e35a402,37,683,20240708,1747.8,29,2024-07-08 06:02:00
ae7d5783-e620-4610-940b-62b767f2c832,16,360,20241007,421.62,23,2024-10-07 01:57:00
23e54cd6-79dd-442f-9069-3de54aa4ea49,33,354,20240917,419.55,48,2024-09-17 18:16:00
718465ab-52e5-4438-bb59-dbf4a1166dda,43,414,20240602,962.52,10,2024-06-02 05:32:00
6c5abfc0-aab3-4800-89d3-49448f766725,33,638,20241116,1151.87,16,2024-11-16 00:04:00
07f9d69b-652a-4699-bd92-948799f8b2ad,45,294,20241020,475.02,23,2024-10-20 17:51:00
8f5cefc2-d08d-486c-850e-2c7ce0273215,17,489,20240615,825.13,32,2024-06-15 12:13:00
a04843e6-73d1-4d8a-bef7-0d66929c250a,11,361,20240701,770.86,29,2024-07-01 02:20:00
00d17c2c-241d-4cff-89bf-c6c672794d29,46,819,20241022,1733.11,49,2024-10-22 17:05:00
c444598c-6051-41c3-a6de-c0617247a0cb,34,428,20240630,680.69,12,2024-06-30 01:47:00
ab1e5da9-eaff-45fd-8567-26312f828bdf,14,923,20241119,331.8,25,2024-11-19 17:13:00
c18a2882-8bff-4183-821e-14a3e1ce3d45,11,313,20240805,610.65,38,2024-08-05 09:52:00
d9243a39-348b-4563-b5fd-e78059a49b42,13,253,20240622,1163.67,7,2024-06-22 20:44:00
9a363315-be8f-4b9f-b4ca-7f779b8c29f2,27,133,20240604,255.5,43,2024-06-04 19:57:00
8fd39306-5ffd-40bc-93e5-7a91d71e2caf,48,18,20240714,288.98,43,2024-07-14 04:22:00
31ea2ae9-47b8-499a-bba2-d9c7b2d6ea76,46,777,20241122,1141.89,24,2024-11-22 09:50:00
a1a14002-a2ca-4ad3-ad87-d3353abf5d18,1,318,20240822,971.27,41,2024-08-22 08:59:00
6421bf41-3959-4000-a03e-5696b95fe822,29,339,20241017,875.3,14,2024-10-17 09:41:00
af317359-e6d7-4752-81ca-2f567d97d9d7,11,613,20240728,708.83,46,2024-07-28 15:38:00
2818a3cc-b038-4713-8a85-fa8438af0d8a,9,213,20240627,92.78,43,2024-06-27 06:09:00
f948d14f-2293-44c8-83d0-9a074a6979de,41,269,20241114,1336.53,15,2024-11-14 05:06:00
f569ad63-f24b-43ef-9094-360debc0e58c,12,318,20241023,921.58,31,2024-10-23 11:07:00
6f506c8c-7332-4c6b-a4d8-3b3def5a1dce,42,382,20240704,1540.08,33,2024-07-04 20:05:00
e858fad6-3a1a-4ad5-8c66-c6d18be04100,18,512,20241022,471.4,42,2024-10-22 08:18:00
11a46baa-660c-4474-8ff3-48535f4381ff,10,642,20240830,234.24,19,2024-08-30 14:50:00
d9fcfb4e-bc0c-4565-b1c0-9fef2988a5c4,48,109,20240713,782.44,37,2024-07-13 05:56:00
e08151e7-5d31-4044-8ee1-6cd2ba082195,14,17,20240731,857.33,29,2024-07-31 08:34:00
64cc6f23-1f0a-4ed3-86de-9d15161547b0,39,499,20240622,1579.34,22,2024-06-22 01:02:00
025d1d8a-59a6-4cfb-bf33-a3f2506d2e48,35,881,20241118,1436.83,16,2024-11-18 14:18:00
04424c11-13ed-40d0-b7be-54f14081ea39,44,433,20240710,947.43,32,2024-07-10 04:10:00
a2cc57b5-1d9c-45b5-9e52-611bdd5f671e,46,140,20240905,719.51,44,2024-09-05 09:22:00
63bd1f55-2140-4924-9f0f-539643d63871,34,534,20241102,1810.08,20,2024-11-02 18:58:00
9f30f70f-0ef2-4fd4-863f-2a35e45b516b,14,453,20240925,83.21,26,2024-09-25 05:52:00
b1149c98-d5d1-48fb-94bd-4e408ceba08e,27,909,20241101,794.57,43,2024-11-01 14:29:00
760c4a40-a4f1-4d86-bbc5-8e5b0870d225,31,98,20241108,849.63,3,2024-11-08 01:50:00
05388838-2dca-4045-9e12-6fde44df8241,26,757,20240905,385.13,43,2024-09-05 10:50:00
c6fefc68-08e3-4f9c-8a9c-93112b5cf905,18,741,20241115,372.93,5,2024-11-15 09:26:00
048ca517-59ae-4fed-ac1d-06584b322ced,17,114,20240918,427.96,10,2024-09-18 09:39:00
fdaf4c68-795a-4e22-9baf-50f0adacc7ed,41,509,20240807,751.87,40,2024-08-07 02:11:00
cf080cdd-9211-4e94-9e30-57ac01e45dbe,10,183,20240828,1049.17,7,2024-08-28 06:39:00
dc947c30-45e1-4ac3-872b-1a785ac34a95,3,65,20241108,455.04,48,2024-11-08 14:30:00
370eb0df-381e-4876-9794-eb895a3943fc,23,782,20240909,1622.35,24,2024-09-09 16:01:00
ff5ef7c9-562b-42a3-b23e-fc02d10c6818,45,699,20240809,255.55,1,2024-08-09 02:47:00
dd6b8dec-1560-4d59-96cb-4620cce178b7,6,689,20240713,1923.79,39,2024-07-13 07:54:00
4658f4fb-ea0a-4567-9e2f-4bdd90baadda,33,369,20241111,896.53,35,2024-11-11 13:16:00
98238976-4944-45db-8aa6-c6771a1d4690,41,92,20241026,1016.08,1,2024-10-26 01:37:00
9cd3aeb9-ecde-42c1-be03-4f587b258483,40,118,20240626,402.97,19,2024-06-26 03:12:00
32feb2fc-3c44-44a5-990a-7deb8bc87d54,11,116,20240926,1108.04,10,2024-09-26 09:04:00
8c07c46e-963a-4479-bc8e-1b2cb0e144cd,48,281,20241009,642.28,38,2024-10-09 03:12:00
b40c6837-3f04-4263-80df-9d4bfd377c82,40,369,20240810,1047.08,14,2024-08-10 17:36:00
50e18e36-e7d5-43d3-9409-94d826b791dc,15,419,20240710,1255.0,36,2024-07-10 17:50:00
c6f3866d-0b8e-4999-8ed6-8b8dd22057b8,12,796,20241028,535.63,4,2024-10-28 10:47:00
6fa5f9c7-2e6a-4ac0-ab61-0c9812fd804e,28,748,20240907,1536.12,34,2024-09-07 06:28:00
e1c42e33-a973-4b10-afa3-aeadd626f362,26,20,20240807,1615.58,43,2024-08-07 07:46:00
45b67702-be3e-42cc-91f8-ab8c93abc19c,15,656,20240601,1769.16,34,2024-06-01 20:52:00
8fca1d0d-7d5c-4715-b0a9-d34f2d63a0c6,5,835,20240912,1930.18,47,2024-09-12 21:26:00
0de17762-c781-4c1b-8931-c7866a1b6590,33,748,20241125,1609.97,41,2024-11-25 01:32:00
cb3d1639-afc7-4938-9991-1233e406bb0e,7,464,20241101,255.47,43,2024-11-01 01:18:00
382018a4-0cb3-4379-b75a-40d1d80142f7,30,905,20240902,840.25,23,2024-09-02 21:44:00
e99eb8aa-75ca-4057-a96f-1990fd1141a9,33,776,20240712,1195.74,42,2024-07-12 03:47:00
8ceca7de-9101-4efd-97aa-781642632ba0,24,786,20241113,1619.36,29,2024-11-13 09:09:00
1a11b000-9693-4003-9dc9-a67acca22023,8,291,20240616,1358.08,45,2024-06-16 15:06:00
8a276fe8-0e7a-445e-8b78-6d9e6eebdaad,25,9,20240912,1622.12,5,2024-09-12 10:22:00
7d8691a6-884d-4049-b7f8-903989f963b3,44,406,20241108,545.8,33,2024-11-08 21:29:00
8d28008d-2870-4686-a660-1822c92a6d6e,40,269,20240602,1285.35,20,2024-06-02 15:42:00
fb8af8df-1bb1-49ad-9924-78a17686e265,12,58,20240811,912.25,4,2024-08-11 22:01:00
a7a2668f-c5d1-4241-9751-d7e7089b1fef,20,439,20240826,1891.54,49,2024-08-26 03:53:00
5da3bdb5-bec1-4ea6-8c8e-a6abe7bfd43a,45,517,20240730,857.04,46,2024-07-30 03:54:00
6ec779b3-1cad-4813-b21e-f6c9487941ad,29,526,20240617,340.87,42,2024-06-17 09:18:00
d27ed0b2-ccc0-4411-aa6c-e05ffad46a90,7,606,20240704,540.27,37,2024-07-04 21:34:00
89005ea8-81ab-4c69-b39f-10ed7d6f534d,20,723,20240828,782.87,26,2024-08-28 03:42:00
5bcc82da-a1c0-4759-abea-b462c1479eb0,26,282,20241110,1671.55,17,2024-11-10 21:01:00
9f0cbccd-5a3a-421c-a2ae-3307fc4edcd7,37,919,20240704,215.77,17,2024-07-04 20:15:00
66395605-7e60-4545-a6ec-bfea88d9d444,15,297,20240610,1169.74,33,2024-06-10 21:53:00
bdaa7576-9a8a-442f-aa45-6626120fc93b,47,709,20241126,1121.41,50,2024-11-26 00:35:00
a55cf5ce-a864-4b9a-9387-598d7d50b6e3,19,583,20240827,890.15,49,2024-08-27 18:13:00
8227750a-83ce-4df5-b63f-3f72ff1a0325,1,537,20241123,1160.37,10,2024-11-23 18:06:00
e14f0d14-44c9-4802-8579-558be1d8162c,18,836,20241004,1001.61,37,2024-10-04 14:30:00
8cafb951-38a7-4d47-9155-67b2934e9d89,44,212,20240711,1165.85,34,2024-07-11 10:55:00
596433a0-6fc5-4e19-9a4e-600177e5486e,24,832,20241102,967.17,14,2024-11-02 20:14:00
21873e56-1f2b-4efc-bc28-446bebfe95fc,14,84,20241026,380.84,19,2024-10-26 11:36:00
3e92dd07-6222-4443-9a81-04acc5727c15,20,867,20240917,53704.71,33,2024-09-17 08:37:00
38b27357-34ef-469f-988e-531f56a02a5c,26,795,20240822,1985.06,40,2024-08-22 06:31:00
2dac0f8d-a301-4d7c-8650-05da9d8cb03b,27,314,20241107,1431.99,38,2024-11-07 21:19:00
c4c78960-9fc8-4684-9615-f55fd711aa7a,42,156,20240921,1378.69,35,2024-09-21 23:12:00
0edafcea-88ce-4ef6-a75e-f18d1468d361,2,141,20241020,912.47,1,2024-10-20 17:48:00
09d7f62c-08ef-4604-b26e-9141ad06af46,44,469,20241109,248.29,24,2024-11-09 23:06:00
7ed27002-6cb8-42c3-9e5f-55da6880a877,28,772,20240911,1195.05,21,2024-09-11 21:44:00
a9be0e77-801c-4e5d-a38d-e1cc61cf4819,46,360,20241011,555.48,39,2024-10-11 04:16:00
e62ca8ac-2b23-4c95-900b-f4bb0d605b1f,28,760,20240907,1123.43,40,2024-09-07 21:22:00
25c9feae-ff27-4fcf-8640-f7e426e92359,40,217,20241008,1635.65,17,2024-10-08 14:09:00
8418f6fb-97f2-4af6-a952-76882e66bd21,35,601,20240806,129.07,30,2024-08-06 21:53:00
d5fd565a-54fc-4968-8958-4352037a9be3,40,371,20240709,745.07,43,2024-07-09 05:01:00
17d3231c-3781-4fc3-b5df-7568f657e58b,22,130,20241014,897.47,1,2024-10-14 01:13:00
dc8c6e95-e6de-4c05-9e4f-e46305ca2626,45,618,20240801,255.68,42,2024-08-01 10:45:00
20561f69-0019-4f82-8953-fc2b17cdfaba,14,663,20240711,145.99,32,2024-07-11 12:39:00
235b451e-ff18-48de-a44d-775f3f02f334,32,758,20240921,1492.86,38,2024-09-21 19:33:00
6e32b160-019b-4e2e-b652-4406cbc3db1f,16,49,20240610,1702.42,18,2024-06-10 11:32:00
a785dd96-eb1d-45f9-872a-3f94bd3f8264,45,136,20240917,664.45,38,2024-09-17 02:01:00
bea97c7c-6810-4206-b4e2-2a140a56a43f,43,513,20240813,1825.47,46,2024-08-13 01:16:00
753d7b7b-a72e-4d3e-b0bf-1ea4a1a6ffdc,33,585,20240611,593.84,47,2024-06-11 09:42:00
554c1cbc-f0fc-440f-b30b-ea7ebc410547,43,807,20240803,1288.88,19,2024-08-03 16:33:00
b7edc912-ccf9-4cb6-bc4d-8462ad92aae1,37,856,20240709,332.81,19,2024-07-09 14:48:00
bf3a365c-4402-4716-8c65-a9e016ec3cd3,11,634,20240619,109.25,38,2024-06-19 18:47:00
32d5b960-0b4b-48f9-962e-496a3c0b5666,39,719,20241117,1734.53,4,2024-11-17 21:32:00
abf12116-7367-48e0-962c-38b96f2d541b,36,742,20240630,490.17,4,2024-06-30 19:41:00
58a652f2-c44d-42c7-ad68-1bfdf6fffb0e,38,394,20240906,201.92,30,2024-09-06 10:51:00
49835616-019f-44d1-a945-a24d34fdfcf9,46,566,20240912,809.62,49,2024-09-12 17:14:00
2f0c005c-99ee-40c6-89f6-110b9eeb689b,39,677,20240905,1525.72,36,2024-09-05 17:54:00
9d95351e-fb24-4ab8-b0dc-74fe6e21af92,38,227,20240916,1444.94,38,2024-09-16 06:38:00
ffdf6bd9-c441-41ec-8183-8ebf4f6e2ab8,30,819,20240813,1770.12,9,2024-08-13 10:26:00
50b999f7-42c0-4613-ac02-52d3d2c68a7b,5,315,20241113,1460.96,50,2024-11-13 09:21:00
c923ffa5-dd76-4eaf-81dc-9a32f378765a,14,177,20241001,120.18,4,2024-10-01 19:09:00
34d0489d-40f8-45a6-8b91-87efae4c9545,5,24,20240711,1234.15,32,2024-07-11 08:42:00
863ba6b2-aa9d-44ad-9f68-c5efdef5fbec,43,46,20241110,1956.63,30,2024-11-10 18:08:00
9c189488-8713-491f-ba6a-29fec2c57fab,50,810,20240602,1508.25,18,2024-06-02 04:42:00
eaf43d4b-9297-4b08-8584-fbceaaa76fcd,23,374,20241010,858.78,29,2024-10-10 02:53:00
dd67124a-e7c4-4679-9ffe-8640e3a6a6a0,45,525,20241102,1220.48,11,2024-11-02 10:04:00
7d61b693-3633-4aec-a446-f50d3fd9f910,37,833,20240918,1935.72,48,2024-09-18 03:06:00
7052ef36-2fec-472f-9be0-df82009fd2f8,32,660,20241124,906.96,28,2024-11-24 19:41:00
a791bdde-f025-4ec6-97d3-d351ee23dfeb,40,551,20240812,1211.29,5,2024-08-12 16:03:00
40b3e4ca-a94a-45d9-9234-3a86fcce51ee,35,141,20241001,1227.56,23,2024-10-01 22:46:00
418b9886-a87b-4686-b28e-fead310e5ccf,5,443,20241124,1942.92,49,2024-11-24 10:14:00
ca46873b-99d9-47db-98b4-c65ff966f7ad,35,414,20240715,1821.0,30,2024-07-15 08:00:00
ba5401ff-9c38-49ab-9c06-487c02ab67a3,48,726,20240716,1969.9,27,2024-07-16 08:36:00
e01058b3-cd37-46af-bdce-1112749c214b,38,732,20240926,363.09,9,2024-09-26 23:55:00
39a6e7fd-fd38-46e9-9ac3-f8051d4034a1,2,846,20240819,1806.61,18,2024-08-19 17:23:00
11a2768c-799f-44af-8531-8353f19319fb,21,198,20241016,1202.76,27,2024-10-16 07:44:00
e489cb93-8597-4a6a-b06f-f5bdc500db2b,3,599,20240916,1520.88,44,2024-09-16 01:07:00
c31ca9b6-a714-433e-8557-602bd991b2c6,26,493,20240710,854.08,11,2024-07-10 10:01:00
a10fbd69-5b9d-49ff-a444-446bb09f40d3,24,510,20241111,1683.16,41,2024-11-11 22:57:00
67062ef3-2211-4472-b6f7-2e4d93d6f49a,39,487,20241119,1545.64,7,2024-11-19 12:47:00
2f4b6634-43bc-4d43-879e-f5eca5e81731,30,306,20240930,1404.2,33,2024-09-30 04:23:00
6b66b52b-8854-4c26-bc0a-888ea59dcd3a,35,668,20240903,1634.17,12,2024-09-03 04:07:00
88314b63-5fdc-45c6-a4a4-157b36e2dc47,19,128,20241022,778.88,39,2024-10-22 18:21:00
ee048252-8104-4f7f-a301-22357402a97d,30,194,20240813,696.67,48,2024-08-13 15:10:00
8e25301d-7fdc-4958-9dfb-b59942a2e128,17,626,20241103,51.77,19,2024-11-03 05:00:00
4b75c88a-2e1f-4004-af6d-a827d8c7e613,36,910,20241029,234.45,9,2024-10-29 03:49:00
271e473b-c782-4fc5-a479-a7d35c677417,26,6,20241019,1434.94,25,2024-10-19 10:27:00
7eff1768-cd3d-4a4c-be02-a5bf86cd4ef3,46,837,20240625,1127.27,38,2024-06-25 05:35:00
826ffe52-536d-4ce4-986a-e061d91f79f8,15,412,20240809,1486.47,8,2024-08-09 23:32:00
2d2219e0-cd80-4b03-a11d-ca9bc2e1efdf,33,482,20241024,78.46,44,2024-10-24 16:15:00
56dee587-34e2-4075-b24f-4814e7539466,37,983,20240908,1659.37,34,2024-09-08 22:25:00
5109e52a-f7db-4e53-941e-e1d20686845f,6,267,20240802,1597.36,41,2024-08-02 06:44:00
1ba837d0-ab85-402b-8915-ee881938276d,21,172,20240622,757.97,3,2024-06-22 16:09:00
3e6fcee2-a40f-412b-843a-1b3fa791d428,17,235,20240818,1335.95,44,2024-08-18 18:25:00
e09a5b02-cffa-4e18-a4b7-00c2556fa3de,31,43,20240730,1404.35,16,2024-07-30 19:43:00
e1bba028-4b3f-40ae-8336-14539c140dca,16,924,20240803,1573.02,42,2024-08-03 11:06:00
e41ddb8f-7bfe-45e6-9cd4-35f8a218b9a1,13,671,20240815,924.97,33,2024-08-15 10:17:00
ca59e4dd-d1a3-4e4b-997f-d4586f3aa41a,41,617,20240629,551.17,46,2024-06-29 05:32:00
c510178f-90e3-40bc-b86c-1faa87fe0909,9,659,20241021,323.19,9,2024-10-21 09:51:00
835dd33a-0e50-4511-98d1-f76a12befa89,38,945,20241005,413.39,19,2024-10-05 14:49:00
d8c1a813-87b7-4438-9b15-59203bba6a9d,41,673,20241107,623.9,34,2024-11-07 06:54:00
4b9708e0-6ca1-40af-9f34-d34e1fbf7580,40,716,20240716,403.41,33,2024-07-16 20:30:00
01574b7d-dd3a-44ad-a679-8a1bd94c02fb,13,535,20240707,353.96,8,2024-07-07 08:33:00
7e479e6f-0ef0-465b-818e-46c08772468f,37,312,20241120,1281.66,23,2024-11-20 14:34:00
12c386a7-9864-4dbc-95af-8c5cacc19734,48,468,20240722,1189.19,45,2024-07-22 11:21:00
5290c126-31c9-4218-938c-975b360a6c36,27,979,20240611,200.81,16,2024-06-11 06:25:00
3d5fe7b3-108e-4bb9-a89a-0fe8bea22988,44,1000,20241026,1170.92,26,2024-10-26 18:33:00
8fe1334c-06a5-4a03-93b2-db5828c1c228,31,149,20240625,827.4,12,2024-06-25 03:33:00
ca6f42a0-5b64-4068-9434-19be2dd23b62,27,66,20241118,481.29,44,2024-11-18 03:58:00
e4cfd0fa-4cbe-43a0-9531-529b07ad06c3,20,730,20240707,1979.69,11,2024-07-07 00:43:00
d28364a1-c58a-483d-87a2-5b261759f1be,3,802,20241013,820.95,2,2024-10-13 09:59:00
d86cd102-6588-42e5-b8f1-bb3da23f7425,3,329,20241022,339.92,26,2024-10-22 21:48:00
575eb18d-f260-4e9b-8d8a-a135c2bd5835,21,251,20240914,1169.25,17,2024-09-14 20:59:00
1e8784b5-bc89-4eb8-a750-81c41d6c301a,44,512,20240908,1758.32,13,2024-09-08 00:25:00
ec6b616e-ab7d-4357-b54d-846fd0bd5b38,24,815,20240829,1546.64,25,2024-08-29 20:59:00
4522efa7-9ac4-449f-bf95-58020137e4ff,35,589,20240820,1719.34,27,2024-08-20 16:14:00
d67bb8c1-a9bb-490e-85a0-78d59322c7e9,26,412,20240808,814.34,9,2024-08-08 23:47:00
d8781f39-3033-4567-a44b-685ab95600f4,21,28,20240805,944.18,37,2024-08-05 15:37:00
90f7838e-72c6-42f4-9f6c-287394290246,50,517,20240612,443.57,50,2024-06-12 03:10:00
ce319396-f8c3-4bae-bf71-e603da8e281b,3,745,20240806,830.65,4,2024-08-06 07:51:00
8782b54d-ed20-41ca-9706-33b314cc4dca,36,438,20240626,1654.77,9,2024-06-26 16:09:00
e007b3cd-12cd-4d12-bb8b-1206af6400f0,30,301,20240802,1731.9,20,2024-08-02 05:02:00
84a096b9-ef37-4170-8608-02845432e57f,25,551,20240801,982.05,28,2024-08-01 12:38:00
9329ec22-998f-410c-b0e4-a96780a39265,10,240,20240629,753.21,23,2024-06-29 13:34:00
eea11257-fcbe-49c8-897e-5e6752c13170,28,639,20240629,1218.24,43,2024-06-29 04:28:00
cc96081b-7773-4262-95db-a4283a29a4db,35,735,20241118,63.52,12,2024-11-18 06:47:00
107494ab-7b94-492e-91db-74e70aefbc9b,33,259,20240807,68188.38,10,2024-08-07 08:10:00
148661cc-2fd8-4943-be2c-f8f16f7135bc,37,67,20241116,1492.33,24,2024-11-16 11:21:00
63e2fffa-42ce-4e25-a63a-9e544c795ce5,21,666,20241123,372.23,24,2024-11-23 11:46:00
3192bf96-bf21-4e52-92ca-3d267aeb370e,49,875,20241109,1934.27,37,2024-11-09 00:41:00
ec020037-8e77-45f6-a720-0e70dc069d10,19,131,20240605,1578.31,33,2024-06-05 16:06:00
ed5f941b-d887-4f03-8702-e6abcdc8148c,42,205,20240613,125.53,35,2024-06-13 22:53:00
379561b5-aed5-46c8-8eb0-db1bc3ff3b1f,3,709,20240726,1070.39,39,2024-07-26 22:37:00
b4d53f51-f306-41ed-991a-42f7b5f5182f,13,358,20241012,228.35,9,2024-10-12 18:36:00
c12afb58-a1d1-4941-b768-81d8d26c2868,14,546,20240625,1175.28,19,2024-06-25 06:57:00
a20178fa-7261-4478-a1ee-fcd77522481c,42,195,20240907,477.04,49,2024-09-07 01:03:00
7160d422-37f1-41bd-ae19-fdb13e88f81e,28,911,20240923,1401.65,48,2024-09-23 12:33:00
3e138f24-0c28-4b68-9dd5-ba21f4ace92e,1,34,20240727,614.25,1,2024-07-27 22:59:00
14006ee2-5914-4364-b8dd-9ef1de6c16c1,40,634,20240912,634.82,44,2024-09-12 03:38:00
caddceed-0dfc-4805-bf9d-25f0ca43dd78,24,636,20240728,740.55,3,2024-07-28 21:56:00
1058e293-09ed-4004-9da7-a3f9e6a2134a,50,992,20241028,1795.23,43,2024-10-28 17:34:00
2299ec6d-cc12-42f3-aab5-bfa97c6317ed,14,204,20240814,1710.3,41,2024-08-14 21:40:00
f53160d9-c3f0-4f61-ac1a-0f5ceeddf805,4,555,20240730,1235.77,33,2024-07-30 05:09:00
5b6b635c-3fc5-405b-8d22-6054a98fe55a,39,262,20240826,809.71,12,2024-08-26 04:19:00
cc435fb1-eb1a-4729-9a7a-09a89fd1aa05,2,856,20241121,726.18,22,2024-11-21 01:17:00
a5dd0325-ae01-448b-a837-2dfab1220e95,47,53,20240626,1974.02,17,2024-06-26 13:25:00
7b5b06e6-360b-442f-adfb-98d0d43287a8,6,729,20241027,803.04,18,2024-10-27 08:08:00
98b974d9-cf14-4c17-a5c2-56a158e50e7c,50,576,20240902,1797.24,5,2024-09-02 09:08:00
d39ee764-74ea-43fd-89da-0c3f3307e0c0,35,47,20240606,887.42,1,2024-06-06 01:02:00
d3304301-a390-497f-b726-c48e0fc08ced,31,749,20240613,1104.72,15,2024-06-13 01:51:00
6b113a24-265d-477d-a9c8-22c5a080d88b,14,753,20240627,1926.9,46,2024-06-27 19:43:00
df7fa749-e773-4f9e-a9ab-6f85082a4972,48,663,20240807,440.04,49,2024-08-07 14:50:00
4b9b8f9e-bf6a-4255-ac82-0e77a8309727,30,357,20240818,583.71,50,2024-08-18 12:23:00
bb9639e9-30e3-48ca-b22b-722c922857de,10,861,20241010,1970.71,16,2024-10-10 08:57:00
0000a3f3-b68f-43a6-b27e-03d13fdd447e,44,436,20241002,325.66,10,2024-10-02 00:30:00
a652a130-fa7f-4ae1-8699-b776124e8bee,43,380,20241011,991.94,24,2024-10-11 18:40:00
10e2e620-2cd9-4f15-b2a2-3c58292afc02,17,700,20240924,1932.67,41,2024-09-24 12:49:00
e993a28f-81de-4f79-a955-d452232039cb,20,436,20241008,789.43,15,2024-10-08 07:29:00
5f93c58b-0e5c-426a-ba91-25e56b10acd0,31,857,20240904,1903.61,11,2024-09-04 20:04:00
a362201a-e66d-4c3a-8520-78a68dc0dc95,44,97,20240905,1646.11,46,2024-09-05 23:07:00
eeb1f859-a9a8-4999-ac5c-f36de92a28f0,34,244,20240923,1166.62,43,2024-09-23 20:02:00
c00576f4-e3f3-463b-9c78-006e96763ff0,32,575,20240906,716.13,48,2024-09-06 23:34:00
ed7a0c26-08a6-4775-94e6-b3ca387ccd21,22,788,20240926,1302.79,43,2024-09-26 20:55:00
abaf3dc0-60eb-453b-8749-cf88675af7ef,17,446,20240811,1022.75,36,2024-08-11 22:29:00
1a54596d-97b5-40d7-9d2c-fd113aba972f,7,872,20241101,1293.14,34,2024-11-01 18:40:00
78d5d524-f9f2-4233-b9f8-3e290d5b077c,26,142,20240717,843.47,47,2024-07-17 07:49:00
7f4de7a2-d7f4-47d3-b347-a013e318e15d,17,147,20240923,1172.44,3,2024-09-23 08:10:00
991b49b3-6551-4814-badc-0db04aac34be,26,410,20240707,846.04,17,2024-07-07 02:28:00
3bb8d8ac-7811-4d3e-b833-54049fa9da00,37,649,20240624,495.09,31,2024-06-24 22:00:00
7da37695-eadb-4615-a9db-a076bfdf2778,46,813,20240704,1680.54,44,2024-07-04 10:57:00
6eb92c14-20a6-4831-b95f-6531e2fde299,4,333,20240820,1026.01,16,2024-08-20 01:32:00
c6d1c500-1dc8-4459-a9c6-de52a28c7b14,13,386,20240718,1841.98,41,2024-07-18 23:39:00
3a2c139e-761c-4035-9bfa-57b894d68ea3,47,735,20241108,325.01,19,2024-11-08 20:35:00
f22d20f8-4f4f-48aa-a789-1ce43b6fb567,16,735,20240615,1664.98,44,2024-06-15 12:58:00
d52d164f-e085-46f6-bd64-e35d04f07435,18,946,20241008,1194.54,5,2024-10-08 20:08:00
3ed24714-d521-4a70-a857-4b83fec73e2f,10,535,20240714,1929.45,4,2024-07-14 02:41:00
61a80a11-5cd5-4403-b675-de0ae524c29c,9,863,20240626,91.48,19,2024-06-26 22:02:00
340f3ce3-a121-4c4b-a5c2-ef9f211656b3,44,858,20240719,501.59,1,2024-07-19 04:33:00
ceae7491-ccb8-4a57-94d3-f9b7bca52a71,30,776,20240920,1434.69,39,2024-09-20 08:45:00
decb824f-c03e-4b8d-a8f5-e541fdac04cd,43,983,20240805,1911.24,28,2024-08-05 02:14:00
d33828b1-39a6-4bed-b769-d0f39f257879,20,335,20240822,383.54,24,2024-08-22 14:36:00
2f83860b-5c3e-4a98-b8a2-e1914a0a63b7,16,235,20240924,1944.38,3,2024-09-24 15:36:00
429c884d-3f86-42e2-a853-08af81f5d235,25,856,20240728,1540.02,14,2024-07-28 20:20:00
42dbe6ef-10c1-4eb1-af4a-7eb8365205ca,48,454,20240606,370.04,38,2024-06-06 06:29:00
3a4b42da-dff3-4fec-b406-63684f942459,11,501,20240718,594.09,13,2024-07-18 09:31:00
eb6a5861-29c9-4f8c-88de-7549f267b85a,2,223,20240810,1691.89,14,2024-08-10 07:11:00
1bd6acba-42fa-4f93-b6fc-88f34cb9d88a,34,768,20241015,1427.4,21,2024-10-15 13:39:00
5a506a28-c8be-438d-acdd-1b96b088583a,35,475,20240930,754.19,37,2024-09-30 02:54:00
ba60ee5d-1c84-4dcf-93c6-568930291a9a,9,83,20240706,280.91,23,2024-07-06 23:23:00
6cb8ee52-3322-467e-a9a0-e9e64130e036,20,690,20240807,566.8,31,2024-08-07 19:36:00
39ddc8c0-4973-423a-92c6-091cf6dff533,18,641,20240819,1323.35,12,2024-08-19 19:21:00
aedb86a7-2820-4b29-a8da-148f3f4d6e87,21,292,20240726,684.9,8,2024-07-26 11:21:00
aca2bc57-6159-43db-9cd6-4db652c8f533,46,94,20240628,1038.58,25,2024-06-28 20:38:00
4d569f38-6b8b-49ef-9c80-00cee0e80348,2,4,20241024,1393.61,28,2024-10-24 18:48:00
fd2e6ef6-b18a-4bf6-b5d4-ca3922853d67,27,146,20240921,1191.61,17,2024-09-21 19:25:00
6d514a63-b4ed-43d3-afa2-c7c4e250c565,22,654,20241114,461.48,29,2024-11-14 22:08:00
cf2d1da4-9bfe-4958-9000-3fb7acc0287f,21,587,20241101,926.35,22,2024-11-01 02:19:00
dd35815d-471a-4b17-8000-eecd6e0a0703,16,649,20241127,855.84,9,2024-11-27 03:10:00
8fc7ed4a-36fc-4d1d-bbb0-1169cc8d3c6e,44,99,20240926,1712.91,11,2024-09-26 03:36:00
67a5d0ac-aa12-407f-9d24-ca6efda538c4,30,519,20240717,997.34,18,2024-07-17 02:00:00
6e2319ae-a028-4ce2-9dc6-0415bb46d0db,41,574,20240723,232.53,46,2024-07-23 07:50:00
8f8a42ae-a32d-487a-97d9-6a615105c8cf,47,387,20240707,177.77,38,2024-07-07 05:20:00
4a9930b2-3a4e-4e9f-9124-5bb8fc3c2bf1,25,726,20241008,602.93,29,2024-10-08 09:01:00
110e0cfc-ba16-4adf-8a07-31b9c7808aeb,4,580,20241007,1470.15,40,2024-10-07 13:09:00
a0ff2e41-bba7-4ef0-9e9e-2df622c003c3,13,222,20240729,738.85,20,2024-07-29 00:16:00
b4e0c70a-2b24-42bf-861d-7a8e3ca32761,21,295,20240611,1869.09,42,2024-06-11 16:22:00
36569860-f367-497f-92b8-e113a06181dd,50,820,20241018,527.47,50,2024-10-18 00:50:00
47ca1de1-6176-487f-b15a-012564f750f6,44,784,20240628,702.05,22,2024-06-28 04:31:00
f040e5af-8c32-48aa-826f-286a4c1b01b7,15,617,20240718,1044.6,4,2024-07-18 12:24:00
0228a2d5-1206-4af9-9afb-8c1f6c472698,23,640,20241105,1659.53,31,2024-11-05 18:24:00
1433f127-cf03-4e33-8811-fbc6fe69d017,4,899,20240609,1393.36,36,2024-06-09 09:55:00
8985aa3d-53cf-48dd-a1df-98be025950d4,36,313,20240725,583.54,32,2024-07-25 21:35:00
2b1e1f82-82ea-4680-8cf4-ed8f0700eb4a,25,48,20240829,1678.33,3,2024-08-29 13:51:00
d10223ee-5d28-485c-8129-198d29899569,7,386,20240628,1471.1,16,2024-06-28 14:54:00
45da5cd0-d4fa-46ce-bb77-1bd7d93767d7,24,514,20240809,176.23,36,2024-08-09 13:53:00
73a99c6b-879c-4df3-963b-1fac2d9799fa,21,127,20240618,228.38,8,2024-06-18 18:14:00
208fd86a-b205-420a-9212-43a85685b419,6,389,20240620,627.56,11,2024-06-20 17:38:00
dcecd1f9-f443-4ac0-9619-f5c5bbc0bd84,31,135,20241020,1565.43,21,2024-10-20 03:05:00
231ad440-aa43-483d-8e85-cb457bf619b0,37,450,20240718,97.74,5,2024-07-18 19:52:00
8c8aef35-bdde-4e92-a2dd-d54c1b09af6a,13,368,20240720,63.69,22,2024-07-20 14:23:00
9c0b628c-b5a0-4cf9-9ea4-cdad2f01e25f,9,200,20240707,705.13,14,2024-07-07 21:13:00
f3f8f467-230a-4a48-a399-12d99092a6f9,37,935,20241004,528.27,43,2024-10-04 11:31:00
e35ae7c0-f12e-450f-b0b8-b4be86d6555b,5,598,20240820,193.88,36,2024-08-20 00:11:00
8d76d737-1125-430d-a24c-41e662c3c68c,24,617,20240617,259.16,37,2024-06-17 08:17:00
49b27f77-256e-4b35-9cbd-d157663ec0b1,17,324,20240920,1547.09,42,2024-09-20 05:05:00
3cfbd0be-4de4-44f1-9561-3e38e6cda1a1,22,450,20241008,580.51,10,2024-10-08 04:13:00
d21fa354-8f4c-4f15-89ae-6bac9ea99c2c,22,333,20241017,1158.33,47,2024-10-17 12:52:00
e683558f-14e9-4798-8bb6-96b2ad340031,32,856,20240803,1386.17,21,2024-08-03 04:27:00
4a363261-0f61-4794-b7ab-ba355b2fc29e,35,89,20241013,835.98,19,2024-10-13 15:46:00
be65c5d2-0843-4d10-9653-56e3e88e1158,14,185,20240828,949.6,3,2024-08-28 02:41:00
38c98197-6a6a-41f0-9f00-b742bf46ef2f,14,323,20241004,1413.2,35,2024-10-04 18:19:00
42b30315-49f4-4b43-aa58-3397d0dc77bf,37,997,20241122,253.28,50,2024-11-22 19:27:00
fb1f2564-5520-43d8-b9ca-57da115cba4e,15,638,20241008,90.29,17,2024-10-08 00:13:00
2635e54c-97f3-4af0-a007-466f7cf61b4a,24,578,20240619,1663.39,49,2024-06-19 22:54:00
09ebcaab-49dc-4ef7-a863-794d3dfa9ce2,46,771,20240921,637.28,14,2024-09-21 00:23:00
eea035d6-0216-4e3c-91b8-72c96270d1e5,33,330,20241007,1991.92,37,2024-10-07 07:57:00
27587328-0989-4a3d-8574-12971d5644d7,18,732,20241115,1226.76,39,2024-11-15 12:16:00
2f7e9d4a-8b18-44c7-97dc-b621235603da,20,319,20240813,971.39,25,2024-08-13 15:24:00
f012f11a-981b-4a46-9cfa-4ee8675cbeb1,2,524,20240904,763.97,47,2024-09-04 14:36:00
04d64a51-de31-4042-bbd8-4f63818a4524,6,287,20240816,902.4,14,2024-08-16 04:08:00
2b7c5273-3b65-4c9d-bb53-90a489567618,31,498,20240727,1090.0,40,2024-07-27 09:25:00
776e732e-e607-4498-9d96-c5dae64f3930,32,163,20241030,216.69,30,2024-10-30 15:37:00
b0860359-b4d6-4f3a-803a-e82b434c3087,16,126,20240610,1851.22,47,2024-06-10 07:00:00
6ad3c3b4-9393-4cde-b3e2-42d471b52401,26,172,20240712,1574.93,44,2024-07-12 03:45:00
75587b44-fec0-4711-880e-964497db1738,19,5,20240814,1829.95,14,2024-08-14 20:02:00
b0f353a0-363c-4157-9ee9-854b9ba46266,33,315,20240629,875.65,25,2024-06-29 11:19:00
ef7efc10-5923-4fc8-8e28-b061ae2be95c,14,491,20240608,1327.07,14,2024-06-08 18:40:00
5ab3a616-3509-4367-bbc2-bcac01e935a9,37,857,20240815,87.48,28,2024-08-15 23:09:00
df2a2251-2d7a-4ea5-ac88-3e3a2923d677,44,266,20241023,909.04,50,2024-10-23 14:43:00
a0e239a0-6a33-49fe-85bf-f6674c028cec,17,817,20240806,1670.07,7,2024-08-06 13:09:00
1d1ace32-611a-4fce-8888-1cfe59d6c958,14,898,20240627,304.82,25,2024-06-27 23:32:00
4b634cf3-4ac6-40a9-a172-cc8a10516a89,14,157,20241127,1194.7,39,2024-11-27 07:02:00
9d4effac-e079-4cd6-956b-3cf97828aa40,43,829,20240903,1632.95,33,2024-09-03 17:11:00
098b4b5d-88a8-4edd-b7b8-65e3ed2e1b07,13,817,20240820,1108.08,29,2024-08-20 11:16:00
2a1b379f-7a6d-44c9-a486-3abaaeca97fe,14,922,20240621,202.8,1,2024-06-21 07:48:00
5cd057f0-68fe-4910-aea9-2a395e1275ca,37,709,20240826,999.22,23,2024-08-26 11:00:00
b60d0c8b-f453-492e-afac-876a7e1be130,2,886,20241123,1271.1,1,2024-11-23 23:09:00
1a3a5293-f1bf-4a82-9021-64725beeb4c4,27,367,20240914,1340.23,38,2024-09-14 20:18:00
61e50797-3e1d-41c3-b9bb-896a369c8aa5,29,233,20240728,1409.12,3,2024-07-28 15:59:00
95de7e70-fe2a-45a5-89f7-493c8407f8de,15,591,20240908,969.5,1,2024-09-08 17:44:00
d67bf62f-50cb-49d7-8e16-da8a02512976,13,4,20241013,119.5,16,2024-10-13 18:29:00
1b75e500-cd0c-41e0-b196-162db47de09e,30,258,20240921,63.52,25,2024-09-21 17:13:00
566a8b22-7115-42d3-97b2-9c1de0f88d1c,17,571,20240622,1559.08,15,2024-06-22 04:58:00
f20af39c-b708-453e-a945-9e989b8adfb8,5,179,20240925,1554.22,14,2024-09-25 09:15:00
a42bab76-87d8-4a29-8256-51fdb91a81f5,3,133,20240629,327.91,42,2024-06-29 18:26:00
d3e96293-b594-473e-b942-e437d4c0b463,32,465,20240926,1086.23,14,2024-09-26 00:29:00
ae781658-eece-4d66-9d91-6018fc7dedb6,23,405,20241013,1623.67,29,2024-10-13 22:17:00
f19967b4-2f91-4ff5-9f20-1bb6a198483a,7,451,20240921,1303.88,29,2024-09-21 21:21:00
ceae15b8-9550-4ef6-b65b-bc66f96c54a1,41,67,20240810,723.83,22,2024-08-10 14:20:00
3b888ef9-c24b-43f1-a6a7-f6231e8c5dc6,18,256,20240927,416.85,18,2024-09-27 09:13:00
b02abf36-bef2-4008-abe3-d99b8e032faa,37,315,20240911,884.16,3,2024-09-11 02:52:00
916e9598-9af2-414a-859d-a9bce76c864c,17,700,20241013,132.92,11,2024-10-13 01:59:00
43d58971-9fdd-43fb-9220-07d3d5dca67a,48,720,20240706,634.59,7,2024-07-06 23:49:00
e9f70194-72c7-4fee-8bd7-81bfd6557500,17,911,20240718,1496.89,36,2024-07-18 08:32:00
2e730d20-d57c-477b-9b27-d5891c675028,11,115,20241018,450.06,17,2024-10-18 10:42:00
5d632f40-fa3a-4ea9-9b42-600c755ccff4,23,176,20240618,1610.99,8,2024-06-18 08:45:00
9676f12d-36d6-4e2a-a95d-d6e587908c1c,11,20,20240905,142.69,40,2024-09-05 16:15:00
99ca464f-5d95-4e9f-b339-3261c62c29e9,29,229,20240917,766.03,19,2024-09-17 23:25:00
1ef4923b-4a58-4679-9a8c-e69a44b8210d,41,698,20240822,654.23,31,2024-08-22 05:06:00
bd162669-5041-4e50-90d7-8267392fd6bd,48,682,20240827,403.96,34,2024-08-27 10:42:00
53a0255d-0611-4035-8297-dcc40e8a3396,49,524,20240729,1760.84,48,2024-07-29 16:07:00
827737bf-2636-4349-9418-70ad96f75abe,11,476,20241012,1644.21,37,2024-10-12 15:08:00
46e35103-f409-49b4-a09a-6efd1c0b035f,28,385,20241104,1673.19,42,2024-11-04 08:05:00
c16937b5-f581-4cfb-9a63-15dc13f0871f,29,687,20241006,1472.88,33,2024-10-06 18:02:00
bf928af9-f601-419f-96aa-860c7df32fa0,23,800,20241120,927.57,18,2024-11-20 08:17:00
e9177f41-53e8-444d-82b2-3f15a79034ae,7,733,20240912,593.28,40,2024-09-12 04:56:00
0894ea62-3f69-4337-ba7d-c0c7f6a588e2,18,74,20240610,103.32,16,2024-06-10 21:20:00
c1f56895-cb82-4a24-ae90-4e7943982cb6,43,601,20240817,958.54,18,2024-08-17 10:00:00
3004a0a1-7b4f-4811-a16b-9bbb64690e03,46,469,20241008,1942.7,35,2024-10-08 13:27:00
fafa4563-94eb-4ad9-adcd-5039d31c03ee,32,146,20240813,1688.94,34,2024-08-13 16:27:00
71244c42-ac69-4366-9f66-81ec4c792626,49,416,20241015,1917.72,50,2024-10-15 22:38:00
f3986b94-3925-4e25-b389-eb4b599d76a0,21,59,20240709,481.88,27,2024-07-09 01:22:00
78b3ccca-59ae-450c-b5d7-82348575f450,34,863,20241114,929.23,27,2024-11-14 23:58:00
47ff9b68-496e-4e63-a290-1798004d130e,46,742,20240901,1547.41,18,2024-09-01 16:25:00
f614c1f9-1cb0-4d79-8890-ea9bd922449f,31,705,20240621,1225.63,28,2024-06-21 04:04:00
097cdb4b-16c2-4c71-84fd-5bca2fa3e9ff,12,644,20240812,341.0,46,2024-08-12 06:15:00
25aab386-663a-4c38-a628-868f8692af95,32,838,20240816,615.25,23,2024-08-16 19:45:00
3a8932e0-cd15-422d-8927-423854c0af0e,42,452,20240827,1409.77,23,2024-08-27 10:39:00
5fcc8026-6c7b-43b7-b8d1-a14b741ca510,47,715,20240627,1494.77,30,2024-06-27 08:19:00
d75a1972-5d73-4156-bfc1-7f8e1f2a2bda,12,524,20240606,1214.41,29,2024-06-06 05:12:00
6b0a0e54-34d2-4613-bff8-104f3db6e634,18,542,20241117,1213.85,12,2024-11-17 20:44:00
4ea1d1fc-a369-4614-aab5-5d8eaec07a76,15,649,20241111,859.53,28,2024-11-11 13:14:00
3033a0a6-d012-4e18-8fbd-e9c736b28293,22,490,20241004,103.68,20,2024-10-04 18:41:00
0816311c-c20d-4821-97a9-d2ad510b10c1,48,963,20240913,722.35,14,2024-09-13 12:50:00
a1b4c115-0c88-4f71-b9f5-83e77493211b,37,640,20240922,511.65,30,2024-09-22 13:04:00
0321d828-03b9-474b-bbe9-8bd7cf613f3a,50,860,20240915,369.18,6,2024-09-15 05:08:00
41f2d5b4-a60c-4bfa-b0f4-a60ccb9dbd97,48,400,20240715,1446.76,40,2024-07-15 10:05:00
26cd5a48-7dc7-4b77-8544-ebe4bb4438fb,42,171,20240624,1521.45,36,2024-06-24 17:42:00
1b3f0fa5-443e-440d-a520-21eccf493a68,1,533,20241126,1869.39,41,2024-11-26 20:15:00
3f4c5c6d-6582-49e1-b6d2-944a13d3e456,49,585,20240921,598.01,27,2024-09-21 02:55:00
e243c4a5-e499-49d2-956f-1f664ffab4f5,19,572,20241028,817.63,42,2024-10-28 20:35:00
416fb1eb-5685-4402-a22b-6690ca7baf04,7,145,20240717,95.87,24,2024-07-17 14:21:00
9ff90eb5-8339-4e88-94bc-ccb2df40e5a3,2,854,20240619,1925.03,22,2024-06-19 10:21:00
6a6ed246-8a9b-451b-8a8a-6db41aa72d55,9,148,20240721,1633.73,25,2024-07-21 18:06:00
f0a108ff-bb4c-4358-b8c1-15762ab15152,30,949,20240613,1143.8,32,2024-06-13 23:36:00
a76412ee-e6d3-489c-bfca-faffecbeab97,5,251,20241029,723.49,5,2024-10-29 04:25:00
09c222e3-5ff2-4f58-884d-1f0c1c606d44,21,689,20240727,1345.47,28,2024-07-27 20:14:00
54e0e557-7e91-460f-9e9e-39466c320b21,34,957,20240821,1424.63,12,2024-08-21 19:54:00
aea11a02-d6f6-46e5-be90-d82156a4cc66,48,468,20241007,61.55,41,2024-10-07 16:33:00
cc0ed52a-bbdd-4cc2-86c1-528cddae1854,13,92,20240719,1500.27,40,2024-07-19 04:51:00
6981a496-2e5f-4173-b5ef-d84853145835,18,941,20240819,80.89,14,2024-08-19 06:16:00
be3847bf-cb37-40c2-8a84-4dce38db058f,25,194,20241031,1572.22,3,2024-10-31 05:56:00
7d4745c4-4947-4637-915e-c2b6f2e89d08,31,210,20240903,878.11,22,2024-09-03 18:56:00
9b63d042-2a67-4090-8392-7d4b782e12ba,47,295,20241105,292.88,24,2024-11-05 18:42:00
7f250598-3695-46d8-a96b-52e3cfa5f3b1,44,292,20240921,385.84,25,2024-09-21 00:40:00
85f99300-2c60-4073-aa75-ee20b35ee09f,46,558,20240831,1120.98,42,2024-08-31 07:53:00
5d4e3813-dc27-48ac-a155-24a41ae108b3,5,589,20240730,863.95,20,2024-07-30 00:40:00
19fcb97c-da7c-4e33-9f82-be954bb23d72,1,368,20241124,1783.64,12,2024-11-24 20:37:00
327ac250-c156-415c-8ab1-debbdef264f0,9,200,20240722,1530.11,26,2024-07-22 12:58:00
801d6477-4849-4d32-9df7-b67bee8acb8c,18,545,20241007,994.19,4,2024-10-07 09:43:00
509b0f08-ee83-4cd1-80ad-a185efc15177,31,989,20241030,1307.72,34,2024-10-30 00:34:00
2d9dbbc0-58dd-4ce4-958c-81a8b1d6f1ba,37,809,20241029,697.77,21,2024-10-29 01:03:00
6eaa58c4-403c-4ac6-aa5e-5d6480cf1287,44,338,20240830,1415.45,24,2024-08-30 23:47:00
9de5328b-3c6b-4ccd-8b37-a648b34a31ad,42,51,20240815,1086.61,38,2024-08-15 12:03:00
779f2ad3-16de-447c-91e6-e5ea71e20848,14,52,20241020,1949.9,49,2024-10-20 20:53:00
60c789a9-2f44-4618-81b0-130c668f2173,31,381,20241017,41931.16,26,2024-10-17 06:10:00
71f5973a-cf98-474c-a8a1-b100bf7afe88,46,162,20240914,572.7,41,2024-09-14 23:17:00
33274a98-410c-4e13-9c51-c6e1f7a4aee8,37,219,20241007,1095.89,18,2024-10-07 12:12:00
57856645-3a43-4213-8cab-ef19f17891f6,24,286,20240925,1122.71,35,2024-09-25 18:05:00
806f0739-376d-46c5-a311-36dda2655e76,30,856,20241004,1663.59,16,2024-10-04 03:06:00
c85d37cc-4fd6-43fa-8c14-801ced0d079f,36,592,20241112,480.84,44,2024-11-12 13:04:00
707e9911-6568-4ed0-a6f6-e45887a584c0,11,882,20241108,1845.19,50,2024-11-08 11:33:00
80e7f43a-7f3c-4716-b545-5bb93a711ee3,43,267,20241128,1135.5,21,2024-11-28 07:03:00
02733139-1448-413e-98dd-823bdae08e91,41,902,20240905,1169.61,31,2024-09-05 18:19:00
36130f34-d712-4a08-b885-68241d65823a,34,57,20240709,1927.75,23,2024-07-09 11:12:00
379334ba-54d9-47bd-ad94-4f236b607f35,15,510,20241114,215.49,9,2024-11-14 11:44:00
8e61673f-571b-4524-904a-4aac96c6c6b0,40,747,20240629,1460.34,46,2024-06-29 17:38:00
8691e41f-2e5b-4498-855a-781438d19662,3,286,20240719,1083.87,3,2024-07-19 01:53:00
1bd57125-8f51-4705-baae-50fea4d2fcbe,8,168,20241111,823.75,1,2024-11-11 00:31:00
f40ce91f-be13-472a-a242-32d5ebf2dc73,38,407,20241022,992.63,37,2024-10-22 11:51:00
bc61d2ee-8ef5-4bfd-bf0d-d2493677cfb0,8,676,20240601,1091.72,17,2024-06-01 11:49:00
ac710047-7a84-4703-8c99-d4eded6c7d10,20,385,20241023,725.85,20,2024-10-23 13:50:00
a438a82f-273d-4cfc-a368-6e345bb91902,1,158,20241016,1672.15,4,2024-10-16 09:43:00
bf1ae7dc-8627-4063-9667-ee6871e8d4a3,43,865,20240705,299.21,38,2024-07-05 02:18:00
5a22076e-ed10-45bc-8f5c-4a5ca0191aac,5,961,20240605,1296.8,26,2024-06-05 05:38:00
92e8f6dc-45dd-4bbc-873c-931d55f5d5ca,34,855,20241029,1894.22,31,2024-10-29 06:30:00
0eb23a5a-fddf-4631-bfa3-7e38151e557a,34,157,20241106,1627.49,3,2024-11-06 12:40:00
44834d5f-17bf-4273-87eb-d26b81bcffb7,5,610,20240727,1522.9,44,2024-07-27 18:10:00
a765663e-99b6-41ac-ac18-44d0a78bb7d6,24,719,20240901,907.5,28,2024-09-01 02:01:00
391ab049-1cab-438a-90ce-53f0fdb29ef8,16,730,20241109,1561.34,40,2024-11-09 10:24:00
cc756208-cbda-44d9-b240-799c008b0553,42,771,20240714,982.2,50,2024-07-14 13:43:00
f2818746-eeb3-4a1c-a7fb-de1efe63195a,26,751,20240615,1243.55,25,2024-06-15 13:59:00
2fdb22ee-d750-4ee8-8e16-13d0eb717862,50,799,20240830,1421.13,5,2024-08-30 09:35:00
7ffe5bfc-1ab1-4031-b706-f1ed0fb387b8,7,210,20240606,291.22,13,2024-06-06 07:13:00
657a228f-afdf-4deb-b643-0386d80fff3a,4,436,20240608,436.11,19,2024-06-08 07:08:00
023c9c35-d219-40e2-9d24-e082d8ab822a,11,724,20240713,1425.2,35,2024-07-13 14:55:00
6113e8f7-b408-48f6-a6cf-2a042f4f0f6f,2,877,20240613,1988.89,8,2024-06-13 11:09:00
7a4db502-d3b2-430a-910b-5f9cdf35da04,48,428,20241011,1036.6,38,2024-10-11 04:44:00
efbf5e23-747a-4bb4-b951-6c5dbd4e579d,27,153,20241116,1941.71,1,2024-11-16 18:19:00
08cb9f95-fbac-48dd-9de4-52f06e769249,6,198,20240627,576.17,37,2024-06-27 17:08:00
ed18b6ca-024a-4451-af72-5d94682cf73a,22,612,20240928,1468.05,20,2024-09-28 02:45:00
33eeacf5-d70c-4221-b7d5-9781f8d45301,21,837,20240808,1281.4,38,2024-08-08 14:18:00
ac143b60-ecbc-4437-9434-40a9f985b30d,23,486,20241024,562.72,26,2024-10-24 12:45:00
a7925666-b063-4072-b73e-4be5a2c5ca3a,25,45,20240930,137.59,11,2024-09-30 23:05:00
c90b0fd9-af19-4520-852d-434b1c0d0ffe,33,358,20240903,1835.53,17,2024-09-03 07:25:00
108a2fe4-c195-4be3-b86b-e76f315a97c3,10,820,20240819,923.57,10,2024-08-19 22:20:00
fc97d2eb-8338-4b2a-a1d6-f4af1b37a66d,5,14,20241104,1002.51,16,2024-11-04 08:56:00
455e6f0b-5ac3-4398-bf2c-0e6ba75bfa07,36,802,20241025,780.73,19,2024-10-25 03:01:00
6852f0d5-b515-4405-8885-66d854793158,50,542,20240616,1691.48,36,2024-06-16 05:46:00
fdba7686-c89a-424d-9a0e-cc3f3364fe57,8,177,20240627,611.92,49,2024-06-27 07:19:00
a8b3c29f-1e9f-4aa9-9e73-049bf1f08970,4,12,20240828,1556.04,33,2024-08-28 10:48:00
fc3cbe26-a795-4688-b5ce-007d9c064933,7,286,20240614,1787.87,9,2024-06-14 14:09:00
3db0348a-272e-4e0c-a818-83789dcb9a4c,19,819,20241018,812.11,36,2024-10-18 20:27:00
c3224785-4dcc-4f50-b86b-c0f57744f993,5,708,20240915,1259.31,15,2024-09-15 01:36:00
b50a0afe-3396-4ca9-b256-734b534d0bff,22,517,20240614,883.45,50,2024-06-14 09:33:00
45d37782-444f-455c-9e61-a1c510cf164d,32,545,20241019,626.76,45,2024-10-19 19:58:00
f782e93e-e807-4102-ae86-d75f97be8686,11,818,20240921,1399.82,13,2024-09-21 22:25:00
4daed08b-7582-4598-af56-0aa8c9d5cd1b,40,162,20240705,73408.15,29,2024-07-05 04:06:00
c8f7381a-0f4a-4b22-9086-d2756736754b,5,142,20240628,1335.62,30,2024-06-28 01:21:00
a019e7c0-1d97-445c-8b20-eea1f0a1e7cf,48,163,20240625,997.74,28,2024-06-25 03:13:00
13bf9a53-4591-4165-b775-a9a442434990,11,627,20240807,1616.02,11,2024-08-07 08:09:00
2c1ec8a1-f45c-41e0-8db2-8cd96ec9031f,31,640,20240812,53060.82,19,2024-08-12 21:33:00
0e1b490b-7828-4bcf-9bb5-0e58b372a66b,16,67,20240810,1188.37,21,2024-08-10 01:21:00
17d8aca3-3397-49da-a131-64967611c78f,15,607,20240818,339.16,14,2024-08-18 06:29:00
506c726e-fbda-4321-b71f-5320c1eaea92,41,524,20240624,832.76,6,2024-06-24 15:04:00
7eb19545-24c8-44aa-8e2a-de9228a56c1a,36,581,20240727,1747.82,28,2024-07-27 04:30:00
6eb2e0b9-24bf-4439-8fdd-8f8e70ac36c7,27,934,20240603,310.82,48,2024-06-03 14:03:00
0540e19b-5b57-43f2-8713-56362dede3b6,38,206,20240611,317.24,19,2024-06-11 13:23:00
2f32c378-6949-40ee-8b42-cae3254f06f5,18,109,20241023,729.66,18,2024-10-23 10:35:00
b44c18ae-f50c-4a77-9dd0-408ceda88875,50,774,20240828,1076.95,6,2024-08-28 14:30:00
7dcde389-0c77-4c41-93a4-9c7d9c5aeb8a,8,577,20240602,203.6,49,2024-06-02 02:00:00
05e1f5a6-039a-4d3e-8093-66f39878da68,17,76,20241118,215.06,34,2024-11-18 11:17:00
87af458b-b014-4d17-8059-1b3084e92252,43,810,20240612,1984.63,33,2024-06-12 11:08:00
34673667-4662-4244-b18a-a6472e7e8cf1,8,572,20241004,740.67,39,2024-10-04 19:29:00
50fb1752-db0d-4468-97c7-94a4eba44916,32,759,20241019,1345.89,30,2024-10-19 03:10:00
f2c6b6f7-549f-4bd8-8efa-d43a52526bfd,10,104,20240914,850.0,27,2024-09-14 18:35:00
82e6daf1-c14a-4e31-9a53-4024b289e431,11,518,20240622,681.24,47,2024-06-22 21:44:00
99723926-04aa-4bbb-96d2-2687a1d7dec7,44,855,20240605,1708.73,28,2024-06-05 08:48:00
20b40629-9f95-4b98-aa56-22c19f57473d,11,919,20241117,1067.88,15,2024-11-17 15:20:00
0eacf8e3-4be7-4194-9bd3-390b5d20688c,49,452,20240717,1843.48,7,2024-07-17 08:46:00
c2c6b5d7-12ac-4b10-a81f-820ea462a9fe,29,558,20240713,1089.69,10,2024-07-13 19:50:00
8ce949d6-7d57-4813-8468-5f7d9e3da67a,41,122,20240708,1565.21,14,2024-07-08 14:30:00
0a247745-ef17-4fa5-a794-ee6bef7f5565,23,908,20241126,1522.05,9,2024-11-26 19:19:00
587853b2-079f-49a5-a1e7-89c3034d8290,26,654,20240810,1608.78,46,2024-08-10 12:12:00
59965dc3-7c96-4678-8f25-8529066ebe69,50,263,20240616,624.89,16,2024-06-16 07:33:00
cc572bd7-3b5e-4ae0-bde8-19e7efae4fd9,9,594,20241015,1957.11,36,2024-10-15 15:20:00
12e65295-a2e5-4bb7-88e5-c9051f532b22,37,576,20241006,910.74,11,2024-10-06 06:53:00
c78d8feb-b22c-4278-a779-2b1006ac1621,31,378,20240704,1750.81,29,2024-07-04 05:56:00
1240620b-4c58-49f4-8981-e266b450a8ca,15,387,20240829,1295.95,36,2024-08-29 23:59:00
927385bd-ad09-4225-bcd6-a8535d760b47,19,706,20240829,1531.4,44,2024-08-29 05:24:00
e47979b9-869b-4896-a8f6-f7ef1e12aa21,25,649,20240920,1388.11,18,2024-09-20 03:33:00
7a53ed36-f4a6-443f-a8c5-0618b610b340,9,729,20240729,857.61,38,2024-07-29 01:45:00
8dc3d588-2ead-4de5-b364-6aa17431e9d0,41,703,20241124,672.7,36,2024-11-24 22:49:00
f4790f4e-dcea-4f7e-b42b-440a49ecb4de,20,952,20240625,1424.78,22,2024-06-25 11:58:00
7dfc9d87-6a5f-4626-a008-e1a3d30f1525,19,916,20240923,1517.49,19,2024-09-23 16:29:00
048c2ad2-b5f6-4323-b743-f1d3bb77c050,10,752,20241115,801.6,34,2024-11-15 12:56:00
836ac184-23d6-403e-9313-b4edc580a1e1,36,638,20240905,1877.14,21,2024-09-05 01:42:00
b3ba85b0-33d7-4efb-aa40-37c4873021bc,12,749,20240718,512.63,33,2024-07-18 21:06:00
15c91521-8c93-4986-b3aa-e33abdf1e6e8,5,380,20240706,1724.41,35,2024-07-06 07:53:00
d273cc4a-9e85-49dd-b004-22bd8aa5b175,37,81,20241107,1678.05,8,2024-11-07 16:49:00
a904662f-f8e4-46a1-b337-a852e59490d1,28,866,20241121,1379.31,19,2024-11-21 23:44:00
cb37cdb7-1ba7-4bac-ae19-227ee006730c,25,77,20240622,325.26,43,2024-06-22 13:44:00
63da3d32-17fc-4dd4-839c-95a5ebacaf9d,46,468,20241113,442.12,32,2024-11-13 06:11:00
89ac85cb-8ad3-41ff-9bf6-4b1ddacce270,48,997,20241109,613.37,11,2024-11-09 21:58:00
370fd397-90de-45a0-8df9-e9e253200bd8,2,442,20241017,1006.93,26,2024-10-17 13:32:00
280934af-acfd-47fa-afc8-c4ee485c1fd2,23,368,20240615,1250.18,35,2024-06-15 21:07:00
6dbadf9b-1ea5-4d68-ad3f-b4963446412e,49,68,20240613,1391.35,21,2024-06-13 04:25:00
71b4bc73-43cc-40f6-87a1-b23bd098da6e,17,818,20240922,768.01,12,2024-09-22 10:29:00
da31d222-a052-4c20-a29e-aafa5b6c446d,47,207,20241106,731.0,38,2024-11-06 16:57:00
3a4448de-5ac5-4b7e-8ad9-878f02b18ddb,38,720,20241009,1650.95,38,2024-10-09 09:58:00
6f6123f9-886f-418d-8efe-c05d20db51f0,17,813,20240711,951.18,22,2024-07-11 23:14:00
e9d31b9c-0310-48e7-8266-b99136128384,33,939,20240717,1493.86,23,2024-07-17 17:49:00
394b42e3-a582-453b-8163-478aabac993f,44,599,20240722,641.9,29,2024-07-22 15:10:00
50355a3d-96dd-4ba2-a0a8-8a3bc8656c60,8,839,20241115,1062.98,44,2024-11-15 22:43:00
26f4b9e2-5a95-4468-9eb7-485deecff860,45,294,20240714,247.24,49,2024-07-14 08:28:00
42adf44e-6c8b-4094-a64a-d83901e56fc6,49,372,20240917,374.7,19,2024-09-17 09:46:00
b13ea393-4607-47ae-84c6-c20bf4cd648a,15,117,20240629,291.54,36,2024-06-29 15:33:00
558430d8-023a-4e46-8434-97c607c8f591,19,331,20240709,1415.69,36,2024-07-09 19:29:00
a4537b72-f2d4-466f-b5a3-a39eaa119063,17,840,20241119,1186.91,8,2024-11-19 17:57:00
aa14c3cb-21d0-46a6-8679-045b5894faa6,35,753,20240716,150.14,8,2024-07-16 14:17:00
fc9e9acb-d3c9-4bb4-a971-7750408629ec,43,200,20241004,369.28,22,2024-10-04 06:00:00
c9610192-df47-4d7c-b5e8-50bc40432833,45,788,20241106,1608.62,39,2024-11-06 17:42:00
cc48f100-3d80-44a5-8eb0-d5ded7f43c22,24,334,20240914,503.45,33,2024-09-14 21:34:00
52da2c04-861a-4bbd-8a67-e111e7d80acd,4,273,20241022,1034.91,45,2024-10-22 20:57:00
3d1bb1f5-6975-453d-bb83-f5c2e030a3dd,40,272,20240906,980.76,26,2024-09-06 02:34:00
61878b50-b840-43b6-892f-5d2a3906ddb4,26,874,20241026,1446.55,12,2024-10-26 20:09:00
51452cd2-80de-444a-abf9-a5d1d8364ff3,21,192,20240603,65.09,9,2024-06-03 02:24:00
a0fd62c8-92d4-49b8-abda-1cf69ad64458,17,425,20240630,1139.0,48,2024-06-30 02:20:00
7e77f49b-4368-4fcf-a468-47b53c0de52c,15,15,20241016,1905.89,42,2024-10-16 13:05:00
ab7ed7ee-d718-44ba-8b64-f32e9b080f66,37,17,20240805,786.98,23,2024-08-05 19:15:00
75e1bd17-b05f-4974-8c99-3ca0ab68a128,32,473,20240628,1193.04,5,2024-06-28 07:51:00
37fe68ee-9cff-4be4-9adc-cdac4f8a2731,40,639,20240827,635.89,17,2024-08-27 22:52:00
4c4a121d-9159-4ceb-b79c-d223b1e95da7,9,312,20240801,733.55,19,2024-08-01 07:09:00
76ffd754-06fc-43af-92bf-ef42645a21d1,31,988,20240615,593.74,1,2024-06-15 21:54:00
0b71bd65-f36e-4bab-914f-d038137ab194,48,738,20240610,1810.8,45,2024-06-10 18:50:00
767feb5d-b928-4c6a-b5b2-36ff1bd0b917,39,343,20241030,852.71,22,2024-10-30 20:13:00
b45131e1-d0c4-497d-8940-f6cd5cecf364,21,905,20240617,325.19,21,2024-06-17 10:44:00
793231e0-4037-4fc9-abbd-2e9007e2f78c,25,213,20240830,1424.23,4,2024-08-30 18:04:00
eed2f5d1-e511-4f46-8b94-7a63d7d87787,16,665,20241003,1412.39,22,2024-10-03 03:58:00
853de1fe-868c-443d-adb0-bda1c0a8fa80,31,451,20241027,188.84,10,2024-10-27 08:24:00
bc6b3ccb-7c4e-468f-8a24-1c0ff778775d,46,821,20240718,1303.71,41,2024-07-18 06:16:00
0b76a10d-df69-4065-88ed-089c1c6bbe83,46,559,20240723,1113.92,45,2024-07-23 19:49:00
2bbd2907-0d09-457d-a997-6cfbb53d8df1,46,398,20240714,73.8,50,2024-07-14 13:12:00
ca88cae2-f7ce-4d11-980f-9d8359933560,36,196,20241010,1418.02,6,2024-10-10 15:14:00
8af85c4a-083e-4e14-be44-61942e964198,12,229,20241023,57.84,7,2024-10-23 01:39:00
93e11254-f23b-4ab3-93ab-40b6e94e16c1,17,819,20241029,1850.71,28,2024-10-29 06:26:00
3fee1345-eeac-44c5-9a36-193f481d4f9e,44,59,20240715,286.58,28,2024-07-15 06:41:00
2b9150c8-b3dd-4b25-bcb6-2eff5b891847,23,270,20240905,187.59,28,2024-09-05 10:58:00
b93ee434-c8f9-424f-82f5-2e987c893ed1,16,158,20240929,1218.42,23,2024-09-29 09:19:00
80abb959-c580-4603-aca4-1919b9b32d14,4,790,20241111,1522.92,25,2024-11-11 06:48:00
a03913e1-87e4-4450-9f27-699826dd4ef8,4,654,20240817,1945.55,36,2024-08-17 00:20:00
10456bfc-f5bf-4f55-84fc-48336fb27340,32,158,20240719,116.18,27,2024-07-19 00:33:00
b4419d90-c7f3-4eec-a81b-f34d4ba8000c,1,11,20241122,1057.24,29,2024-11-22 03:49:00
c8c81411-3edc-4db7-9267-85193b0836ae,30,176,20240803,669.37,2,2024-08-03 22:55:00
55cce40f-fa03-4635-9756-eb1217e78729,24,491,20241113,257.05,18,2024-11-13 17:41:00
d3ba1f67-3a1d-49ec-988d-6d8051cd4a80,27,773,20241031,1324.04,39,2024-10-31 03:50:00
a5bc71e1-664b-4030-9277-907aae07a560,33,400,20241126,1894.02,11,2024-11-26 23:21:00
75e313a8-4087-405c-b2a0-0ca4ea691daa,44,349,20240822,1433.01,19,2024-08-22 05:12:00
c95be638-58d9-46b8-812c-3c646dac3e61,30,163,20240902,67.96,24,2024-09-02 22:32:00
15ef4301-4e15-4335-8513-7b8640bf9312,21,924,20240905,82.52,21,2024-09-05 09:50:00
fabf6a14-517c-4f42-a39e-e947a2e7bd0a,10,763,20241009,1431.91,6,2024-10-09 06:59:00
c9dbc70e-f80b-4586-baf3-4c0902d3797f,49,146,20240715,1125.28,20,2024-07-15 04:42:00
df2b72eb-f202-4720-a788-9801bcb35c5a,14,176,20240826,1080.65,12,2024-08-26 00:42:00
dc2d7d28-a9a4-4a14-9185-4d8eda1d05fb,21,303,20241028,1444.29,28,2024-10-28 01:54:00
a3f5580b-f198-4063-837f-ff18c7ea513d,7,674,20240616,476.05,26,2024-06-16 15:33:00
cb4ef12b-2560-4529-9f75-fcee20b393d3,21,641,20240916,1675.65,15,2024-09-16 18:09:00
39863484-88a7-4b5c-b8c6-275650cef259,20,277,20240921,1824.99,1,2024-09-21 13:18:00
ebffc1fe-7b4a-44d8-be63-12f13674d389,26,428,20241021,1196.93,26,2024-10-21 16:07:00
a17897f6-9f66-427c-b511-f22cfce2e868,26,986,20240615,1123.23,48,2024-06-15 03:07:00
180391d8-b603-481e-b0bf-e2ba67a0f1e2,50,644,20240615,514.13,15,2024-06-15 20:17:00
a818c589-138f-465e-a978-285bd480d4de,26,439,20240723,1038.64,15,2024-07-23 20:15:00
46ecbc0f-e902-4c06-91df-8138adcadd78,50,128,20240624,509.89,18,2024-06-24 12:43:00
e64f3593-4d9a-4f33-8f87-fa9ba8c8feaf,24,654,20241002,274.3,45,2024-10-02 12:42:00
d0c0264c-3e62-4811-9992-37af45798af3,29,888,20240613,725.98,47,2024-06-13 23:39:00
fb82a522-7ba1-46ce-bbed-9b6a21d7cbb6,10,544,20240910,1637.2,35,2024-09-10 18:47:00
c7058e25-5c46-448d-8d09-2334ab8bb655,45,955,20240815,427.14,39,2024-08-15 23:35:00
e6501516-39b1-4652-9d9d-b5c272661732,27,562,20240917,473.92,1,2024-09-17 13:59:00
2465b974-af1b-4f0a-939d-830d8497576d,17,459,20240731,1527.06,3,2024-07-31 11:33:00
d1429a84-b4ca-48c7-891f-abd6ef7a5296,1,924,20240805,1984.64,37,2024-08-05 04:30:00
a8a44712-a972-401e-94ab-6f59355e3827,22,530,20241125,228.67,38,2024-11-25 13:10:00
a7ac4b18-2f58-4b9b-b83a-26bbb987627b,44,104,20240713,1915.92,38,2024-07-13 20:12:00
cb9d6315-4f2f-4e47-9bd4-646bb41781c6,1,686,20240626,331.23,12,2024-06-26 16:47:00
1e989c2b-25a1-4bda-9b72-608da65b2535,8,592,20240916,1001.09,16,2024-09-16 17:17:00
0fd6e58d-cda3-42e0-8c71-3d7458c1c479,22,376,20240915,295.76,24,2024-09-15 20:02:00
d0457f3b-d150-4ab5-b78a-d5397867007a,28,439,20241029,1398.89,31,2024-10-29 13:27:00
e2a1554c-e7df-4294-b173-0976dedd2c35,2,739,20240921,337.53,32,2024-09-21 01:57:00
70c05a99-a498-4030-8083-ec8540e75516,37,576,20241013,317.19,2,2024-10-13 23:46:00
d5e09043-0768-4d21-926a-bbc875c636cc,50,886,20241113,1661.05,29,2024-11-13 18:20:00
43dac932-32e0-4dbc-8e5a-ee5e1304c13f,8,544,20240628,186.51,27,2024-06-28 00:54:00
b59283c4-4409-46b5-99b9-04c6d5ac02d6,8,514,20240829,211.43,40,2024-08-29 13:17:00
3447dfa9-d1dd-4cb9-b303-8f49f0e44e3f,8,537,20240813,1578.35,13,2024-08-13 16:54:00
f86e301d-8519-41ab-82ec-41cacaf22556,9,621,20241102,257.44,20,2024-11-02 21:37:00
fb82fcc0-0a26-43a8-a1ee-688ad21add00,3,844,20240717,1937.83,10,2024-07-17 21:36:00
3e0078ef-fe83-4b72-9615-54582cb5c153,37,874,20241118,926.36,9,2024-11-18 20:59:00
f0ffa8bf-565e-452f-a3b0-2775024b3cdb,43,191,20240623,1317.18,3,2024-06-23 09:33:00
269bc1f9-d4f6-418a-afc6-c0bc1d57aa56,50,1000,20240826,915.3,33,2024-08-26 12:33:00
df714232-8a8d-4b65-a357-893753a6c7ee,25,998,20240920,1774.72,28,2024-09-20 16:02:00
296518a3-2b33-47ac-a3c9-a9f97e790222,35,303,20241023,135.06,3,2024-10-23 07:47:00
5408f75f-1c8f-4523-8104-39e674c41b6a,31,347,20241030,1582.03,21,2024-10-30 14:29:00
e4578a5c-f4f1-4640-a220-84fba44b9d0d,49,270,20240617,53.77,32,2024-06-17 09:35:00
d7cb8727-843a-4f51-97ab-e01bb84ae3b6,30,863,20240929,614.53,48,2024-09-29 06:14:00
79f6aaed-e93b-4bab-a7ce-fac39345f69d,34,766,20240627,395.35,3,2024-06-27 02:39:00
bc70aec5-2c24-4dd5-97b3-6117284ac695,49,637,20240602,571.63,24,2024-06-02 18:03:00
818f0939-bb96-4e9d-8296-542a017cd128,36,125,20240616,1307.48,17,2024-06-16 11:29:00
de50d9cf-a641-4886-8541-508d3ef998dc,22,368,20240629,853.82,20,2024-06-29 14:23:00
7e9181ff-78d2-4412-871a-eb979e9fb513,44,243,20240626,121.75,21,2024-06-26 19:42:00
ebfe88f4-b900-44da-8293-62d8f559d128,18,30,20241012,950.68,33,2024-10-12 08:14:00
787bfdb4-627e-49ac-ad6c-cc7d6344ade2,18,659,20240915,1835.14,3,2024-09-15 14:58:00
f5833399-2e83-4cbf-b6d3-7d940ce4b38a,20,275,20240920,753.1,25,2024-09-20 04:51:00
ecb4594c-d462-497d-8365-5ff5250c6c34,19,480,20240919,629.21,1,2024-09-19 21:22:00
df2695ef-fdfc-45af-a434-1da6f3f17e67,39,86,20240918,687.6,10,2024-09-18 14:54:00
b1d241e5-bcb2-4ce6-b4ee-76fd1d69c085,38,253,20240912,566.79,49,2024-09-12 17:25:00
e2072d0f-d1ab-46b3-8b94-80435be5ded6,4,789,20240919,1116.6,44,2024-09-19 16:45:00
11de5b77-d616-4880-acf6-d73cdbcfb383,20,349,20240802,817.52,41,2024-08-02 03:13:00
5ff0c1a6-11dd-499c-aa15-876781c79ea7,5,25,20240705,816.05,6,2024-07-05 22:44:00
8f297817-354a-429d-b3fe-87d1a4775ac2,1,47,20240816,1874.13,14,2024-08-16 05:35:00
07857318-35e3-44d4-af8c-62f1b9a74c3e,26,56,20241023,259.06,25,2024-10-23 11:07:00
34fb7d53-03d2-41db-b2eb-86514eb98f61,25,967,20240616,1304.36,8,2024-06-16 13:57:00
3f37b262-2cb9-467f-bb1b-3d1d4b0b4aef,40,708,20240630,971.85,44,2024-06-30 04:56:00
3d01d4ed-bc4a-4bfc-9609-dd64b0d797f7,5,124,20240818,1044.07,4,2024-08-18 20:49:00
b6e10acc-333f-4957-b438-4ca2a07e1b64,18,707,20240809,536.18,5,2024-08-09 09:11:00
defe5308-0373-42ac-a241-a3b85b2ea924,12,816,20240829,657.82,6,2024-08-29 23:41:00
8e4dc2ce-e76c-40cc-a815-9bb5ae2b9407,38,832,20240622,1827.82,42,2024-06-22 09:26:00
4a5e5ee3-e08e-4907-9442-1bfd1e0251a2,25,990,20240909,506.08,32,2024-09-09 10:30:00
78d45582-e2bf-49ee-9d26-1c81a62f4519,18,989,20240918,660.77,1,2024-09-18 04:31:00
9126b49d-154c-4dda-bd54-ac0d1249a829,25,827,20240911,1890.12,41,2024-09-11 17:24:00
f76bd89e-da6f-42ec-8e28-0cc5592b1749,35,933,20240902,1666.9,33,2024-09-02 12:03:00
427d868e-6710-485a-90e1-69f0fcbce31d,46,498,20241118,50.78,30,2024-11-18 23:15:00
96591d4a-8e90-4619-806c-bf4f66754882,44,393,20240712,306.99,33,2024-07-12 18:48:00
75ac85c2-79c1-40b2-9d38-b1b25a895646,42,937,20240627,236.71,45,2024-06-27 19:14:00
2828c94a-885f-4715-9340-30cdfd382a82,4,17,20240704,1997.4,3,2024-07-04 17:16:00
17847f62-a28c-49cb-aab6-5901b6b669e7,50,607,20240908,676.18,34,2024-09-08 09:34:00
544f9785-f5e2-4623-b13a-a3d8577cc62d,47,261,20240704,244.13,16,2024-07-04 09:59:00
39a61ca6-1737-472d-bce0-f8d845c0bdbc,42,902,20240708,870.27,30,2024-07-08 02:09:00
97261e05-5fe6-4c46-b2e0-0fc48319d2bf,5,153,20241107,992.74,26,2024-11-07 08:32:00
23b4d029-b253-45dd-b048-461883c3a722,4,530,20240609,726.33,8,2024-06-09 13:42:00
f27ae826-7c5f-41bf-b25c-306c3d6cf649,33,567,20241008,468.21,8,2024-10-08 11:44:00
1ec66251-889f-45d7-8d24-487965a02e93,21,858,20240623,1704.06,31,2024-06-23 03:55:00
816d7f53-e340-4465-91cc-fb52ae946d92,13,419,20240930,574.95,44,2024-09-30 04:21:00
e2ae9c4d-61ad-49be-b9af-75da4dba3dbe,10,782,20241012,1884.28,33,2024-10-12 10:10:00
71ede5bf-0347-4d8b-a4a6-78f001729ec7,39,400,20241124,905.55,44,2024-11-24 19:18:00
918ce5d8-7330-4874-9551-1e4827db35e7,50,1,20240611,568.79,34,2024-06-11 09:24:00
842c1b0d-3f6d-4d8a-9705-28d9116d057b,19,468,20240915,1119.36,11,2024-09-15 20:55:00
456e1a89-6a98-4878-93cc-e09801ad96ff,45,962,20240608,905.83,29,2024-06-08 12:42:00
c1728d59-fbc3-4490-ba8c-4b80a2cb2269,6,751,20240914,1942.38,9,2024-09-14 07:52:00
af658800-ab32-4405-8f85-6f11bfbd44f6,45,809,20240818,450.39,21,2024-08-18 12:51:00
889627b6-3861-45d5-8a59-c93331286fc9,43,413,20241101,1642.5,33,2024-11-01 22:43:00
58dffff2-45b9-4f10-9f85-b25ccaeee2ad,18,540,20241024,177.09,24,2024-10-24 10:34:00
8b15e6f9-0e61-4db3-b9be-ed3a64fc028e,11,444,20240725,1796.84,3,2024-07-25 09:31:00
f4d88f62-8c25-4505-be8e-aff947f99a3d,43,466,20240703,1602.73,6,2024-07-03 12:54:00
c6cda929-6a34-46ee-83b2-0ce9260f3331,43,964,20240706,695.84,10,2024-07-06 16:56:00
ea46d92c-abaf-47d5-9582-bf2203603478,43,275,20241017,1341.92,3,2024-10-17 04:33:00
5669b3b9-10ef-442d-ac84-e77ffbf38801,29,794,20240828,1823.93,17,2024-08-28 12:52:00
b8a351e1-55c3-47f0-a488-f068c5f3de01,48,808,20240729,285.36,35,2024-07-29 09:17:00
af9efd70-657c-4e05-acf5-4c200e3f4357,46,439,20240724,1652.25,49,2024-07-24 15:49:00
806d57e7-2530-4342-8f10-387204ab533d,27,747,20241108,1951.91,7,2024-11-08 01:41:00
926dfdc6-2913-497a-a805-abfaede3c15f,42,316,20241009,1891.82,39,2024-10-09 04:30:00
5ac5139a-d1ba-4c2d-886c-2e285e215276,1,976,20240706,766.65,12,2024-07-06 17:17:00
46c37aa7-4909-44ed-a6b3-8c6b77d050ad,44,489,20241023,1067.56,17,2024-10-23 15:44:00
a0fa8275-7582-4923-bed5-2f7e1f4f22eb,34,653,20241119,1207.64,17,2024-11-19 03:27:00
d360e18b-e965-4603-96e6-a0200264eae4,12,38,20240924,475.96,12,2024-09-24 15:13:00
356147f4-3b7c-409a-8b05-d3d4e4993df8,33,704,20240627,1682.35,17,2024-06-27 19:37:00
6a5c9f7c-11cc-41b8-ad31-9c0824b9ac52,31,808,20241010,1515.11,36,2024-10-10 23:22:00
4b19d104-d646-4ea0-8b24-2633d33f61ef,25,26,20241116,1755.37,46,2024-11-16 01:56:00
df5ae389-7292-469a-afb4-b53af656b789,21,134,20240629,314.3,36,2024-06-29 18:08:00
0b7fc954-8d11-4c84-854a-15bcf5dab6ce,49,762,20240907,671.88,3,2024-09-07 18:17:00
17f6bac3-c5f4-42b7-9426-213ff5ae194d,1,154,20240730,955.37,22,2024-07-30 08:17:00
8ab17441-76f5-40b0-a3e2-28876d52c022,4,861,20240705,1343.07,7,2024-07-05 20:52:00
4145cde1-2e65-49f1-ac37-98bb9999b884,10,63,20240816,975.75,50,2024-08-16 04:45:00
2e4eaec1-123b-4862-8710-37954ff3ea09,44,41,20241105,1337.64,22,2024-11-05 11:37:00
77b27af9-f13e-495b-a477-cec366e9fc28,14,301,20240727,1742.94,24,2024-07-27 06:32:00
07bc6718-b167-4cbc-a3ae-60cd5e489e4c,33,696,20241117,115.12,31,2024-11-17 04:03:00
aa0f9bc5-6aa6-469f-9e20-f21e27984ed5,39,504,20240808,1432.07,39,2024-08-08 12:14:00
2dc450f0-9bb9-46f4-b5f7-5d745fd0a8a6,46,313,20240703,971.25,27,2024-07-03 20:10:00
a4e59ac7-6cf3-4afd-945b-f473a8117516,10,953,20240813,260.79,11,2024-08-13 06:27:00
dac79ec6-176a-4df1-943b-a6be5f69dee7,23,376,20241105,738.03,41,2024-11-05 11:47:00
35810b52-f448-457b-8ca7-164d2c354e6d,5,553,20241026,960.73,11,2024-10-26 11:52:00
758205fd-5d9c-49c2-92eb-d9dd7580966f,41,202,20241002,1370.18,38,2024-10-02 12:15:00
4c6605e9-b706-4b65-b2e4-036f5e173507,15,125,20240904,1034.29,31,2024-09-04 10:40:00
e55acac1-c75e-4a31-97f9-17e5e74e3cc0,21,732,20240822,1253.1,39,2024-08-22 21:12:00
5cd81f82-f78e-4b9c-a741-a9f07424c143,40,313,20240708,1568.49,20,2024-07-08 04:25:00
92a02d37-ee75-43e6-aeaf-0d2814e92ce4,30,221,20240927,1967.89,17,2024-09-27 16:45:00
bfb2d99f-5606-431a-b510-d62ae76f0051,7,904,20240720,919.29,49,2024-07-20 15:58:00
a17b1c1e-5e49-4de5-94e5-bae5c053b941,4,249,20240618,111.73,14,2024-06-18 07:56:00
fd45e5be-5f81-40c7-a559-e0e0b4fd564c,11,978,20240701,1782.05,35,2024-07-01 23:16:00
878376b0-8c5f-4466-b498-6d0ff45945ec,48,844,20240727,1785.88,44,2024-07-27 02:37:00
ffa0cea4-295d-4bfa-826c-292300ddd7fd,6,856,20240919,1288.65,30,2024-09-19 22:49:00
e76ee9a0-dcbe-44a4-b1be-200a53eaeb0a,35,87,20240924,1248.91,28,2024-09-24 07:06:00
d73b4c3c-9a0f-4135-8ea8-074d596cfa45,13,56,20240605,1438.9,34,2024-06-05 18:58:00
0fc2767b-25fa-40e0-95d2-6abfa229b4f2,46,232,20240730,228.42,8,2024-07-30 22:25:00
4d5241f6-5de2-42c1-9317-3a796297c234,10,640,20240826,1888.19,3,2024-08-26 15:07:00
d28ed50e-f294-4c9c-a337-61ef49501896,41,595,20241017,935.71,32,2024-10-17 09:26:00
a842f957-3c2f-4ec9-851f-4bc7c8071c05,25,920,20241004,890.63,49,2024-10-04 18:43:00
bcd7a4f7-9ccc-4c4b-a828-978620109e74,2,179,20241121,1873.97,37,2024-11-21 07:25:00
27f9e69f-7a77-4bf9-8ab3-fdef1ca1aec5,43,707,20240621,1545.18,18,2024-06-21 02:58:00
5aa5adcf-d542-4015-b1a4-3d815663fcde,28,775,20241115,1909.26,18,2024-11-15 00:17:00
f560a976-5351-4cdc-9dc3-9df0e726d5f9,26,971,20240716,1002.38,34,2024-07-16 19:16:00
8a8907dc-7990-47e3-8cc4-64378f3b00ee,50,674,20240628,1081.14,43,2024-06-28 18:09:00
94648d11-2893-4316-8398-12cbc4f5d223,10,827,20241101,820.19,46,2024-11-01 19:39:00
70ef9d81-66f5-4d4c-8188-f075411df34a,18,634,20240930,1992.56,42,2024-09-30 20:54:00
d3a0048b-636d-4748-ae6d-3c8f4ceb959a,48,730,20240629,141.82,12,2024-06-29 12:06:00
9bf64058-0d15-4dfe-b27d-a0cb79e31b7b,5,372,20240803,1954.52,42,2024-08-03 17:55:00
0786ce8b-fb85-4ba2-8c9a-2fdfbc479a84,32,339,20241110,62128.14,41,2024-11-10 17:22:00
c9db8e5b-a8d5-46e2-9e66-d69e61e749c6,12,702,20240717,256.6,8,2024-07-17 13:41:00
6827ac25-5450-4076-a0c2-03a897ae2ba5,20,862,20241104,1278.5,31,2024-11-04 06:41:00
a4e017a1-e1e7-401c-aba3-8d3662941322,36,468,20240603,401.68,28,2024-06-03 10:58:00
55b2a478-a839-4e82-894b-615bdb2b974f,6,597,20241009,381.25,42,2024-10-09 10:31:00
e7d931d9-585a-46c6-aa65-4598bd009d50,42,278,20241015,1861.36,29,2024-10-15 21:00:00
cd47a895-19e8-4091-ae00-8a1e13f8dd29,9,804,20240918,386.69,19,2024-09-18 05:13:00
9969a62d-5605-4eb1-877e-b466aafaa24f,20,17,20241030,594.92,23,2024-10-30 06:07:00
4ccbfd0d-30a2-41f2-9a32-8f53a9d28450,48,514,20241006,1179.92,9,2024-10-06 07:56:00
318408d1-7158-4467-abf1-32625b20b520,47,782,20240830,722.7,45,2024-08-30 14:21:00
4cf76473-e556-461b-878f-b62e256ea15c,22,365,20240905,763.01,8,2024-09-05 16:44:00
fbecf739-36bd-4e8b-82ce-dc22d3928f5d,31,832,20241106,1429.03,12,2024-11-06 07:05:00
0e0628fb-d44b-4da4-bba8-98f3d66d4348,3,764,20241011,1512.44,28,2024-10-11 00:18:00
97c16ca1-3b6c-436f-b6cf-46b244ab2b30,26,946,20240620,864.43,42,2024-06-20 19:32:00
809b116e-fb60-4f6f-b51d-7d1c065a1232,18,350,20240910,1119.78,41,2024-09-10 16:02:00
52fca971-0902-4ce3-8a5a-817dc7414eeb,46,648,20240626,1758.68,12,2024-06-26 18:33:00
0b4f9fb9-e966-4ccb-8f30-3b27609f026e,11,903,20240727,1756.56,50,2024-07-27 12:20:00
af7742ee-9ce6-4a40-91b7-df636783b8b5,21,640,20240811,1563.81,25,2024-08-11 07:15:00
79896e30-9333-487a-bbc4-31edabe1d6dc,3,435,20241002,1075.13,14,2024-10-02 06:40:00
88b6d86b-08b2-45b7-9c46-2c334ee365fb,19,345,20240701,1519.75,47,2024-07-01 10:47:00
da4f5c97-54ec-4fa8-b422-a593cca1cd5f,46,327,20241011,59.99,2,2024-10-11 07:47:00
9363b68e-835a-4fd9-9140-d51d1e838808,31,189,20241025,1069.27,40,2024-10-25 14:24:00
e8295e20-e710-4368-b1a3-481af7522e59,18,269,20240621,962.88,32,2024-06-21 16:08:00
aa1eb0b1-e986-4e9e-9726-32b0136c291f,11,92,20240704,1212.44,25,2024-07-04 03:49:00
b157e5f7-3589-4aa5-af6b-64f9782972e3,13,96,20240629,1233.94,17,2024-06-29 08:28:00
f196a22d-2fdf-437e-82a5-540ff315c63b,27,565,20241119,33917.6,5,2024-11-19 12:58:00
81a6fd83-c2bd-4db0-8353-4f26e6e8ae53,19,11,20240813,166.5,8,2024-08-13 14:32:00
d9db341c-329e-40ab-8b41-83292bb5ccd4,13,963,20240827,1443.44,8,2024-08-27 13:39:00
7f710222-8f08-45e8-92de-08dea97683b6,4,764,20240918,1905.62,18,2024-09-18 00:18:00
2ed04a8d-e605-41ee-bd92-5db0547c3352,18,798,20240714,705.53,20,2024-07-14 00:06:00
0ce47725-537b-44e8-9c42-f57ed1d30abe,18,184,20240610,1517.06,27,2024-06-10 14:25:00
aefac367-0d3d-4aef-b97f-9ee0d19757ae,1,596,20240915,1309.2,50,2024-09-15 03:29:00
bcad8014-2df5-4db6-8464-9251b7f08e63,1,119,20241122,103.94,28,2024-11-22 00:28:00
92271814-f22c-42bc-b23b-4bc70d3bcf96,18,128,20240928,369.38,2,2024-09-28 01:25:00
d6dd21cb-fdd9-4ff9-a659-9c74137bfb2c,22,5,20241120,164.73,13,2024-11-20 05:29:00
ef7bc9a6-af64-4a94-8104-b57ad2272249,21,185,20240828,1875.13,20,2024-08-28 17:37:00
d4f490cd-76ef-46bb-8680-ec552d863378,23,906,20240714,1122.98,9,2024-07-14 03:17:00
b3dce4ea-e566-4de8-abf9-28aa68f0a3c1,2,81,20240823,610.54,47,2024-08-23 21:34:00
90b437fc-e6d8-48ea-9d79-95d537c8a1cd,42,881,20240712,176.88,14,2024-07-12 18:18:00
ee80438b-17a8-45fc-9e70-109412ce7aad,10,13,20240922,942.25,17,2024-09-22 09:50:00
31ae0c61-4dd5-44a3-83b1-312356f4feba,22,261,20240823,406.45,16,2024-08-23 18:03:00
f05c1bba-5aad-4d6a-9d20-c81e905eac13,19,289,20240711,419.23,28,2024-07-11 15:37:00
c9c3b17b-67e1-4b5a-8e9f-a142c332c4f1,19,226,20241013,539.2,1,2024-10-13 12:50:00
7626c5dc-b020-45cd-bdbd-aa49a9b9d5ca,41,338,20240909,944.2,17,2024-09-09 15:06:00
9bf52172-6993-4aef-b4e0-7cee018768e1,34,854,20241023,413.99,49,2024-10-23 11:29:00
85ed3402-9c6f-4af0-859f-c8a2051717fb,5,474,20240810,1575.3,9,2024-08-10 12:38:00
77547f1b-0b7c-4ef4-a563-d4864194b839,5,331,20241018,1530.74,2,2024-10-18 19:04:00
de494ead-089c-445a-be80-2594c4fe4e4b,19,380,20240829,1678.54,11,2024-08-29 01:53:00
58f0e058-eb22-474b-bbf8-c83465292fcb,38,658,20240831,1637.19,44,2024-08-31 04:58:00
b49d4b42-33da-4406-a11a-3bf4a4170c84,12,359,20240805,90.65,36,2024-08-05 14:07:00
f9fbaad5-f8a1-4a05-861b-3311407e0d61,22,283,20240607,688.51,17,2024-06-07 02:34:00
f1e9755b-30dd-4d68-9c00-e893a9df3218,4,138,20241109,1920.44,8,2024-11-09 14:16:00
c6953592-30b6-4e0e-9784-141afe6a5307,25,50,20240715,1848.72,43,2024-07-15 17:17:00
ff727a63-d0d5-45a5-9f6f-16e66699473a,2,724,20240902,859.85,24,2024-09-02 16:07:00
18373228-005a-49ba-81f8-aade8284b030,33,381,20241108,1230.15,34,2024-11-08 05:32:00
4372883f-7cfb-4b43-967b-9bce2af33b13,48,312,20240626,78.43,12,2024-06-26 00:28:00
4881f192-c28e-4c50-864f-6b388f5f44c9,9,350,20241013,798.2,22,2024-10-13 02:29:00
5678c6a7-262f-4498-9087-946ed162e619,46,685,20240930,254.28,15,2024-09-30 11:25:00
1df40ada-d0b3-4e9e-bfc0-004c7fbf43c4,12,270,20240930,624.39,5,2024-09-30 07:56:00
fbcbf867-0cc7-4cd1-a97e-8472927558b1,46,48,20240811,1375.67,1,2024-08-11 18:09:00
6fc96756-6466-465a-a0ec-8b8f845bbd17,5,994,20240905,1888.18,32,2024-09-05 23:21:00
37596511-d0e8-41d4-bac3-f684ff742ca8,19,820,20240611,1287.83,45,2024-06-11 19:17:00
07643cc5-31f1-4f6c-8927-e91c43c469f4,1,466,20241112,1815.58,8,2024-11-12 08:01:00
9b723f57-290d-44d7-b70d-f9774821cd80,30,483,20240628,581.46,9,2024-06-28 14:16:00
842384ae-4c8e-4a70-8f28-97d4803c3db0,17,537,20240813,72.08,35,2024-08-13 07:25:00
54453a50-f965-4bb4-9096-ce82b243679e,48,212,20240904,1583.62,11,2024-09-04 23:41:00
733c0a4a-a8dc-41b6-89b4-1304267f7713,10,835,20240905,1154.5,40,2024-09-05 06:14:00
f89e0f4c-dd7d-4124-b894-fb5a9b7ace7d,40,662,20241110,1268.37,9,2024-11-10 16:24:00
759b4dbe-1bf5-4de6-8bbf-d7dc5f58a7c3,28,87,20240703,1931.58,42,2024-07-03 23:04:00
d9008b4d-b46b-46be-81a4-3db2c297af70,39,474,20241003,474.87,26,2024-10-03 04:07:00
61a81e9e-a844-408f-b21c-bb3cb42541db,32,353,20241015,1919.33,39,2024-10-15 08:59:00
cf00ac2b-83db-4017-99a0-c8e010e15201,50,298,20240815,559.12,27,2024-08-15 21:06:00
521e685b-ac2c-499a-8d1a-c3801b561a5c,31,534,20240925,869.76,25,2024-09-25 23:25:00
58205b9f-0d77-4619-a985-3db91b89c836,36,371,20240630,1080.74,13,2024-06-30 20:31:00
d6289a6a-ae47-48bb-aee3-5a9cd4d37417,19,839,20240805,505.35,22,2024-08-05 12:27:00
57c7af21-6917-41f3-91af-7b69791b5b09,11,492,20241028,1239.97,27,2024-10-28 23:32:00
172d1860-6559-44bc-add0-af5192200f73,46,160,20240821,1671.89,38,2024-08-21 04:01:00
9a1dac04-7c77-42f3-9829-291cf5124624,38,299,20240717,1517.42,12,2024-07-17 09:27:00
140368c0-e568-4a1e-82d3-d33418283eb2,50,707,20241102,575.0,29,2024-11-02 21:24:00
a7377806-58ba-4fbc-8658-83d40f7d0da7,5,317,20241026,1024.53,26,2024-10-26 09:45:00
52b66abf-667e-419e-8968-49792ee50159,42,823,20241116,878.17,48,2024-11-16 11:18:00
5eac8f37-9a30-479f-8197-e4ad2b64ada3,32,665,20240811,1636.43,49,2024-08-11 03:36:00
f5ab1354-b3ba-4af8-827f-cb98caaaf2fb,8,383,20240709,1201.67,14,2024-07-09 05:38:00
e0cb5ff3-ddf4-43e4-9065-aefb69b515f7,32,895,20240915,1658.87,7,2024-09-15 14:26:00
b399b53d-9cdc-4346-8767-94321b331765,50,673,20241020,1813.49,12,2024-10-20 00:09:00
7bde6776-26c7-4468-9080-add6b40534b4,34,432,20241009,1921.33,4,2024-10-09 16:14:00
025d6dee-054b-4bbc-973a-0c52dd6d0b0d,26,151,20241016,1207.42,37,2024-10-16 01:38:00
670911e6-779f-45d9-9d49-0973c2c19e0f,44,651,20240829,509.49,47,2024-08-29 06:20:00
3e4891fd-ad7b-4ec7-801e-22476bb31ffa,43,428,20240714,1434.54,19,2024-07-14 03:43:00
962d48e2-a395-42e3-be67-209304c51352,43,715,20241116,264.3,40,2024-11-16 04:28:00
6e35af3d-ddc4-448b-aebd-d37badd28a9a,7,593,20240825,1126.26,33,2024-08-25 23:02:00
2172c17d-b1d2-4693-bbb4-387bf118ece5,24,809,20241105,878.03,25,2024-11-05 05:21:00
09f4c20c-e04e-4135-b6f8-b41ba15701cd,46,495,20240624,1865.71,24,2024-06-24 23:33:00
46bfe408-7fe2-4081-818d-2648d06f55cb,12,640,20240602,1664.4,3,2024-06-02 17:35:00
d378a8e3-1545-4afd-9085-929c84d927ee,1,479,20240810,1666.44,33,2024-08-10 01:47:00
06c079b1-9818-43c6-945e-8f50c154b881,26,153,20240603,407.02,31,2024-06-03 10:57:00
0a3361d9-401f-4d50-85cd-d2219625338c,15,138,20241114,316.11,15,2024-11-14 06:30:00
bb95a56c-e3ed-4fd8-ab15-85e6f77531e7,49,991,20240821,1856.11,40,2024-08-21 19:15:00
d032fef6-c031-4b1c-a7a3-06ae52ff0ebf,25,201,20240622,1018.55,19,2024-06-22 05:00:00
b18fdca9-0158-4b87-b266-1399ef53be89,34,47,20240828,1776.39,43,2024-08-28 14:09:00
a8bd9712-7db8-492d-88bd-033ea039a098,11,268,20240922,98.92,13,2024-09-22 02:06:00
5b669416-6119-43de-8d89-6766563e9731,32,566,20240609,838.03,31,2024-06-09 07:20:00
2cbf338f-ecf1-4a42-b5e3-e21c43a69481,35,927,20240718,991.5,5,2024-07-18 15:49:00
9ebf08e3-7f0f-4efb-bd29-87920d46c3f1,41,441,20240822,1038.8,4,2024-08-22 23:47:00
20658614-589b-422e-909b-7fb29b9aedbc,14,336,20240813,1160.32,33,2024-08-13 09:03:00
8a1d3c15-b7ce-4dec-89ac-6cd99ef5d5f2,33,498,20240824,1290.22,34,2024-08-24 21:46:00
e068541e-9f32-4d9c-81fc-4439e2659646,20,164,20240626,1528.88,5,2024-06-26 14:32:00
9ded0d47-6e5a-4ab6-a7d8-67bae6a4a8fe,29,132,20240722,1981.73,32,2024-07-22 17:05:00
960172a5-336e-4627-b871-e304b3a5a522,43,733,20241012,1054.41,7,2024-10-12 20:45:00
02fc250f-80e8-41be-a460-bf64e86b754e,49,857,20240813,507.01,34,2024-08-13 06:27:00
afd9d667-7e4b-4b3a-9582-f40e43ded1aa,27,769,20241105,1055.98,45,2024-11-05 17:34:00
6227f654-05a8-4fad-9d25-e28d2cc3d6ad,20,407,20240815,392.19,18,2024-08-15 10:15:00
b7fa0eaa-5237-4102-98bc-b38c09b90dd9,24,31,20240913,1283.71,5,2024-09-13 04:09:00
3dbf7748-2195-41e4-995f-92a91cfc99e4,15,163,20241010,946.59,21,2024-10-10 04:25:00
6063917d-ab6a-48c5-95db-064e53776fb3,47,106,20240611,658.75,23,2024-06-11 11:02:00
90a9e2f0-c3b7-4109-83fb-1bc2a7012bf6,22,114,20240614,291.86,39,2024-06-14 14:54:00
56a7c108-de21-44e8-9971-54fa48edd040,15,460,20240910,190.4,43,2024-09-10 18:55:00
27845a96-fbaa-4ae1-a5b5-4374c97e46af,47,967,20241017,833.15,25,2024-10-17 18:55:00
5f41a66e-8328-49de-bf4e-e71c6b3efe40,9,443,20240709,235.36,29,2024-07-09 03:32:00
fccc65f8-cac1-4268-bfd4-cb25d5442444,42,539,20240809,188.33,45,2024-08-09 23:08:00
531e98ec-e7cd-4331-a0a6-38f35db5743e,49,855,20240912,1142.48,14,2024-09-12 14:52:00
2da67096-9511-4357-bbc0-5790530e5e9e,17,477,20240904,733.7,15,2024-09-04 08:43:00
44a70ad0-23fe-4bc5-b7ee-d8b4afeebd1e,48,314,20240809,1015.07,44,2024-08-09 15:57:00
92038f73-6257-445e-8848-d2bf56a0c5c2,4,163,20241010,1708.34,24,2024-10-10 22:04:00
10ff41e1-1ca0-4e63-b488-2b32011b8e1c,40,931,20240723,228.94,15,2024-07-23 08:31:00
b5e81fe0-160a-41c6-9383-31f340785edb,9,605,20240625,913.57,16,2024-06-25 18:33:00
9ff92f47-35aa-4de8-8d1f-be140852933b,37,585,20240608,1881.37,41,2024-06-08 05:48:00
cf54a8b5-b5e7-4512-952a-90c15e6e9b4f,34,924,20240915,1362.56,3,2024-09-15 18:52:00
68f5c07b-a77d-4be0-b0c4-568d1c56ddd0,34,940,20240620,1915.76,6,2024-06-20 18:43:00
5bf78503-9ac1-40f6-b847-d1e4f27cf02e,45,440,20240602,1029.63,39,2024-06-02 15:22:00
f3e1648c-2894-4408-b5a8-f7d98deb630a,24,650,20240724,413.65,48,2024-07-24 06:11:00
56b769b8-1d56-4a87-b30c-523b32ed932d,46,846,20241105,1791.33,4,2024-11-05 03:37:00
936a2023-9c9b-42e9-bcca-26da8832523f,2,396,20240714,69.78,13,2024-07-14 07:48:00
9838c8de-a242-4481-8692-413554e764e7,25,625,20240810,1170.04,20,2024-08-10 14:59:00
7cfa5695-62e9-40e7-935b-a451f1868f7b,43,824,20240703,432.0,1,2024-07-03 08:06:00
b140dc12-6c76-4d6c-a716-5cec4d4ded30,16,20,20241118,1090.38,30,2024-11-18 16:33:00
a52e9009-5682-4d14-a358-4079e990c16a,31,656,20240826,487.55,28,2024-08-26 01:00:00
4060756a-d8f1-41f0-ac6e-6eff09e85a76,2,427,20240825,1552.55,5,2024-08-25 10:18:00
780fbec8-460d-4ec7-b592-989072025a3a,39,255,20241118,279.95,17,2024-11-18 14:50:00
3026c430-3585-4c7e-a276-900089899889,48,400,20240919,631.82,41,2024-09-19 18:00:00
c69d4954-5598-4382-abc8-4ec9fcc30591,40,306,20241109,697.83,8,2024-11-09 09:39:00
bd55568c-6cce-46b6-afd7-b37ccec26759,31,50,20240611,1800.08,28,2024-06-11 12:30:00
a42c6ce4-98f6-4719-9592-14fbff048edf,34,675,20240611,1758.09,30,2024-06-11 19:33:00
239aefb1-701e-419b-ac67-f82e0fe5161b,21,537,20240819,1926.03,45,2024-08-19 15:38:00
49f44add-929d-4593-9a38-e5c30107d12b,11,331,20241031,1476.5,20,2024-10-31 10:51:00
514b85ea-948b-4237-99a0-ab46b61bc5f9,1,720,20241104,968.44,33,2024-11-04 20:28:00
74cb0671-2af4-4c12-97f1-55ad206ff18c,33,205,20240615,1641.18,5,2024-06-15 19:57:00
5bdcfc81-d638-42d8-b0fe-fa3b2783c535,48,714,20240907,1788.68,45,2024-09-07 16:21:00
2fd1fb6e-f14e-4e34-8299-b6f81cb0020c,42,723,20241102,341.51,35,2024-11-02 17:48:00
57cd82a9-98e9-4891-b70d-fa81771660c8,13,950,20241001,1791.12,26,2024-10-01 17:49:00
97f8f022-910c-45f4-bae7-bf1a99a06911,35,672,20240919,1427.63,10,2024-09-19 12:07:00
a48e060d-dbe0-4667-bca1-6e80d7f1bd32,2,464,20241115,386.05,15,2024-11-15 11:44:00
ed8e6f61-b894-44db-a10c-33e85b071595,17,497,20240608,1583.19,25,2024-06-08 11:14:00
ddb5737f-6954-4c27-8866-a1ebbab1525a,28,523,20240814,909.39,40,2024-08-14 14:11:00
8b4c5b33-8227-45e5-a0b6-195044e2d218,29,984,20240901,153.49,23,2024-09-01 22:00:00
16e22da4-82ee-4b60-9c55-a1d5997e45d9,45,823,20240812,186.19,13,2024-08-12 18:38:00
bfee6990-d680-47f3-aae0-aadc77f3964b,11,855,20240829,682.37,8,2024-08-29 03:49:00
c173ced4-664d-4a74-8376-03d7d6703b90,26,930,20240601,1650.27,41,2024-06-01 14:17:00
1f428bb4-f0e5-48ed-b1b4-19819d9c6206,35,361,20240731,1350.0,48,2024-07-31 14:06:00
7e06b409-84c6-4bdc-a809-5da9765bb5c7,47,818,20240916,464.44,22,2024-09-16 05:23:00
6984ee3a-81a0-46c1-b9f1-7a26c0c61a01,15,690,20241016,1627.54,26,2024-10-16 00:24:00
5bb80555-bcaf-4b97-840a-f3c55fd6953b,45,435,20240910,1835.93,46,2024-09-10 18:45:00
09dac6c3-bc91-44a8-b918-1761d49482b3,14,354,20240822,1964.51,14,2024-08-22 21:07:00
32e10f1e-eacb-46e8-b975-70d41c81cc4d,15,757,20240730,949.96,9,2024-07-30 07:48:00
9510570d-0865-4b8a-8c43-b6312fc26f5a,37,707,20240905,1421.46,42,2024-09-05 06:53:00
6b2e88b3-09ec-4544-9279-315714acd109,1,79,20240615,960.33,27,2024-06-15 09:10:00
49e63e09-5eb6-4e6c-a79c-403ed0b91f34,12,432,20241106,1641.34,2,2024-11-06 14:18:00
51c61462-52c0-4945-938b-2adc42cf26f8,14,670,20240621,1522.99,24,2024-06-21 15:36:00
ddccf5ba-709d-4c5a-97df-95cbfb3b0fee,1,742,20241124,1999.56,1,2024-11-24 07:46:00
aa0e2e05-195f-4ae0-8fe2-6618315741f3,24,465,20241103,500.22,41,2024-11-03 03:26:00
d2d0e7f2-3bb6-4c39-9028-8c251ba95a7c,8,901,20240714,359.67,39,2024-07-14 22:19:00
8b5f8516-3295-48df-8972-ed5405d13931,18,478,20241005,459.46,27,2024-10-05 22:48:00
984fcea9-3882-43f4-97cf-eaaeae2c55fc,16,898,20240622,926.09,36,2024-06-22 19:23:00
a96b1929-3019-4b8e-93fc-8e7eb724063b,25,941,20240805,1113.1,1,2024-08-05 22:24:00
cd392ab1-0aa8-44bd-bc98-3a09f92f2bb8,6,196,20240605,243.42,44,2024-06-05 10:12:00
db3d9db7-a7ee-4f97-b412-c714d9e9b35e,39,266,20240803,371.52,2,2024-08-03 20:08:00
61cc4fd0-2a45-4142-bbad-f428d5256cff,14,116,20241022,646.45,11,2024-10-22 08:14:00
1cb3052a-7186-4dc7-8df3-8eaa796337fa,34,681,20240802,1073.22,33,2024-08-02 18:56:00
03ffd895-7820-4bbc-9d16-a155d442c310,39,91,20240726,1501.37,22,2024-07-26 00:00:00
2f133b6e-797e-4cb0-a1b1-cdce65e2c77f,33,87,20240617,1235.06,30,2024-06-17 11:43:00
c13384d4-6d32-4308-914d-7e98cb02fc46,47,380,20240723,1919.85,50,2024-07-23 00:27:00
399d3c8e-0032-4594-bc12-62efabea7982,41,7,20241028,1206.1,24,2024-10-28 12:42:00
200bc50d-d978-49f6-b929-dfa69912d438,43,858,20240609,788.88,45,2024-06-09 22:41:00
b2efc25d-fda9-4893-8759-6cc10729bf5c,26,61,20241028,935.48,47,2024-10-28 02:52:00
345da80e-c29f-457b-8872-6cd600cbc64d,26,713,20240727,1573.86,43,2024-07-27 14:47:00
31bcbd56-f9b5-46ad-80ff-a06613a3ecdd,14,446,20240818,1385.57,29,2024-08-18 09:09:00
4a632644-097d-4623-873c-9a6bca73f253,8,129,20240929,392.31,42,2024-09-29 17:30:00
e9b5194e-76a0-4ca7-9bb1-6a14e3e2970b,36,950,20241103,766.56,38,2024-11-03 01:24:00
c9e64e0d-6a71-4634-9e1a-c969567be51c,27,163,20241021,1610.23,13,2024-10-21 05:26:00
c53674cf-2451-4813-9bf6-f15d9bd0b3ef,38,851,20241126,1592.44,47,2024-11-26 11:37:00
323fc251-33b3-426d-9aee-dd9529815924,19,214,20240829,269.88,10,2024-08-29 08:30:00
be63fd62-e3d4-44ed-9d4d-987453d9ea01,6,384,20240911,190.38,6,2024-09-11 18:01:00
e360f1a5-2b03-4d45-b73c-f20e938ffc7c,42,731,20241122,1490.28,17,2024-11-22 11:04:00
e5b997a8-8ec4-4d74-8a60-4db2b0b5c45b,7,821,20240921,1967.2,26,2024-09-21 18:49:00
0c2a3559-ad5e-4343-b5c3-d808bf2905d7,23,147,20240924,1502.1,31,2024-09-24 08:05:00
55b83f70-04a1-4ce7-8432-87bead0f5699,28,700,20240905,1449.75,9,2024-09-05 05:37:00
604edf71-36f2-4f28-b40a-476e972657b3,6,290,20240708,694.94,34,2024-07-08 22:48:00
9cffa56a-924a-4cfe-80ca-009f50814f07,23,247,20240927,1667.01,3,2024-09-27 19:04:00
07b8892f-8856-4d69-9143-037b03d84f30,25,479,20240616,1498.07,16,2024-06-16 10:59:00
47e5db60-f622-45a9-b098-3e5c60694b74,12,3,20241019,590.27,11,2024-10-19 09:33:00
96e86321-684b-4bc3-8fc0-29c740573c79,50,266,20240610,604.68,34,2024-06-10 23:59:00
88fe6b17-af07-4be1-895e-e1c903d4232f,37,984,20241009,728.98,36,2024-10-09 17:09:00
31117517-14cc-43b2-b977-cca517e033bf,29,396,20240809,792.17,30,2024-08-09 11:40:00
08456e2e-3fbe-4c04-bb21-171d2796058f,9,522,20240625,420.92,23,2024-06-25 03:51:00
75e0ccd6-2163-4594-9612-23c3c23214ba,3,823,20240730,377.25,10,2024-07-30 13:24:00
c491d498-c517-4a54-873b-bae94a4c9eaf,5,907,20240818,1071.06,41,2024-08-18 23:52:00
84cb5504-73e1-47a5-a5b8-e301cfc0cda7,9,111,20241028,1688.45,40,2024-10-28 06:09:00
307e5490-5ca3-4d8b-9641-b245b525bf2b,22,749,20240929,1299.41,10,2024-09-29 19:22:00
3354f398-04b2-4b2b-b498-bcd50d3eb155,50,747,20240816,85.71,41,2024-08-16 00:01:00
67069f46-f331-4f04-8bbd-bbcb12367df3,16,895,20240810,443.61,43,2024-08-10 13:50:00
5b8edc46-3fc6-4af7-be26-7caf5f428c30,31,346,20240910,1114.82,9,2024-09-10 22:43:00
bca98969-3411-4d65-b874-68831da01097,22,399,20240712,1993.15,43,2024-07-12 23:05:00
4f20afae-81f5-474a-b9be-95773d9d435f,27,268,20240918,590.81,40,2024-09-18 01:25:00
a22c4e42-2fd3-41b5-9929-188a3d001495,11,256,20241020,652.73,24,2024-10-20 01:55:00
769aeb13-7f17-4ed7-96a3-f7ebd605669c,2,902,20240821,1371.65,22,2024-08-21 13:05:00
18084591-21f0-438a-b051-c3a56e18e3a2,33,743,20240724,218.65,26,2024-07-24 05:47:00
2910bc63-fdc7-4fb1-9584-45975f39437d,47,981,20241009,1314.36,39,2024-10-09 06:07:00
c899196f-7d1f-45c4-b2e8-b4e4d1d121ed,17,819,20241127,311.24,37,2024-11-27 15:12:00
88d874fd-d3ab-4965-9f6c-7fd32d68391f,37,226,20240720,487.75,11,2024-07-20 02:50:00
5bc5bab7-fb58-479d-ba36-2434b3332e18,21,970,20241024,357.93,28,2024-10-24 07:06:00
88ce1a7c-a8bb-4422-a944-bee9e74e374e,48,44,20240630,1776.51,38,2024-06-30 02:10:00
3ff8ecb4-7b66-45a4-91da-ac8b655893c2,34,553,20240730,510.66,37,2024-07-30 07:59:00
bdfeaa88-2834-4e86-b918-98d0a7bebb76,31,949,20241025,899.05,50,2024-10-25 22:20:00
22725224-b400-4676-961b-156d8e95529e,7,519,20240627,235.75,14,2024-06-27 22:00:00
4638b5bf-0332-4fab-bde2-7df7bcb2854b,28,556,20241126,431.56,16,2024-11-26 11:11:00
dfa8f964-093c-46d2-9edc-08f1cda38732,24,569,20240815,809.63,32,2024-08-15 01:45:00
e306236f-f994-4617-8bed-5511040bd91d,16,52,20240914,926.34,6,2024-09-14 12:59:00
a59fa7a8-c2c0-4523-8a1b-40e5861d1ac6,41,302,20240608,531.16,50,2024-06-08 23:33:00
fe3ed292-f05a-4dcc-9503-4b1ef943b797,3,436,20240706,468.8,2,2024-07-06 22:11:00
0a6c8159-d027-41b1-aac4-b5d405737b54,28,44,20240614,1869.78,9,2024-06-14 20:09:00
6f90da91-1d8d-498e-b79e-a7340d71deb2,14,768,20240605,113.88,11,2024-06-05 21:54:00
532c63ea-6bec-4b07-9ff7-a35d59fb015e,38,964,20240801,1635.23,50,2024-08-01 18:15:00
4e5854ba-4d7a-44e2-b308-87fdae5de48d,15,743,20241127,886.45,8,2024-11-27 08:33:00
19d318e7-b40e-4b06-9b5a-f23a995d4b6a,9,84,20240622,65514.97,16,2024-06-22 06:02:00
99b0fc39-720e-414d-a22c-4c1c12559e4b,33,125,20240716,1782.8,43,2024-07-16 11:07:00
d713ed17-c466-4901-9bd7-041dec5268a4,43,614,20240823,789.38,29,2024-08-23 22:43:00
303524ee-e12a-4516-a4eb-d51c0f303fe9,19,871,20241023,1826.83,14,2024-10-23 20:52:00
143d7c92-ac13-4e50-85f7-1a033a00ad75,17,441,20241029,385.89,6,2024-10-29 22:08:00
5ff96070-cd2f-4e13-aa17-66b9c8de5e00,13,408,20240917,1040.61,15,2024-09-17 17:42:00
2293c9e6-0e49-487f-b7b9-21f8488383ef,42,293,20241109,127.78,40,2024-11-09 19:29:00
b0a78c77-e72d-4be3-bb03-7b7d11a67d5a,3,41,20240707,133.83,19,2024-07-07 09:08:00
e660b3ee-47e7-4cbc-9077-04d2d7047de7,43,58,20240613,404.53,46,2024-06-13 00:20:00
10882655-c560-4e3f-93a9-46f78213a8f7,2,369,20240924,761.14,31,2024-09-24 10:12:00
3dabf80d-8222-431d-a36f-3243c5b130d2,28,452,20240601,103.52,3,2024-06-01 17:42:00
654d98af-00ca-47e5-bb18-f7eef4a557ad,43,82,20240623,1699.46,31,2024-06-23 01:36:00
f97b6c5c-f368-4f83-bd34-a83e0240c7d7,16,753,20241125,1392.59,15,2024-11-25 08:34:00
cd405626-f13f-45ff-a58d-1db7aac44221,18,358,20240905,833.9,19,2024-09-05 05:29:00
b335b13e-0166-4762-b34d-36d7ace57f79,6,382,20240902,1387.43,7,2024-09-02 14:08:00
684c8602-2ab2-4153-8edc-120b5a7aac66,43,435,20240924,812.78,28,2024-09-24 18:05:00
947beef2-28d1-43f4-809a-c3413def8048,3,699,20241112,1955.97,23,2024-11-12 16:33:00
fff23eef-7fa3-4d64-bc60-4440cad7f3db,29,885,20240827,1824.27,37,2024-08-27 19:20:00
92fb2328-1012-4201-bdf8-b7647988907d,2,699,20240905,1712.22,37,2024-09-05 21:33:00
494cf6d8-fc7b-4688-99cf-6c56537afe6e,7,151,20240704,429.93,43,2024-07-04 16:44:00
b5a1cc1d-c598-4c34-b761-49c6897803b0,16,986,20240925,48945.03,13,2024-09-25 09:20:00
f350e2b1-b3d1-42de-9387-98a0126629ed,23,855,20241026,1171.4,10,2024-10-26 07:46:00
79915362-a0e8-4977-afde-78af8288dc7c,1,282,20240925,178.68,35,2024-09-25 22:17:00
1b98d07a-09d3-49d0-9301-6a1caf278890,23,546,20241108,1854.64,1,2024-11-08 01:08:00
67ce491b-5ba2-499e-953e-e14107908cd4,24,279,20240908,958.53,10,2024-09-08 03:51:00
ecba1c9c-9be0-49f1-9023-e4ae7d3184ad,4,851,20240913,647.43,30,2024-09-13 04:24:00
42ecf1be-0c82-41fb-b40f-bdf8b837cb81,14,63,20240730,395.85,40,2024-07-30 08:38:00
701dd5c8-912c-419e-b80b-0e58b8aece55,41,818,20240607,172.23,17,2024-06-07 05:42:00
c5566778-706a-4146-9ac4-5ddbd23364a6,32,341,20240713,851.3,3,2024-07-13 06:49:00
05f3f499-c241-4766-92c2-52783f6ea6fd,14,116,20241105,657.87,40,2024-11-05 21:59:00
71585a4b-1881-4203-8bf4-9d8e5cc7568b,49,968,20240704,1576.16,26,2024-07-04 13:40:00
28bb1ba9-f145-44e4-a0c6-7c8726ffca4a,34,364,20240727,1205.03,38,2024-07-27 04:19:00
d3155317-2eb9-4cdf-aa93-1549f5a8fab8,47,17,20240707,76.84,7,2024-07-07 15:43:00
424678c3-a1a8-4c98-b873-9f22284f564a,13,22,20240912,1078.91,47,2024-09-12 18:07:00
0db23dbb-a2d1-4b22-b7ff-7b7dd9555d32,40,541,20241114,1417.36,27,2024-11-14 17:09:00
c911da40-518e-4f73-9d63-f226124db0b8,4,547,20240621,476.92,34,2024-06-21 16:25:00
bd80ebad-b475-405b-b2cb-f7ec2c69350f,27,676,20241019,537.33,29,2024-10-19 03:48:00
bdd0fcbc-1421-41fa-bd2d-a62e1837aa6c,39,37,20241021,114.7,42,2024-10-21 21:59:00
23f96dd2-4a72-404e-b253-6c006a925135,4,215,20240731,1427.2,8,2024-07-31 09:36:00
9b941244-4ac1-4589-8dfe-af59d74209d1,12,917,20240909,1728.66,22,2024-09-09 18:46:00
cc3407fb-7c4a-4eb6-bda1-1682272c5ecb,49,947,20240727,1240.8,43,2024-07-27 20:03:00
929e0b6d-4e45-421a-bcf4-0d5421b409d4,49,37,20240611,1722.92,3,2024-06-11 06:59:00
f86712ae-451c-4114-8a31-5908eb3d0c1e,11,73,20240819,371.06,42,2024-08-19 09:19:00
f306d27a-a078-4ee4-84f8-23ff048fbbdb,44,351,20240627,1743.15,12,2024-06-27 22:32:00
e1bd234c-03f7-49a9-a3ff-98ab4cc240b1,3,733,20240610,1727.36,10,2024-06-10 05:41:00
ce4cf085-e554-4792-9b9e-1a7b1ea79df8,12,269,20240605,890.19,35,2024-06-05 21:10:00
cc1df85f-30df-493c-8c5b-a22798fff060,32,214,20240707,324.33,1,2024-07-07 05:30:00
2441109f-a874-4fd9-85ce-5ace02741ca7,20,213,20240709,1833.97,43,2024-07-09 13:12:00
9c83d10e-9f88-4739-8430-3a5947adefbc,3,14,20240702,997.11,24,2024-07-02 15:09:00
696c8e91-288d-4784-a2f0-0a2e69e67412,2,518,20241008,791.6,17,2024-10-08 08:35:00
5b287e7a-70b9-4d26-bfb6-aa10caf04028,5,571,20241011,1737.93,36,2024-10-11 14:04:00
7d552bf5-ee23-45a2-a390-7224155025ac,22,600,20240908,1299.82,35,2024-09-08 12:50:00
99141c63-2772-41c1-bd4b-50e57e4198d4,36,380,20240625,524.66,5,2024-06-25 07:43:00
35447090-e49f-4eae-a0f0-a46b4fcb727e,19,298,20241124,510.07,28,2024-11-24 08:28:00
a59626ab-d466-43d6-ac3e-750ca9e69f9b,48,845,20241018,1146.88,14,2024-10-18 07:31:00
a8149ec8-c41f-4ea2-ac7c-91eab884546b,13,31,20240712,420.7,50,2024-07-12 23:27:00
58df371d-bc8f-4f5c-9ca2-98b2a1bece83,35,902,20241104,1810.58,8,2024-11-04 01:38:00
508245a4-4a5a-4142-b07f-dd98f1c79558,9,942,20240713,912.71,29,2024-07-13 12:53:00
c169686a-d1b6-42fa-b97c-869d80bd81bc,4,521,20240710,650.02,9,2024-07-10 06:45:00
3b4eceeb-afa2-4e76-9e26-1fe7c995dc2d,21,829,20240802,326.47,8,2024-08-02 13:06:00
35cd6336-898f-4a15-8c89-36d430f7d5e8,16,448,20240629,1899.31,27,2024-06-29 18:45:00
479e021d-8df1-41b1-92a6-a7c7772ea24f,33,797,20241123,1827.95,31,2024-11-23 09:42:00
861bf633-454c-49f4-8315-6f6de87de8ac,35,831,20240826,1305.34,32,2024-08-26 23:52:00
3567571b-ff9d-47f4-9146-34a33557f469,43,815,20240913,1652.42,40,2024-09-13 14:37:00
2d91414e-cd52-4bdd-bde1-e1f6254b5692,6,767,20241008,716.42,45,2024-10-08 01:37:00
c04e23fe-605e-42b5-90c8-f32392ffd80a,39,90,20240709,1241.13,12,2024-07-09 09:24:00
30f3e757-9e6c-4f18-b65d-e6318a470dbe,45,517,20240627,1065.53,16,2024-06-27 04:14:00
92bb8c37-34c6-4ece-b856-5555ae6a1a37,41,674,20240615,1999.84,5,2024-06-15 18:46:00
6924f0f2-fe2e-43c1-bacc-423ebf14b576,27,709,20240610,376.32,9,2024-06-10 10:21:00
e7d93ede-bdba-4271-8223-6a5a2be6c025,8,120,20241117,1859.0,21,2024-11-17 16:55:00
75e4da11-074c-41ca-b772-24bc935463c9,45,535,20241114,1128.81,43,2024-11-14 12:58:00
70d91d90-3b56-45cb-8f63-4c2eb38cf3f7,9,614,20240810,336.19,25,2024-08-10 00:20:00
8bcdf095-c2f9-481a-af75-cab227842744,10,300,20241103,1118.91,32,2024-11-03 15:34:00
6a4a4b9b-5375-4bf2-bb9b-dc64f2f41d7c,4,872,20240618,624.74,38,2024-06-18 17:31:00
4f748cf4-2d19-4f2e-afdd-ccb293b52050,48,590,20240712,964.45,18,2024-07-12 18:46:00
9e750442-8476-4282-a2ed-b7c9fa974068,21,593,20240717,1934.66,4,2024-07-17 17:46:00
02a748f2-db90-40ce-8066-2bc2dbfea2e4,24,199,20240628,898.78,31,2024-06-28 11:27:00
b7f33c3a-737f-4010-bd90-d806ced6303a,17,999,20241117,745.07,12,2024-11-17 01:33:00
b130ad78-58cf-4e88-b029-59d17cbe6c25,22,388,20240728,355.17,16,2024-07-28 18:40:00
462bf5b0-3bdf-4ace-a211-c400aa8495b7,39,380,20241101,53.64,21,2024-11-01 18:20:00
2784f22e-0468-42ed-ba62-22a45e64aa26,10,741,20241111,677.05,9,2024-11-11 10:03:00
6c7b62a8-3a69-4c7e-a81d-dce12f593f6a,34,250,20240915,257.28,27,2024-09-15 11:47:00
081059a4-cb9a-436e-9cb5-b0ecff1f5958,12,149,20240714,1542.09,2,2024-07-14 04:00:00
a84c622d-8d31-43db-86d1-0e0c14ade8a8,28,8,20240813,1587.06,33,2024-08-13 22:04:00
9acc994a-d13d-48a2-9d84-9ef72ca12249,1,591,20241007,1395.95,12,2024-10-07 20:15:00
eb166467-8ba5-43d2-b7b7-b42128902a4d,16,606,20240828,1427.09,31,2024-08-28 20:35:00
36b90fb0-6b30-4f0a-865e-a68fe0aceeb2,16,248,20240718,1083.18,10,2024-07-18 14:08:00
173667df-e9d3-41da-b152-914f160b1e00,27,235,20240617,1183.27,22,2024-06-17 23:36:00
8a2b4244-ed7d-472d-a818-3a9438e9755a,28,400,20240621,485.74,8,2024-06-21 05:49:00
d4c2580a-cdaf-4b53-9d8c-d55a2be34de7,45,724,20241127,1901.84,48,2024-11-27 18:47:00
43467258-c4d1-44a4-a965-d782563e8402,3,886,20241106,1566.43,3,2024-11-06 12:27:00
0d449119-2969-4ff5-b7f7-733565e21fce,37,44,20241009,731.52,36,2024-10-09 11:28:00
f0e20148-9599-4572-a043-95bac4d9fa18,9,265,20241127,692.04,18,2024-11-27 21:15:00
2a3990bd-4a27-4f09-8367-5ae905589a77,28,42,20240920,756.43,24,2024-09-20 18:12:00
8f7f53cd-2270-42ca-808c-7c5696fb50cf,18,120,20240901,344.0,31,2024-09-01 15:00:00
c2792a93-3bfd-494d-8eb9-1b9693edf2da,14,26,20240805,1304.17,16,2024-08-05 20:22:00
17f63242-f9e0-41f7-a362-05a7ca94bb18,6,274,20240809,1760.18,7,2024-08-09 10:07:00
82644003-435b-4cb2-a7fe-e2362efdcf54,23,779,20240628,1067.35,49,2024-06-28 01:46:00
13770c7d-796f-46f7-a0ac-2950e9e218e6,23,914,20240712,1193.51,17,2024-07-12 19:58:00
9202e1e0-2a07-4715-93ba-0342aa1f591a,30,600,20241029,192.79,32,2024-10-29 18:32:00
01dadacf-ae34-4397-908c-e587770d8a12,21,224,20240831,1369.29,22,2024-08-31 13:56:00
b9d14b26-b80f-4743-bfac-954739b501ea,11,135,20240812,1272.33,43,2024-08-12 02:40:00
b9058414-8871-4ace-9403-6ca9a706812f,37,314,20240912,203.11,16,2024-09-12 08:27:00
29cc04c6-bd4c-44d9-b104-9654a8f72c3e,21,51,20240818,1898.11,38,2024-08-18 13:42:00
d4984ac0-84b1-4284-9e4a-f0fb79eb5f6a,7,602,20241016,999.1,33,2024-10-16 08:15:00
a2da1d5f-c9cc-4aba-8786-73b571c75fd1,3,760,20240908,1843.6,50,2024-09-08 10:26:00
7f44429b-acda-4b45-853b-c713a4e7e939,43,791,20241026,241.41,10,2024-10-26 04:37:00
db54bfc5-9644-44e7-8b97-2feeadeb6dc4,4,963,20241128,395.59,14,2024-11-28 01:59:00
af0fe1c7-8411-4829-912f-5ca6ed5c0241,34,297,20240713,640.25,40,2024-07-13 20:34:00
d4d719b4-524a-4aff-982f-a0a46bbed3ef,40,133,20241117,1782.29,33,2024-11-17 02:35:00
a880a6b4-00d3-44d8-a63b-139fdaf80bb4,19,676,20240806,1112.27,32,2024-08-06 23:15:00
072262be-f7ca-420e-8da6-3cf7e2761865,43,716,20241127,1311.77,36,2024-11-27 12:21:00
84a50390-276f-41b3-9404-ea888cc861f7,14,160,20240919,1733.98,15,2024-09-19 16:14:00
a867e12f-a328-4193-b80a-c22bc2056316,1,336,20241103,74.76,30,2024-11-03 10:29:00
87577736-cfa2-42dc-9709-3c0c43260d1a,6,19,20240706,470.17,29,2024-07-06 15:55:00
d4b8efc7-d15a-48d7-b789-847568a1f24c,13,920,20240927,429.82,50,2024-09-27 11:12:00
75dce527-e673-46f2-8bea-6027c0c4af10,16,226,20241010,1140.18,4,2024-10-10 07:45:00
57c92732-abd5-4529-b4b5-7bc30722931c,19,886,20240827,1899.79,14,2024-08-27 16:25:00
0c97437e-c695-4571-8c92-72028f6e1fca,11,770,20241011,1135.27,12,2024-10-11 00:53:00
14e89a8c-a220-43f5-89e7-b05fc4a6280d,43,327,20240713,916.67,10,2024-07-13 15:40:00
78467a20-4f4b-42bf-a5e7-2a22a80ec4b0,40,769,20240612,595.02,43,2024-06-12 23:29:00
b27a8291-c121-41b4-9c71-9657f83b79fb,29,984,20241017,816.08,23,2024-10-17 23:12:00
e8e6713b-a294-42ee-9786-abb97ae9390d,48,397,20240819,1458.09,7,2024-08-19 19:56:00
a39dbfb6-24e0-4e04-a91a-5ed4097e1d31,11,931,20240706,480.05,18,2024-07-06 13:55:00
970fd6a9-e3cf-4474-a220-b1540a2b7461,7,838,20240713,837.94,18,2024-07-13 02:49:00
4b202d65-57a6-4002-a14b-8ce6c81853bd,21,285,20240627,102.97,21,2024-06-27 12:43:00
12397c14-6312-4039-a7c3-f4a443a9170f,37,413,20240701,1842.03,9,2024-07-01 17:59:00
01567ff5-e976-4e93-b846-5b8c032adf6a,2,798,20240615,813.79,14,2024-06-15 20:38:00
afcc87d1-f3fb-4dac-88c3-2ea5bbd57d28,47,44,20240812,1096.84,17,2024-08-12 23:04:00
362510b3-7964-4c74-a5b1-7e6aae3d466d,47,261,20241025,278.21,32,2024-10-25 16:37:00
6c37c59b-38a4-471a-b95e-7e362efbf853,41,193,20240824,1517.38,44,2024-08-24 02:08:00
196ef0d1-f205-4a57-9b5e-b87acbdb361c,7,288,20241125,1816.4,32,2024-11-25 06:40:00
a53e8c59-636c-440b-a0b4-42b5481ed1f4,15,73,20241119,1829.35,34,2024-11-19 08:17:00
0be56a36-559d-433b-860c-b52c84a00ef8,26,474,20240629,1915.74,19,2024-06-29 07:08:00
2c175111-f36e-480b-9a25-defaf73211b8,30,663,20240723,663.68,28,2024-07-23 00:25:00
973ffbfa-469a-4857-ba14-f7542300fbc4,3,245,20241023,1378.63,4,2024-10-23 21:39:00
2c64b4a8-bfaa-4c73-98ae-3b3edc3337dd,7,927,20241022,86.69,18,2024-10-22 00:11:00
22758922-8caf-404a-b011-ecbcecdc7157,32,555,20241111,841.28,44,2024-11-11 22:01:00
fe441402-2e68-4640-80d2-df67a67f8647,9,25,20240605,1240.71,37,2024-06-05 17:56:00
133ce858-47bd-403d-91f0-6f714af336ff,7,623,20240728,761.16,4,2024-07-28 12:34:00
350348d2-154c-4978-8ce9-0edfde3c9882,10,257,20241123,1021.16,32,2024-11-23 10:20:00
4fadfd2f-497b-46b6-a74f-cb4d041b4d5e,50,963,20241121,1595.1,36,2024-11-21 10:25:00
b4463247-4681-49c5-9536-4b78e09acfc9,39,742,20241018,1063.13,7,2024-10-18 11:25:00
b51fdb25-b6c1-4bf9-bb1b-eef03dc87b1f,46,835,20240824,940.25,2,2024-08-24 16:00:00
6983f423-64a5-48d5-8e78-23701608e421,7,392,20240602,1017.8,25,2024-06-02 01:37:00
a7c8d3e9-8893-4124-a49c-f13868d95542,41,735,20240729,1938.64,48,2024-07-29 10:03:00
9252f727-3aa4-42f2-bb87-9d4c42423112,40,264,20241003,1764.11,30,2024-10-03 22:12:00
c108202d-b63c-47b5-a7a3-3f077ef36e87,12,392,20240623,439.65,39,2024-06-23 20:32:00
b6894581-e54d-4d82-a0ba-b87f5d9cabff,27,684,20240903,458.59,45,2024-09-03 05:22:00
986eb3ad-8c48-41bd-92b9-f264dfb0a219,32,450,20240601,854.4,50,2024-06-01 21:07:00
2c1953d1-6736-4877-ab2e-f8405d4b1e14,49,796,20241022,98.22,20,2024-10-22 11:56:00
17689623-1a80-4ed8-ba9c-0b965cef7cc5,11,569,20240804,1861.81,20,2024-08-04 13:32:00
4017aeea-5eb1-4041-9e70-5022e7eab0b6,1,978,20240820,211.79,5,2024-08-20 05:35:00
43f8d8af-a319-4681-976d-dcb3beecc557,50,168,20240709,1879.15,16,2024-07-09 03:53:00
b9ddc27b-9dd2-4b29-bdf7-2cb352ca3f44,16,241,20240818,1887.04,28,2024-08-18 17:45:00
f197d6df-c5e2-439f-9cf1-d87596af7a87,24,188,20240723,881.93,31,2024-07-23 15:18:00
c110f7cc-bfb3-4aad-9918-9764bfbe5e81,25,90,20241003,922.96,35,2024-10-03 18:34:00
fefbc8e3-5b64-49cf-9f8a-3eecaeb01d96,41,829,20241021,257.84,39,2024-10-21 15:32:00
dd33eb97-938e-490a-81c8-1b99c1e1ee3a,42,360,20240604,1297.76,5,2024-06-04 17:43:00
e000c6fa-752a-40e3-8015-b6f3562e5f2c,41,77,20240821,1367.11,3,2024-08-21 20:34:00
50d16d32-5942-4157-8e08-9332134affc0,29,528,20241009,1894.92,44,2024-10-09 13:31:00
c7b6e60f-c63b-4952-a935-856f94d4a659,43,855,20240716,788.76,3,2024-07-16 18:48:00
49aec008-3e69-478d-9fdb-5c5d1eaf8422,36,581,20240929,388.0,32,2024-09-29 20:33:00
9c30a4b3-3dbe-4eed-b842-db8f004a2c7f,48,210,20240713,1496.17,20,2024-07-13 16:27:00
8aa174d7-2336-4baf-9e45-163f1ef37894,31,659,20241127,605.84,17,2024-11-27 19:51:00
f8824315-7644-40e5-ae46-d5e17282d04f,6,78,20240716,1320.44,16,2024-07-16 10:43:00
4c6e5001-c858-4196-8963-d143f37cdfae,2,300,20240727,1121.91,25,2024-07-27 11:19:00
9373685a-60a9-4d01-813e-bd0aa008ef29,19,66,20240914,1261.69,8,2024-09-14 08:50:00
f07b1c14-4a0f-45bc-b72d-c738fd884150,41,81,20240731,1446.76,39,2024-07-31 08:40:00
4b84c315-ad2d-4fb9-9f60-d0bb7e96b0a1,10,35,20240605,478.52,29,2024-06-05 05:08:00
8f8ab220-197e-4325-bf36-62830fb05635,36,231,20240807,1412.85,45,2024-08-07 21:18:00
8964a34a-c336-41e2-b4c7-700725f259a9,10,755,20240726,1663.5,21,2024-07-26 22:32:00
fd78ebc5-c4d2-436e-bc7f-44fe9dfbfc2f,46,25,20241128,1294.04,29,2024-11-28 06:43:00
8429f831-3fc0-449b-b7c9-f5094c93af99,14,425,20241013,79.57,10,2024-10-13 04:54:00
44d65d81-e0cd-48b9-9888-1818d559e35d,49,7,20241106,1811.38,20,2024-11-06 16:53:00
5cdfd1c2-3cc9-446e-8548-041d0335d385,24,170,20241112,226.38,35,2024-11-12 06:34:00
110baa08-39af-41a9-9489-812d3781e441,5,790,20241019,1912.66,39,2024-10-19 23:19:00
b6362cf7-ce70-4dbd-823e-9b6fd1a80bab,8,165,20240905,1978.55,36,2024-09-05 05:39:00
30434618-bc2d-40c6-8eb4-cffcd2ba6158,19,835,20240616,833.98,17,2024-06-16 04:26:00
71bfa394-8124-4b25-8f17-ce24644f1be6,29,765,20241128,1148.37,29,2024-11-28 00:49:00
e97751a5-01bf-4568-b462-d98a672a006d,30,371,20240808,782.9,45,2024-08-08 10:02:00
15dc6b61-3289-4541-a301-b2b3e8504890,36,731,20241117,968.3,9,2024-11-17 14:34:00
2f2d164b-728d-4d3a-9397-1502464dd31c,36,544,20240625,1823.83,17,2024-06-25 11:37:00
1ae31a40-b527-40c9-a6a1-c7d7c9336c2e,26,468,20240607,236.98,13,2024-06-07 11:30:00
da4b424a-8839-4e85-95f4-d79f19805aa3,4,972,20240613,545.36,28,2024-06-13 07:49:00
7dad1e53-5f84-4539-9c41-e9760daed7ac,32,560,20240814,1365.24,34,2024-08-14 22:11:00
7c6f74f2-2b1b-441b-9e42-1a62448d0b34,28,549,20241030,368.32,20,2024-10-30 03:07:00
46b73c2e-4ebf-4603-9c7c-a6ea46cc3f31,46,23,20240802,146.95,45,2024-08-02 19:32:00
28c09121-c0d6-4cc7-8197-cf05bc11d06e,8,859,20240910,113.52,12,2024-09-10 23:41:00
f99ef91a-0d9f-4577-b470-d6a941801185,6,647,20241012,868.17,46,2024-10-12 01:35:00
018698e5-3cf5-4739-b902-9d4c8c31a4ec,47,147,20240803,1321.75,21,2024-08-03 16:33:00
fcc5737c-58cf-4ab4-9826-462ab6b60809,15,851,20240705,489.61,2,2024-07-05 16:41:00
ce66f6d1-d6d1-4d60-8057-5ec014c40150,35,982,20240729,225.44,38,2024-07-29 04:29:00
75ae53cf-96a1-4f8c-97c2-af315e222bf2,36,480,20241125,677.59,29,2024-11-25 01:58:00
20b590a7-b48e-4864-af10-f1e3be1124be,7,803,20240614,61.46,26,2024-06-14 05:25:00
9dd17111-45b0-48aa-a6d9-51ce073d6aa1,45,255,20240801,320.55,20,2024-08-01 21:13:00
8281b217-c9cf-46a3-b7bd-f767fc91218f,33,24,20241117,1027.1,45,2024-11-17 20:30:00
b2eed9c9-ea0a-40a3-a1c4-f6dc79d65833,9,462,20240810,1873.68,22,2024-08-10 22:23:00
cc718d9a-4405-4350-ad92-48e3ae663532,44,435,20241026,1301.37,42,2024-10-26 18:29:00
9ba61df6-62af-4c5e-b251-1670581caedb,25,363,20240717,395.52,46,2024-07-17 09:59:00
158c565d-d16d-40fd-aa27-212fb37421fa,31,334,20240624,679.46,45,2024-06-24 12:33:00
0dd60e8b-4572-431f-93ef-d77f2dcae4d3,4,484,20241122,713.95,31,2024-11-22 20:50:00
436d260b-61c0-4993-bbe0-007f836db616,35,326,20240731,857.27,12,2024-07-31 17:02:00
e64bef6a-fb56-4f60-8f8d-65dea2f1e448,39,385,20241021,405.91,14,2024-10-21 18:45:00
03fc44cc-caf0-4491-819f-0397dd84123d,36,732,20240608,230.38,8,2024-06-08 00:53:00
e968a948-8329-4e7a-ad6b-e50e2df3e636,36,762,20241127,736.66,33,2024-11-27 23:32:00
8923343b-5563-4d87-ba93-7d07aca56e22,33,34,20241116,1018.2,40,2024-11-16 17:45:00
8722a2b9-6e27-483a-babc-79f4a4ff65cc,5,359,20240822,655.5,40,2024-08-22 14:19:00
6f705fb1-f387-483b-bc91-2d89041c8425,42,342,20240703,1055.78,47,2024-07-03 05:06:00
abb5e1c8-cd6a-449e-9c47-f69a70e8fc39,23,870,20240918,1922.17,27,2024-09-18 15:04:00
f0d17f37-d435-4faf-b2fc-98d35e825141,41,57,20241114,1856.83,48,2024-11-14 03:14:00
ca54bd05-2494-47f8-bd18-e801655f488b,16,838,20241101,1613.7,23,2024-11-01 15:13:00
c2edd03b-1c89-4354-afd3-3810f92c2d77,20,577,20241121,384.93,2,2024-11-21 07:05:00
22564219-8390-4884-8bd7-32cf62b5718f,22,39,20241116,992.37,36,2024-11-16 10:42:00
01448994-c4b8-4589-baca-497cc157941c,34,138,20240908,1072.34,20,2024-09-08 00:20:00
0f477342-39bb-4150-bc00-43d8f319a86a,17,961,20240616,1673.6,46,2024-06-16 19:34:00
802d2778-b9bf-49f3-b423-6d87759b7905,27,485,20241022,529.91,30,2024-10-22 09:54:00
18f8fdc9-dc34-4c8e-aaf2-27bfc3b0a469,4,628,20240716,764.84,11,2024-07-16 23:12:00
45d94949-65e5-4a43-bb17-f4d1c2f444b3,28,901,20240703,1219.51,27,2024-07-03 06:44:00
f52049a4-f415-40c2-b27a-bc516d944197,19,468,20240730,444.85,21,2024-07-30 15:10:00
a8eeabca-bd2e-4d30-a523-b02fcf0dfa36,16,438,20241119,1203.43,20,2024-11-19 20:46:00
09e06627-2c66-4240-a463-7e283be4fb38,4,451,20240813,1237.94,6,2024-08-13 22:51:00
0337c5f1-2e52-4ecb-a585-dcfcb68bff60,23,523,20241030,1502.57,18,2024-10-30 15:58:00
040c554c-99c9-4fa5-b950-cc659355556b,35,77,20240730,683.08,29,2024-07-30 00:42:00
c8fcf5ed-1167-425f-937e-5cb14cb0fa2f,16,35,20240609,1085.09,4,2024-06-09 19:42:00
6e5aa350-17e9-4da7-b399-fecbf4d97ef4,28,839,20241110,1859.81,48,2024-11-10 03:57:00
7a28588c-5a4b-4acb-9655-0e8add5d6040,22,237,20240608,688.87,10,2024-06-08 17:56:00
f50eade7-a9df-45e1-9285-785ac9f00c02,36,959,20240713,1087.32,17,2024-07-13 13:17:00
34201672-a9be-49bf-9806-695eafe151da,12,695,20240922,231.95,5,2024-09-22 14:45:00
9508bff6-1918-44bb-ba66-adfefc457e38,2,598,20241006,410.72,43,2024-10-06 01:28:00
e03a29e4-88a2-46bd-b976-57ccdab72dbe,24,494,20241030,1363.57,32,2024-10-30 02:56:00
fdbb9197-bbb9-487b-83d2-f2eacaa1c457,28,721,20241015,1217.21,7,2024-10-15 19:43:00
69933653-1c32-48e6-8eaa-06df7fbaf4c6,1,307,20241024,824.08,50,2024-10-24 16:02:00
b6cb3c7e-73b5-44db-a502-115c99e0d724,32,253,20241117,1236.56,13,2024-11-17 21:08:00
330f22bc-86ad-4622-a854-ce7df2c0a856,20,696,20240710,663.21,33,2024-07-10 22:00:00
24f4aa62-0745-4fed-a797-aa03070a116e,30,675,20241004,1962.66,15,2024-10-04 03:28:00
abc2193f-ef82-40c9-a436-6599ace150a1,3,226,20241013,158.16,38,2024-10-13 11:49:00
37593450-845a-4141-a35f-227690e0041f,26,940,20240812,310.3,39,2024-08-12 09:56:00
7bebe15d-69e2-4ec9-a531-ba8ae0812142,35,956,20240801,572.92,8,2024-08-01 13:41:00
34f0e5f1-000c-4f44-9fd3-2390eea5cfdb,27,28,20241028,1751.93,17,2024-10-28 12:15:00
278fff0f-4008-479c-9359-842f3c011ee0,13,760,20240824,768.82,12,2024-08-24 03:02:00
b38c03dd-eb44-458d-9c9a-7d1cc2735dd1,39,623,20241002,1350.43,5,2024-10-02 07:25:00
4a2e397c-5f83-4cf0-9ae5-1ef70eb69235,22,79,20240904,1173.21,14,2024-09-04 04:52:00
7dbfca52-0e79-49a2-a204-858f3f66dfc9,49,974,20240711,31870.05,42,2024-07-11 18:38:00
ff3dfd56-2caf-46bf-8f6e-e19c7d03f67b,10,181,20241005,1065.09,21,2024-10-05 16:52:00
10f4fb17-7c92-43ac-8cbe-db50d81e5ba8,48,356,20240612,245.96,34,2024-06-12 11:10:00
50cbc3df-be1e-482c-a823-cf754007e795,49,224,20240917,1189.07,6,2024-09-17 00:47:00
b68c6931-fb34-4511-b40d-ce431ae96aab,7,698,20241001,509.65,16,2024-10-01 17:20:00
839d0a83-0287-4209-bfb6-c119c6bc6c73,45,696,20241105,494.16,38,2024-11-05 23:48:00
c6648b51-3717-466b-9c6c-b3d499286df6,23,267,20241107,808.52,32,2024-11-07 15:33:00
eaecbbb8-4157-4f97-97a6-640289377b7f,9,677,20240830,917.91,7,2024-08-30 13:06:00
8e3a8818-180a-4998-b0fe-73aa184a910e,15,53,20241104,1481.72,50,2024-11-04 15:32:00
73247c19-db85-4e9e-b8ad-23373e9c7115,49,3,20241002,88.16,39,2024-10-02 20:02:00
2c69477a-cf39-409a-ae94-a2a3fc0b1d79,6,558,20240609,1660.26,22,2024-06-09 20:27:00
e19b9f6a-5f17-4021-9229-56c521528b9a,36,814,20241017,1602.33,19,2024-10-17 17:51:00
29ba0f4a-0e4a-4331-a61f-34f9976538aa,21,423,20241028,1750.47,49,2024-10-28 22:27:00
2e39d539-1304-4ed7-9671-0f480630195b,37,143,20240924,944.56,39,2024-09-24 17:45:00
a51a9d07-b3ec-4744-b626-16ed4e96fccb,45,127,20240907,1825.84,21,2024-09-07 01:00:00
555fa195-96c3-47e9-bb02-ada690d0ba1f,35,107,20241010,449.74,23,2024-10-10 20:46:00
f1c92e84-abe2-4a8b-8e52-2074844d8027,11,497,20240612,1637.22,33,2024-06-12 21:38:00
319ba538-c47d-4124-b9c7-46b4c837d41e,1,979,20241126,1085.65,46,2024-11-26 17:35:00
162200e0-9c34-4f5b-926a-b7f7edbd6b8d,26,672,20241102,1851.31,38,2024-11-02 01:34:00
5afdbc55-b5cb-4b4b-8b57-6925c1c81334,14,37,20240604,195.92,10,2024-06-04 07:18:00
46b5cf11-841d-4a1f-bb8f-5cad5c53d52c,16,438,20241114,1332.06,37,2024-11-14 23:24:00
a0d80371-ee90-42cc-afc8-08b52cef091b,11,675,20240726,1989.76,39,2024-07-26 16:27:00
aebdc2ea-5c3c-47f2-b1ae-e61d11cf5bd5,46,77,20240725,1507.95,2,2024-07-25 16:37:00
432ed0ca-f103-4e1f-ab7d-8007d82fdfea,42,683,20240620,656.64,43,2024-06-20 02:14:00
e2e973f2-898a-418e-81da-47b16f7b4c5a,47,559,20240810,1333.16,46,2024-08-10 04:53:00
0f5607a2-6754-41b4-8050-8e90c85234c9,48,524,20240709,367.87,28,2024-07-09 06:16:00
95ddefc4-9afb-413f-90a4-f3e9b58d6c61,38,774,20241108,477.7,4,2024-11-08 04:05:00
51187e79-b58a-4449-a18b-be08d004a1e3,32,720,20240727,1008.48,24,2024-07-27 11:37:00
eb724580-e5a9-4113-b326-8ffddfba9288,43,559,20240626,129.89,11,2024-06-26 06:11:00
9f67a898-d570-4862-adcd-3daca3ed7c8a,8,663,20240611,859.18,7,2024-06-11 09:54:00
ab71d39b-07f2-4d0b-b203-06b69cf0a224,42,376,20240804,777.53,48,2024-08-04 17:04:00
847d94f7-c85f-47ce-9129-960e5f759efc,14,689,20240815,120.08,6,2024-08-15 21:36:00
a21907f5-cbca-40dc-a83d-b241771b7bfb,17,4,20240908,349.05,15,2024-09-08 15:57:00
a2ac796f-8a92-4e36-b5f7-5053b83dda95,34,538,20240616,1228.78,25,2024-06-16 04:22:00
6dc3e055-e80b-4078-9bf6-b11473ec32d5,5,338,20241103,1541.53,20,2024-11-03 21:06:00
16cb994e-c6cf-42a8-a972-c3dd9dd13f46,47,882,20240620,954.81,16,2024-06-20 15:22:00
1cc4fe06-3e20-4291-b15b-3209c8597a08,12,735,20240628,216.39,44,2024-06-28 11:25:00
128e6e8d-7e2d-4c88-9f11-9c3bdfbdbbd4,8,620,20240818,1733.36,49,2024-08-18 17:50:00
789e43b1-8552-4059-9774-56a5e3210a9b,44,668,20240923,1536.95,8,2024-09-23 18:49:00
2b68ae8b-a58f-4c60-813c-c1f787c21e9c,46,862,20240904,1795.58,12,2024-09-04 01:29:00
d3f44d56-c823-4431-81a5-b5d12d7a8cf8,44,122,20241106,721.34,15,2024-11-06 15:37:00
2a0285bb-8e38-4b60-a37c-e7d313ed427d,1,820,20240821,1887.73,4,2024-08-21 07:56:00
b4d5e6fa-5c0e-4571-aedb-caafb9b61436,1,103,20240803,1293.71,2,2024-08-03 06:36:00
738c816e-7653-4b3b-aae1-50946c49d019,46,409,20241103,74.12,10,2024-11-03 05:30:00
6c4148ad-fcdf-4209-9dc7-bfbf99b2fd39,5,1,20240814,977.81,46,2024-08-14 01:38:00
72edbe9b-c99d-4569-91a0-857e7f6e8648,27,726,20240720,372.37,33,2024-07-20 13:57:00
e70e4e0a-f5fd-4000-a5ee-dd6e8b0b0918,28,414,20240813,1132.97,27,2024-08-13 08:23:00
3b755773-8521-4475-a840-b6584efd4c96,45,219,20240603,1948.91,18,2024-06-03 09:16:00
890d0112-0926-4bad-85d9-9f2d362a5b44,20,566,20240829,1872.15,7,2024-08-29 17:27:00
03d52186-3a2e-44bc-9e32-54bf0e2ffcb1,6,376,20240627,1677.07,25,2024-06-27 08:50:00
b1d622bd-1ec0-4ff6-8502-2d46817c926e,23,421,20240716,62.68,8,2024-07-16 23:52:00
75d87cd7-57e5-41b0-bad5-e87234f24897,7,490,20240815,1983.1,6,2024-08-15 00:08:00
d6ce8ca3-e2ed-4e07-8014-4d76d81b2e69,42,990,20240731,1773.4,41,2024-07-31 03:38:00
fb66d50d-e6c6-4231-85ab-c2e21eaaef27,4,835,20240930,868.0,23,2024-09-30 13:05:00
aab3ed06-c828-452c-9896-0654f693accb,11,965,20240825,1300.87,10,2024-08-25 23:02:00
6c6d2703-945d-4771-b783-5a02728fa701,26,765,20241104,994.52,8,2024-11-04 21:44:00
c951d066-48d3-4deb-8b4b-732f087351f2,20,305,20240811,945.9,15,2024-08-11 13:14:00
ea0bcfac-1f94-43f6-a46f-fc067e7eb4bd,24,3,20240629,788.82,24,2024-06-29 12:59:00
f6b1dd42-a0c1-4983-b9f3-8343588141d4,17,37,20240930,890.82,21,2024-09-30 04:53:00
1f737fbf-d448-4870-b87e-9a904db43dfe,10,630,20240818,1172.98,29,2024-08-18 07:20:00
6439210b-7361-4fcd-b7a0-63bc0ea9fdc8,20,366,20241016,1511.07,45,2024-10-16 22:57:00
44569194-91fb-43f0-9699-d5cdf9426faa,5,298,20241002,583.76,30,2024-10-02 05:44:00
9116a556-92ea-41c2-85ff-a4ee6d6fec80,33,683,20240804,1793.82,21,2024-08-04 22:43:00
a970f1fd-aff4-44c9-9f77-bc5f342b7d23,29,556,20240603,216.66,35,2024-06-03 20:18:00
0701bb07-9a27-4914-a189-08ebe554abe1,8,66,20240811,1421.65,23,2024-08-11 11:26:00
d9b1e6e0-22a8-42a5-995f-2bf099a6ed37,35,116,20240612,1806.32,14,2024-06-12 23:19:00
060cf210-5936-4551-b9e0-ffb588707d3a,22,54,20241122,1731.52,5,2024-11-22 22:48:00
2811e8ec-b570-49f1-9ac5-6336dfbd7f6b,4,750,20240713,585.65,39,2024-07-13 02:19:00
ed7523a7-916c-46f3-88b4-8d334512e1d6,31,181,20241021,517.48,14,2024-10-21 05:09:00
59d522a0-c590-4693-83b7-4a63d97dfc6c,40,790,20240623,671.44,47,2024-06-23 15:19:00
93c41cfe-89bd-40dd-afde-82446f0f856e,26,248,20240617,1841.67,1,2024-06-17 18:06:00
f0b08a1e-d756-4e01-bbd6-81d273eb53dd,13,566,20240924,1150.8,12,2024-09-24 01:26:00
68bffaa2-0f48-4376-a171-1b1c353d92d2,2,335,20240720,386.49,26,2024-07-20 19:25:00
76b7a139-eaa5-40f0-9686-78288e8f6322,44,107,20240916,1774.47,11,2024-09-16 03:39:00
9834cc4e-833f-435b-88d1-32588558d976,1,333,20241015,1245.65,45,2024-10-15 21:45:00
0e0b1085-971e-4ac9-897d-1f293974d601,44,13,20240907,53.91,10,2024-09-07 21:54:00
84b7bd6c-355c-4d0b-b036-be6ececf51d6,27,84,20241029,1583.72,30,2024-10-29 23:16:00
bfc0072b-4433-4e08-970f-550cdfade208,16,133,20240716,839.49,15,2024-07-16 13:18:00
b36523d2-2125-4016-bcfe-0fdf8506e80f,1,279,20241025,942.25,42,2024-10-25 01:19:00
209d2f73-66c7-4fb3-af0f-88f1160e8619,43,636,20240613,1235.32,39,2024-06-13 04:14:00
64f0043e-37c9-47aa-b423-1e9ec852cb48,11,331,20240919,999.51,6,2024-09-19 13:07:00
e2192dc4-2ce1-420d-8c7e-87def24b41b4,18,570,20240823,1582.04,42,2024-08-23 12:36:00
0c88be16-90fb-41cc-984b-74eff4f649c2,7,780,20240718,1004.7,3,2024-07-18 12:55:00
991a5839-fde1-45e3-9d38-1156a5d7934f,23,628,20241012,1178.83,46,2024-10-12 16:39:00
77dddca3-e0a8-45d2-9b73-358abec37607,10,712,20241110,1472.66,7,2024-11-10 15:02:00
f03870d8-8100-4f44-89d8-6268abd5bee8,50,14,20240730,1066.51,6,2024-07-30 01:49:00
5b668ba6-5093-4834-9e3a-ab34b6c148a6,28,230,20241116,1166.5,48,2024-11-16 02:33:00
52d77724-1aa0-470b-a47a-917ff45690db,34,40,20241028,866.67,41,2024-10-28 12:46:00
2c40ebc5-4e19-43e6-9996-f55b42292fb8,29,228,20240925,1533.42,29,2024-09-25 20:04:00
48367cbe-9749-4151-97a5-07972f1b92a9,50,621,20241023,879.68,40,2024-10-23 01:37:00
f3cc7cdc-73a0-458e-977c-a84344b55221,27,497,20241104,556.67,36,2024-11-04 18:32:00
5d2b7194-a757-48c2-9d70-f1e113920d65,37,610,20240725,518.03,8,2024-07-25 09:24:00
8998ca7b-c5ac-4582-9242-d7ab368db09d,17,970,20240611,1309.32,12,2024-06-11 08:36:00
68cc1a18-e3f4-45e9-a8b4-c5408638331a,5,85,20240923,71.07,16,2024-09-23 23:36:00
3f09133d-81c9-4c50-90f6-2a6c7a4755a2,36,703,20241028,554.7,1,2024-10-28 01:57:00
9863e119-cdf8-40a1-829f-8753828a07ae,48,31,20240822,1089.7,4,2024-08-22 22:16:00
b3348c20-6f49-44aa-b7f6-b6e9b924ea54,26,144,20240627,824.06,43,2024-06-27 16:49:00
dfb64eeb-340c-4d51-9236-d6e0c6d2109e,41,229,20240802,700.11,34,2024-08-02 10:10:00
0550b997-b00b-4f50-968e-e6b4373a249f,5,403,20241016,240.82,46,2024-10-16 04:12:00
a0f37967-3d61-4586-b596-350861b1c232,41,32,20240711,317.2,8,2024-07-11 00:39:00
b536bb19-1af9-4e65-8c97-42e0b7e9e3a2,44,266,20240804,1646.34,9,2024-08-04 21:53:00
90022c2b-e7d9-40ca-94dc-403a74be0f27,22,249,20240716,1492.37,25,2024-07-16 13:13:00
5f8d6dd8-0b4d-4804-b52f-d6de84e2e96d,37,292,20241027,1040.35,32,2024-10-27 00:52:00
af3b3cce-6053-4783-b1bc-19c70ea35dad,15,13,20240619,112.77,12,2024-06-19 07:39:00
6c42fdae-f444-4b69-9ae2-ad7cfe877c51,3,198,20240801,1642.0,45,2024-08-01 16:59:00
fe54e954-15c7-49d9-9667-0eca88ff82a0,21,619,20240713,1953.12,20,2024-07-13 22:18:00
fa0f3515-ec09-4271-ac59-ae667f723f1c,34,662,20240704,402.97,37,2024-07-04 04:28:00
c622246f-7d9d-4e6d-a4dd-f35a2983709e,33,23,20240624,1676.1,10,2024-06-24 12:33:00
54fe51dd-835e-480e-8673-24bf2655ff3f,49,663,20240821,1712.92,28,2024-08-21 02:08:00
72f70d26-798b-4ee0-bebd-d9df5cf29fd0,38,229,20240807,1964.13,50,2024-08-07 17:46:00
7fa861b8-4e08-481a-ab79-b0c99e9a2a8f,27,197,20240604,1748.02,35,2024-06-04 20:58:00
eb50ff86-3c8a-4b93-8a7c-c51f5c12e6c7,4,435,20241110,1224.13,40,2024-11-10 19:15:00
f540b144-7c11-4640-9f19-f902e860fa33,47,653,20240921,1577.45,29,2024-09-21 23:00:00
f5fc8e3a-bdfd-497f-b811-a6ede2e337f9,37,984,20240711,1579.39,39,2024-07-11 08:05:00
c236ed03-6b68-4b89-9ac3-dc733ea76aca,34,133,20240701,1797.19,48,2024-07-01 19:59:00
d0cb8fde-50c9-4a21-acdf-16fd7feb74f2,50,338,20240820,1940.9,29,2024-08-20 18:18:00
987a4f27-7110-496a-84a5-30b5f7d36234,27,157,20240805,553.38,21,2024-08-05 08:17:00
0f2f14f7-e6c4-43e2-919b-982c0fc6c850,21,966,20240827,805.36,12,2024-08-27 18:59:00
b6cb9622-3dcc-47ab-b195-b34f6b2dd6cb,33,815,20241007,799.38,4,2024-10-07 20:49:00
8cc907cf-5456-4dd4-a3b3-320c74803936,37,805,20241005,1103.49,14,2024-10-05 10:39:00
1ffeb3d3-01e9-4039-aba9-dd49b01c7bca,38,178,20240609,662.27,5,2024-06-09 02:43:00
57a39abc-0acd-48d4-89fa-a09f286fb0b4,46,356,20240814,385.64,10,2024-08-14 23:03:00
80e503ed-12ea-4a8a-a35b-800ec9bd0732,40,116,20240610,919.13,11,2024-06-10 03:09:00
e1485826-b5d4-42b6-b5a2-7e08a2bc2afb,21,985,20240621,1605.91,41,2024-06-21 18:36:00
7e47f11a-2b0a-4da0-8842-9711cd4b1ac3,48,462,20241016,812.51,16,2024-10-16 05:49:00
6c42ef98-1138-4122-ab16-0b1b96e37f4c,27,689,20241107,1906.11,50,2024-11-07 20:03:00
4eb31eaf-ed1a-4e9b-bdf3-0387320e9361,25,716,20241116,766.77,32,2024-11-16 00:16:00
c4192281-eed3-461d-a6a5-b78cfff147d2,14,351,20240602,1085.41,2,2024-06-02 04:26:00
faa451f1-88de-46dc-8818-767d224c97ef,46,822,20240918,659.78,29,2024-09-18 15:15:00
ed1aec1a-98b5-4bd7-b3a6-b697577e7bf0,36,231,20240916,1460.61,4,2024-09-16 07:30:00
5fac6b34-6c41-47d0-80bc-002923ac0fd0,21,997,20240607,1721.48,24,2024-06-07 04:35:00
0a2449c7-7dac-4414-baf1-3642693a70c1,12,813,20240610,1444.81,35,2024-06-10 11:30:00
85df3162-fb06-49cf-af76-39e181cd8b32,19,676,20241123,484.46,21,2024-11-23 22:00:00
49068e63-34dd-4600-b108-537dd4fd2038,8,5,20240727,154.03,16,2024-07-27 09:53:00
f2857e7c-f59e-4b88-b808-8485a914fa0b,29,449,20240929,1931.77,30,2024-09-29 23:43:00
8176405f-6985-41ca-81ce-ce0ff3fe90d4,4,818,20241030,1109.43,29,2024-10-30 06:49:00
dc87abbb-503f-4cb6-95a5-28735f5d1af3,38,727,20240724,308.54,28,2024-07-24 14:06:00
26779d80-17f1-45ed-87c8-f8360e869c51,19,298,20240908,1038.41,20,2024-09-08 15:57:00
a5b41727-9e97-4c3e-9a60-6ad0177f08ae,5,329,20240909,482.46,18,2024-09-09 01:27:00
0b3d7d19-6a66-4c5f-8edb-a087cbc09ce4,39,363,20240713,360.75,15,2024-07-13 09:59:00
981240b1-c65d-4a02-b31c-46275e526391,32,402,20241018,1675.2,12,2024-10-18 08:37:00
e8bf2101-5c1d-4017-8e56-d1f5894bbebb,40,718,20240617,1496.6,11,2024-06-17 15:26:00
a14300f7-1535-4cc5-b3ea-c74313740eb4,15,294,20240816,361.36,17,2024-08-16 15:01:00
921520fa-0282-44cd-b555-7672ceed2417,42,635,20240915,1273.25,23,2024-09-15 05:26:00
405f9ade-f97d-44d5-82af-d45c14bc045a,5,1,20241019,670.17,7,2024-10-19 08:03:00
012ce126-d34e-41f4-8d3c-6d91e4e2a6b6,3,655,20240811,1377.03,23,2024-08-11 08:28:00
f19b50e9-da09-4d68-a71a-63a0e1467fff,33,152,20240807,1297.55,22,2024-08-07 20:42:00
07c182ec-f508-4dbc-a817-dacfbfb4daae,41,187,20241106,1073.08,44,2024-11-06 10:19:00
0aa3786c-5389-478f-afec-cc6dbcc81d86,35,490,20240810,1055.64,47,2024-08-10 20:27:00
d98157ef-24e4-4944-8970-4e13636a88cd,33,515,20240810,864.64,48,2024-08-10 09:03:00
6d6bf454-1fe7-4717-844b-2e17006e45e2,44,109,20240908,562.13,26,2024-09-08 07:07:00
b6fe3820-22fd-49a5-9f97-df13f6bd45f7,40,319,20241111,1306.34,27,2024-11-11 17:55:00
63961934-0bf4-44e2-b032-1f9a6e5700da,1,987,20240809,1648.34,20,2024-08-09 04:11:00
c7a48108-d023-4d02-874c-c110db1a750c,21,209,20240627,983.91,44,2024-06-27 08:05:00
73d37296-c4ab-4521-8efc-e5c2f09127fb,39,65,20241109,1171.44,10,2024-11-09 08:34:00
71fc78bf-3057-4993-8af6-d29157766ddb,47,821,20241007,1569.22,27,2024-10-07 06:12:00
3fdb33a2-9c1e-4a2b-9706-f661bcb59a9f,20,612,20241117,1251.37,25,2024-11-17 05:30:00
9f92cbc6-1225-4f02-8a55-0ab68eb60676,30,765,20240819,1028.31,24,2024-08-19 08:01:00
87a4a069-96d3-49f0-9353-106592c1f4e3,3,444,20241005,1268.89,48,2024-10-05 10:56:00
00d04402-2e88-416c-8b04-dbd4c3da6360,41,668,20241114,1587.3,12,2024-11-14 10:50:00
1f6ec7e4-3b81-40e3-9b83-7b555f1b02d6,13,677,20241020,1603.83,8,2024-10-20 09:17:00
1dbb4fff-795a-47d5-97eb-d4b83913f26c,43,898,20240914,1506.68,26,2024-09-14 05:16:00
742079a1-df31-432a-b8c2-314a37f5af1c,16,867,20240628,627.65,9,2024-06-28 11:00:00
f962c626-b9eb-4394-a3eb-7b17abeee9ca,21,481,20241009,1531.61,12,2024-10-09 17:22:00
9f8374f8-511d-4a0d-b9b6-b3ecda0f60e0,13,776,20240812,1899.9,4,2024-08-12 21:51:00
7e3469f4-e85c-4878-8610-be7959a4dee3,21,166,20240613,370.75,23,2024-06-13 14:48:00
09f1108d-e743-41bc-8f4b-5fbf6e744cac,7,91,20240907,1732.8,18,2024-09-07 04:55:00
e92db9d4-1c6b-49ff-9b02-c175ece02ad7,7,662,20240821,449.51,4,2024-08-21 01:04:00
e2c0a417-36db-4128-a2cd-8ec4d6e96434,31,705,20240726,598.29,45,2024-07-26 19:05:00
26502234-c204-4643-b20f-5094f709af55,19,403,20240714,424.99,1,2024-07-14 22:26:00
04e02a00-5397-4a40-b3a6-e073445643f6,30,180,20240816,969.82,42,2024-08-16 02:22:00
3bbc21ca-4008-434d-85d3-8df9c0b074b3,3,73,20241008,690.71,8,2024-10-08 23:57:00
2ba46383-5668-431f-951e-261babbdaeaa,8,966,20240715,1320.9,48,2024-07-15 20:12:00
eea2776c-9bef-4185-84d3-00e8e3a3f7db,34,893,20240814,1108.82,33,2024-08-14 15:58:00
3c23464b-20cb-4912-b2c6-b964efee7b01,25,18,20240628,1199.81,27,2024-06-28 00:32:00
a1860a74-d71a-4ecb-bf6f-9dc69a487d1c,15,345,20240915,529.72,28,2024-09-15 09:35:00
365649f6-b8a7-4c09-a78d-9448b76a4fcc,9,904,20241003,503.47,42,2024-10-03 14:07:00
c149c472-cd97-4676-8174-e9c57cf2d81f,45,412,20240627,1606.58,4,2024-06-27 06:32:00
a257d022-f27f-4af2-a55b-1d54b1645f7d,1,748,20240803,1150.99,35,2024-08-03 23:36:00
1b315aed-7974-4bed-ad70-33b8e586abc4,38,239,20241026,576.57,19,2024-10-26 20:51:00
0ae47718-d059-4300-ba4a-8481a2c2425d,39,638,20240726,784.64,37,2024-07-26 01:11:00
1c2d1184-94a7-43af-b237-4c6e2148015f,27,595,20241014,783.79,48,2024-10-14 06:30:00
10ce45be-73b2-40fb-bd95-eb59c69f132c,9,322,20240919,777.24,10,2024-09-19 01:39:00
9f5e670b-5e2c-4d3c-a9c9-89bab6b1ec3f,7,600,20241116,1466.46,21,2024-11-16 20:00:00
5b5a3f54-9ea4-48f2-baa6-ffc358a85541,1,332,20241006,841.06,29,2024-10-06 08:14:00
672b5339-3428-4642-b279-6e671dfb33c4,1,491,20241016,1573.38,34,2024-10-16 20:22:00
7e2c5a80-f37f-4361-b449-8895d5d424eb,15,184,20240731,1767.92,42,2024-07-31 08:41:00
9862eebc-3f54-4938-acba-07c7ca63f1b1,35,709,20240615,298.71,3,2024-06-15 08:56:00
a8d0f862-c90f-4149-a226-ed7961af9242,1,867,20241013,1478.72,17,2024-10-13 00:15:00
828d6de5-5533-4351-a769-04448c66105b,10,475,20241101,741.46,47,2024-11-01 21:47:00
e1b627d4-1249-4f34-98b3-6bb11c9ca611,1,554,20240605,980.84,50,2024-06-05 22:31:00
a2e578e7-4ec1-4f34-9135-5663f1af4755,21,815,20240911,1303.58,4,2024-09-11 10:15:00
17096ee7-f972-4ae0-b1c1-41934fc5dc91,16,200,20241030,1024.06,39,2024-10-30 20:01:00
d24aefde-150a-4771-9767-1e99d522c910,45,606,20241123,1563.0,20,2024-11-23 09:48:00
8944e908-a0fb-45c5-b64d-56f6fb066f3a,7,758,20240727,1085.98,40,2024-07-27 04:16:00
af9d02f9-6459-427a-ada7-a2988db87e64,37,20,20240917,1599.77,49,2024-09-17 18:50:00
682db02d-f976-4dfb-ab5e-d399321aa49f,49,983,20240913,1736.62,19,2024-09-13 03:17:00
a2ca5b20-90e8-493e-a843-1311022887be,39,84,20240719,1051.09,13,2024-07-19 03:39:00
5729a1ee-da13-4ce7-88ff-7441ce158193,47,282,20241108,1608.2,33,2024-11-08 19:56:00
989eb1fe-b390-4185-93c7-ef623ebe0a78,43,799,20240629,677.18,43,2024-06-29 05:36:00
0432300b-0935-4246-9731-26b294857a25,49,858,20240706,638.15,2,2024-07-06 11:28:00
65414f87-8c2d-4571-892a-38775f7da65f,22,958,20240806,467.34,11,2024-08-06 23:33:00
eadf4db6-2d65-4b6e-a5ba-3f22c919c8c7,26,847,20240721,1415.13,1,2024-07-21 09:59:00
71f03059-966c-47d7-8c5a-c7327a1bd6e0,48,371,20240914,1852.97,50,2024-09-14 06:42:00
90a34503-efca-4b24-9fe9-9ca7b52cc001,2,379,20241101,98.84,1,2024-11-01 14:20:00
a4182fd1-3276-4c4c-8b9a-2f0ccfde6ba0,38,274,20240809,1913.02,13,2024-08-09 06:09:00
01267fcc-e206-4df0-a7c6-ba6110ba9ce5,32,699,20241110,1852.18,19,2024-11-10 06:40:00
9acdbbd3-9987-41e9-8080-c3ec6f1875bf,18,989,20241004,1003.43,11,2024-10-04 16:04:00
99d6f5d4-60b2-40e3-b548-941340ba3711,27,556,20240714,627.79,23,2024-07-14 22:39:00
a7438949-9389-45bf-8638-b82c0e701cd3,8,738,20241004,285.35,1,2024-10-04 14:48:00
c6136857-760d-4d9c-b703-5014a2d92edf,2,549,20240807,443.83,41,2024-08-07 05:20:00
139d4be1-40ff-440b-8c6d-5e0ba8f9f1c9,38,26,20240622,1208.27,12,2024-06-22 00:50:00
f4add594-9788-4bb7-aa1d-867283347d1f,19,594,20240725,836.09,11,2024-07-25 08:57:00
ebb79e32-cf0d-41d3-8ffd-0a7057aa5c6e,36,774,20240803,1017.47,23,2024-08-03 08:18:00
dbb2d1de-b6a4-409e-a77b-842e49aff609,39,395,20240918,1047.73,44,2024-09-18 12:06:00
a0fbd518-ef87-44e9-9ce9-c31ae86c1843,36,903,20241020,1814.61,41,2024-10-20 11:28:00
af1948f7-0eee-4614-88bc-0f9be8e519aa,19,957,20240913,74975.93,39,2024-09-13 08:59:00
93910697-daa6-459d-9bbf-6a6d3185c441,9,968,20240627,1929.66,36,2024-06-27 22:44:00
cc2982ae-83f3-4605-95a8-72a3b440ecee,11,457,20240914,112.12,46,2024-09-14 01:50:00
e78349fb-237f-43ac-ba8f-9f8294e161fe,33,214,20241028,1234.36,26,2024-10-28 20:54:00
0a069b1c-e692-4447-9581-81452eeff6d3,42,807,20240926,817.69,16,2024-09-26 23:04:00
f0bed9e8-a5cc-448c-b44f-c391927e6f92,50,440,20240829,1887.61,23,2024-08-29 06:30:00
b3870c47-3191-4676-b0e9-3b80b198068c,6,197,20240906,1385.6,4,2024-09-06 09:56:00
81b192e1-bbde-45fa-b309-79cbf971dbec,23,467,20240731,1705.94,17,2024-07-31 02:26:00
05f4b5e6-d69f-4c93-9e6a-00d00a61ee72,46,164,20240623,1226.78,33,2024-06-23 21:24:00
97133a10-0aff-4b30-923c-f908f5b01cf8,42,182,20240723,1164.91,19,2024-07-23 17:26:00
fd434c06-69dc-45c3-8c35-b47288ffbb80,42,383,20240725,708.39,15,2024-07-25 16:31:00
b5ba10ab-72e8-4ff1-99a8-947cae3e8fba,7,338,20240912,1967.39,37,2024-09-12 20:10:00
62eb89dd-7b5e-44c0-a156-6152a7d4495e,33,274,20240928,253.61,21,2024-09-28 09:09:00
36d6b720-a069-43a6-9e5d-1f3a1956848c,10,363,20240702,175.71,13,2024-07-02 04:39:00
36bd80f7-4dca-4184-9f70-ee2df484965e,10,667,20240925,119.66,8,2024-09-25 01:13:00
7750f8b5-072d-4643-ad9b-b28dd4ab6847,3,323,20240801,1212.78,35,2024-08-01 01:44:00
9403a40a-2992-4872-9aef-bce9beb7b4e8,27,634,20241022,1727.91,2,2024-10-22 09:30:00
1fb4d877-219b-4424-8068-b59ab14618aa,46,918,20241110,686.55,15,2024-11-10 12:13:00
f70bd449-989e-4d56-a50a-219c13dd1a5b,24,940,20241025,1303.7,5,2024-10-25 15:41:00
446ba258-2582-4638-a0b3-36d08409bf66,2,989,20240702,1838.81,19,2024-07-02 10:04:00
141e003a-3b5c-4a0d-9389-f02642d3cab9,12,846,20240825,847.02,36,2024-08-25 10:59:00
b245e128-c3b1-4820-a252-25fbf663f1af,30,187,20240807,73.8,13,2024-08-07 22:51:00
76ae1025-0315-42e3-a3ed-30399d086b4d,2,810,20240803,451.63,40,2024-08-03 18:37:00
a4a7b886-0358-432b-aed1-aa9b183345aa,7,918,20241001,1612.56,27,2024-10-01 00:24:00
95873d4f-f4f3-4658-8872-8d9720f75f67,41,145,20240823,405.74,38,2024-08-23 15:00:00
2a58b488-e743-42b0-8a85-c217897adf24,47,461,20241116,1872.2,30,2024-11-16 17:47:00
269fc879-e91a-4f4a-8871-28a82a4c9a32,37,460,20240907,330.27,32,2024-09-07 02:58:00
a39f7e3f-e45c-4a0f-a8a0-bca7be86ab3e,7,453,20240828,76.63,37,2024-08-28 18:24:00
580f2a4f-5f50-4be7-acb9-a20ce46d6643,38,641,20240719,288.76,25,2024-07-19 14:58:00
2bf5ffa1-c437-4402-b860-3a095633b9cd,15,287,20240913,589.6,6,2024-09-13 19:52:00
084fd7cb-5c99-40bf-86f9-32137b005646,16,705,20240830,959.36,35,2024-08-30 04:13:00
9d62f410-7fc4-4575-b12a-111af0da1a90,3,357,20240712,396.46,19,2024-07-12 23:09:00
da629630-5c88-45bc-a7a7-408ed7d61399,29,860,20240603,612.05,9,2024-06-03 19:29:00
f405baf3-c7c9-450b-a7cf-f820df2b372f,1,995,20240808,1779.5,21,2024-08-08 11:53:00
f114ae33-3c6f-42e0-ad2e-95520d39066f,31,484,20240922,1457.19,27,2024-09-22 06:50:00
ff3f45ff-9ed1-43db-9779-f7c470602997,10,468,20241025,1467.11,30,2024-10-25 19:54:00
35d4db77-2bc1-4a65-b7c1-a5308f6fa594,15,757,20240814,89.78,12,2024-08-14 00:17:00
73e0de56-ef01-46e8-b3b1-21a1002639cb,43,945,20240609,1741.59,34,2024-06-09 15:45:00
b0aaf37e-0576-47e8-b81d-304ae7df37c5,6,876,20241029,802.93,18,2024-10-29 14:51:00
41c0c2d0-f354-44e2-8127-6fff577e2a60,10,435,20241031,1527.93,22,2024-10-31 22:31:00
4d4393e3-4f9c-4786-bfbc-59c0d384216d,30,178,20240610,639.46,38,2024-06-10 05:46:00
c750fe37-5c7f-4830-a5c8-03d5e4d52b73,18,184,20241006,498.17,24,2024-10-06 23:42:00
d9d2711b-1b64-4f10-82b3-ce332f74a9fd,16,79,20241114,1378.37,34,2024-11-14 17:25:00
01dd6d38-e6c0-4020-a98e-86db3721d583,41,867,20240906,1535.16,2,2024-09-06 05:49:00
4203af17-b547-436b-a18b-8b93aacca20f,30,997,20240930,1017.36,18,2024-09-30 21:33:00
7fe22ad8-c059-4611-8202-8d7d1a808cee,18,322,20240617,913.64,39,2024-06-17 04:49:00
9cfceb43-0c77-464f-8b72-57e6d63c0207,11,758,20240823,1217.07,32,2024-08-23 04:55:00
f30b1bb6-ec43-4e61-ac76-d309ae06fbe1,26,220,20241029,1315.09,8,2024-10-29 22:50:00
485e8f04-1f64-4939-913c-bafb3b992902,50,468,20240711,1538.95,11,2024-07-11 12:52:00
b5f3f3b9-1556-4669-aca7-808339179bb3,25,15,20240605,1027.64,49,2024-06-05 15:10:00
f43f0b7d-38fd-4de7-b467-fb3684df89e2,39,800,20240722,1998.14,50,2024-07-22 08:03:00
63e6ebe2-a8d5-4f60-831f-60ee9ca08ab8,17,709,20240922,1381.37,39,2024-09-22 04:29:00
579de368-ba30-46bb-b913-3ec66856ceb1,29,40,20240901,1882.88,4,2024-09-01 16:38:00
e742c881-0aa2-454d-9ccb-66650fbfee9b,44,571,20240701,1918.5,5,2024-07-01 07:37:00
f1160333-71e6-4461-a084-c5c6e1ee5f08,28,414,20241026,109.58,23,2024-10-26 14:30:00
7a77472e-0d55-4703-b267-98d5aedda0be,23,132,20240726,1670.22,50,2024-07-26 04:58:00
697bfb2a-0065-433b-9fd4-a5f675981850,2,551,20240914,1652.76,22,2024-09-14 14:10:00
746c42bf-3ab7-40a5-8695-f9ca5c42a55c,15,435,20240821,1656.91,7,2024-08-21 13:42:00
ca903f80-9787-498a-b87b-3e3a341e598d,9,515,20240808,1178.72,5,2024-08-08 00:27:00
79fb4f43-832a-453f-8336-318619fa5d82,20,305,20240609,1357.18,36,2024-06-09 12:50:00
493dffff-8669-4304-87ad-9a63299d36b7,18,806,20240629,638.93,45,2024-06-29 17:59:00
f1197330-10ee-4ee1-b165-373b76d73ce3,49,597,20241120,1969.95,8,2024-11-20 07:37:00
2d271245-2f44-45cc-a44e-974a396bde13,11,752,20240909,162.92,34,2024-09-09 09:09:00
ffed65cd-5594-402c-9d70-b7fcd88eeeee,17,221,20241026,602.53,20,2024-10-26 02:53:00
aa1e2a64-e6ac-471c-ab99-b39fdeac9462,42,338,20241002,1879.42,44,2024-10-02 04:49:00
4f06813e-0149-48c2-a8e5-4093ba28b545,47,295,20240711,886.33,10,2024-07-11 15:43:00
436ab867-0ccd-4c9f-9e1b-3d5b1498a389,45,623,20240607,1080.53,16,2024-06-07 17:37:00
7ffd8d75-d385-4aa5-b07e-8a419697575c,42,86,20240709,738.63,21,2024-07-09 17:32:00
4b817411-784c-400a-9835-ca3f6c6d3343,8,981,20241002,1040.2,47,2024-10-02 12:00:00
367d0871-bc4d-4ae2-8b41-f47193b104b4,18,53,20240929,971.33,38,2024-09-29 00:56:00
ce2e7bdb-77bf-4a7e-9f9f-7c1c9ea60a07,50,223,20240620,269.17,2,2024-06-20 12:19:00
18989170-ed68-4946-bc90-dff4d8bfbcaa,7,648,20241115,568.97,16,2024-11-15 05:28:00
c79c093c-6b02-46d1-a6b9-9f41f08f3ce3,29,99,20241111,1682.9,25,2024-11-11 16:20:00
edbf5feb-2bde-457c-950b-f7a797ffe021,40,340,20241105,1348.28,24,2024-11-05 06:43:00
b7359acc-5de0-4fe5-88c2-427022d0c260,24,802,20240717,1114.05,19,2024-07-17 14:09:00
b6daa5c4-e806-4960-9a26-c8017c184fd3,7,231,20240731,1794.21,27,2024-07-31 13:36:00
1f2bceea-5fdd-4e1e-a3b5-db3f0a2e88ac,40,705,20240731,845.81,50,2024-07-31 04:21:00
8d04de2b-eca2-4954-8311-8e1b2c36fdf0,30,378,20241106,237.82,44,2024-11-06 06:51:00
7a9a31cc-a72e-4912-af75-c3afb215d49f,3,871,20240926,1857.33,23,2024-09-26 08:11:00
b6b20f91-7bd9-4e29-a55e-e3b8ab818fe4,8,642,20241009,193.28,27,2024-10-09 21:55:00
20548d7a-df02-41ca-9ae5-a3ce83b55034,9,837,20240820,862.78,4,2024-08-20 02:51:00
ce621858-fa9d-4b4f-bce5-91ec68909c61,37,533,20240804,726.19,32,2024-08-04 17:11:00
72be0740-2759-452f-b4ee-703330797f30,35,767,20240916,363.18,48,2024-09-16 03:13:00
84b242d9-31b4-4ea5-a572-7881b2f2e984,5,683,20241026,96.16,34,2024-10-26 00:20:00
b88e6d2f-fc6f-43c3-9afa-08983b5b0b9c,2,484,20240626,1516.52,32,2024-06-26 04:16:00
f56cd43d-9bb8-4f40-a0b0-bd9b08c9f5b3,15,213,20241010,1342.86,2,2024-10-10 08:10:00
186fcc1f-b36a-4363-823b-fbc3c0eba971,12,38,20240822,57947.39,8,2024-08-22 02:54:00
8d2fd401-cb76-4e0d-aede-dfc5a46cb011,3,414,20240929,1963.24,24,2024-09-29 14:30:00
65f0e908-bab2-41dd-bbbb-4407055022ca,47,899,20241106,1274.76,1,2024-11-06 04:11:00
197b2b31-b009-4246-b165-32b67af32d96,42,665,20240917,1883.2,29,2024-09-17 23:56:00
351b2e80-855e-4b42-9e31-b538878f6ac6,26,776,20240727,1357.03,24,2024-07-27 19:45:00
e1d72021-f4e8-458e-b422-eb850d8037eb,40,150,20240606,1292.63,46,2024-06-06 05:34:00
e8856edf-3305-4dcd-9b35-c092636f6b0b,33,624,20240824,1251.65,18,2024-08-24 21:25:00
42e4f65c-f905-4c2e-9134-098e710eed2d,28,932,20240730,936.38,42,2024-07-30 15:58:00
671f8654-4e53-46ce-b31b-4df8a32b09a2,43,537,20241105,476.19,22,2024-11-05 10:31:00
8b422e12-f596-405b-99f2-aada7437eb8a,25,161,20240607,1323.54,3,2024-06-07 22:53:00
49b493dd-82d8-4b2e-bad1-8ebc849fbc4c,16,204,20240818,1890.53,28,2024-08-18 21:03:00
58717b51-ce4d-4996-aeff-b50da2bdfc38,17,63,20240924,1526.69,10,2024-09-24 14:05:00
1fc46947-7d84-4527-950f-85df468bc1b1,7,94,20240704,1327.35,8,2024-07-04 17:01:00
b1193c41-019c-4cdb-9b9e-43bb1c1fe837,36,322,20241023,1186.27,40,2024-10-23 17:00:00
858076bd-2931-48e2-b595-cd194518b37a,40,163,20241027,1745.11,40,2024-10-27 13:15:00
5fe91635-6c7e-44b8-b6e5-5e6836a469ea,7,675,20240712,1246.91,44,2024-07-12 07:40:00
bd2031e7-1049-407d-9ad6-c71e993ef455,45,182,20240723,1853.04,20,2024-07-23 06:42:00
edcc8f5b-8f09-4a65-8ecb-b3f8677b7f9a,10,599,20241024,1954.27,8,2024-10-24 04:19:00
5b782240-13ec-46e8-a6a7-47a8d81612c9,41,98,20240926,107.45,45,2024-09-26 18:58:00
b5dac3c0-c62f-4393-a5e3-28ebe01dbc60,28,765,20240622,232.91,44,2024-06-22 04:20:00
34c7d2c4-cb27-452b-8e23-0e2c3d88f2a0,38,105,20241016,1219.89,30,2024-10-16 06:54:00
008b488d-439e-4131-8f98-00d15a38cb89,9,436,20240628,449.11,7,2024-06-28 21:41:00
2907ad7e-ed84-4247-a260-e65885982cba,28,732,20240719,261.2,17,2024-07-19 12:44:00
29b8bfd7-bcaa-4140-b1b3-d37862231044,41,166,20240601,983.18,42,2024-06-01 21:06:00
61ed3bb2-770c-4630-a570-7df4453f1bfd,19,504,20241120,655.16,11,2024-11-20 01:58:00
cd12c3c7-f425-4662-8691-7467ee6a04eb,31,770,20240611,572.12,25,2024-06-11 08:56:00
f271eb5c-5d9a-4f2c-9261-8d21ad8782a1,28,26,20240609,554.81,16,2024-06-09 22:41:00
6e9491a8-813b-407b-ad26-55d1049d1859,44,439,20240926,1354.03,39,2024-09-26 19:44:00
f8407209-8fc1-42b0-82e0-2acb1d32ecb1,38,168,20241004,1486.14,1,2024-10-04 17:26:00
7bfa4763-02d8-48cc-bc31-6ac03f9f42cf,18,386,20240619,1917.51,45,2024-06-19 18:58:00
69e32fe1-8802-4317-9440-5472982e732f,10,20,20241104,1123.52,40,2024-11-04 15:02:00
d5c00ad1-dd67-448d-89cb-ee3ef1707f4d,50,417,20240602,1866.35,23,2024-06-02 00:36:00
5b0b9016-ef9c-496e-b93f-f3ffc4cd964c,38,9,20241004,1169.64,40,2024-10-04 14:35:00
af07a838-f2e4-4893-9781-746ade9463c8,50,997,20240716,1738.77,23,2024-07-16 08:06:00
9f47ea98-e0d2-486f-9021-29afecd0b97e,24,414,20241020,1131.02,11,2024-10-20 09:09:00
acddbc0a-0972-4c04-a2a1-09b253e45c96,42,735,20240814,1107.11,24,2024-08-14 14:51:00
84ce7556-8e1f-49d0-9cb2-d9a58f0c1a51,37,24,20240608,562.38,30,2024-06-08 15:16:00
cd04c988-0a30-4e9a-ada8-404d8b5d34dd,8,118,20240901,1887.92,37,2024-09-01 14:10:00
13b60ab7-5e72-4910-b22a-f6c54ccccec4,41,616,20240618,339.44,48,2024-06-18 18:51:00
bd903631-e81d-4f95-8e45-c002739db381,13,761,20240715,1458.79,50,2024-07-15 12:58:00
6894e91f-0c0a-4494-9b15-ecbf893e8b5c,22,626,20241022,641.1,35,2024-10-22 02:02:00
e0a67d2f-fdf7-4566-be61-7b6ebd2d31fa,34,360,20240731,1351.51,25,2024-07-31 05:03:00
b8731a88-a8ba-4c73-9c44-90d01e6ed7e7,23,864,20240618,706.51,18,2024-06-18 22:53:00
8ce892d6-eb94-423e-96a7-e12772f05396,27,177,20241104,306.14,38,2024-11-04 02:30:00
ea907499-c97c-4775-af88-1f87ef600c35,14,869,20240612,1015.34,27,2024-06-12 08:16:00
2114d816-5d4e-41db-bce8-82fb251bafc7,19,854,20240831,1604.41,14,2024-08-31 09:23:00
b1e0a186-e275-4c37-aec1-8eb2b021fe5c,45,363,20240805,1781.61,25,2024-08-05 01:31:00
d4ceb686-2bce-42d5-8261-2d283f5d5363,46,766,20240901,488.96,37,2024-09-01 10:47:00
dfa47e58-2d52-4327-a43a-daef9db1ffbc,28,916,20241015,352.46,7,2024-10-15 07:44:00
46981e0f-c993-4865-97aa-3d7f88870794,31,40,20241026,1500.76,28,2024-10-26 01:09:00
11fb7c2c-9add-46bc-9eb5-41f4069ab2bb,2,308,20240830,1057.57,25,2024-08-30 00:35:00
c7ed5fd5-45f2-4c23-bbad-5c9f8138a0e9,34,224,20240809,1949.77,40,2024-08-09 11:02:00
78a7b04d-c35e-47fb-b989-74445a73b6e8,41,164,20241015,71.98,9,2024-10-15 18:30:00
40bd5cda-1e34-45c4-a621-25f748bc0058,11,423,20241024,1573.43,9,2024-10-24 23:51:00
6dc83202-450c-4545-804c-213b389e787a,2,231,20240812,855.88,28,2024-08-12 22:54:00
8d90e007-596d-4f15-a637-8c676e133a41,26,179,20241118,863.68,18,2024-11-18 21:02:00
cd265515-82b9-4b32-8ba5-04531b40dcd1,25,883,20240702,678.57,34,2024-07-02 12:58:00
4bdccb6c-06ee-4660-8200-72f9fd2688a7,8,530,20241016,1219.4,29,2024-10-16 17:44:00
5d228c08-885e-4061-8924-4f5633d94da8,44,727,20240912,697.89,33,2024-09-12 18:25:00
a8011ecb-8e95-4770-af88-8b3accea86d7,3,865,20240602,1110.42,6,2024-06-02 11:38:00
d66bd98b-db86-4aaf-bfdb-9260fa08661c,26,180,20241105,1412.3,4,2024-11-05 06:50:00
b13a9ec5-247e-4b61-8dc7-536b98d84851,4,378,20240627,1487.14,20,2024-06-27 02:30:00
84fa710d-f385-4af6-8fbd-aa853373087b,17,214,20241116,1646.56,43,2024-11-16 14:15:00
d0b438c9-c151-4051-959a-eb20e39caa5a,49,955,20240926,1367.46,23,2024-09-26 19:18:00
ee0bc2e0-9232-461f-a541-61f788abb0aa,14,806,20240715,970.96,14,2024-07-15 05:25:00
c63f7f44-20dc-49e0-b744-13145fff6e10,46,871,20240627,252.44,47,2024-06-27 11:09:00
f1f2c8f0-8415-47b5-a567-2290831cafd6,1,312,20240621,329.69,1,2024-06-21 06:47:00
7b6a1c65-c130-4b8f-b4cb-655d19f4d54d,12,296,20240703,1109.81,37,2024-07-03 01:59:00
571cf09b-b3b6-41da-9795-224c08472027,36,661,20241008,290.54,41,2024-10-08 03:34:00
7b0366c9-bb0a-466f-8010-1030ac1d0be0,24,851,20240623,1744.95,29,2024-06-23 04:50:00
147e8e87-acc9-4f76-9845-3b1bb667b8b9,12,782,20241123,608.98,35,2024-11-23 11:37:00
e0ae9c82-2640-4ccb-9cc6-4b14223410cd,25,743,20240706,952.39,4,2024-07-06 11:25:00
3f20a3d0-cc94-4fb1-8b68-fd5e48a2c13f,6,880,20240714,1654.8,47,2024-07-14 03:09:00
ad560161-3d3d-461c-ba27-206afd453e7a,33,367,20241018,324.72,20,2024-10-18 23:18:00
efd05a11-6947-4f54-9606-8ceeb6bb5976,27,672,20240613,755.13,9,2024-06-13 03:29:00
6148c67a-3f1f-4ad5-8bd1-26cc9aa1a84c,13,676,20241123,976.81,29,2024-11-23 18:29:00
52696f49-4393-4c96-9024-8ec76044f411,32,86,20240904,928.06,15,2024-09-04 15:34:00
c3f7c8f9-0da7-4cc8-b7d4-c8e3a396ee33,38,924,20241020,1391.39,38,2024-10-20 20:32:00
b0da9cf9-a952-4a96-af72-942b586c2276,24,751,20240821,1932.03,31,2024-08-21 22:05:00
84dc26db-e474-444a-8c48-3db56d338cde,32,834,20240726,538.81,17,2024-07-26 19:17:00
05fded45-02a0-4039-a2c8-45e17443d9b6,23,818,20240823,742.15,46,2024-08-23 11:20:00
abf07ace-f0e4-4767-951a-1c9565f35aa7,4,470,20240816,132.37,44,2024-08-16 15:20:00
1a1e79c7-5960-4ed2-96ce-643eb620c913,8,583,20241017,1345.3,35,2024-10-17 22:00:00
91334560-9874-435a-99e0-4bdd34b34b4b,20,351,20240701,520.74,50,2024-07-01 02:40:00
a87c1839-1e8b-428c-9364-52bd1d53db8a,37,815,20241021,1593.64,33,2024-10-21 00:57:00
93123726-5a1e-4075-a4a0-18278aa7920a,33,524,20240823,1736.71,13,2024-08-23 18:44:00
75f0649a-8ef3-4a60-9841-aafff2902fa9,23,846,20241122,1076.48,22,2024-11-22 08:48:00
fd4f915c-cc5c-4431-a49b-66edb780511f,29,526,20240619,672.24,19,2024-06-19 12:12:00
f7e701a8-a385-453b-bf27-6f9fe68d16f1,24,147,20240811,1719.04,12,2024-08-11 01:28:00
7467d0d0-fa6d-4412-8f47-e60a8a78f9c8,28,589,20241104,460.23,11,2024-11-04 17:34:00
4ca0da5d-8d29-4945-b438-154e41720871,4,585,20240627,614.84,45,2024-06-27 22:14:00
2b8e9a1c-6a77-4ef7-9215-997c0286ab8e,23,567,20240818,1514.88,11,2024-08-18 15:29:00
60f83f63-0a7f-4f71-8ff4-e4521f6caf04,27,75,20240814,324.59,19,2024-08-14 12:15:00
a463c54e-b502-4a2b-8a2b-16eb0b42c86e,35,292,20240625,1252.74,45,2024-06-25 21:15:00
a88f963e-c3a3-4b26-9e8d-f5fbb40c50dc,23,351,20240805,424.04,29,2024-08-05 14:42:00
c2a5edbd-d6c2-49f3-8387-4d61cb874ac6,29,57,20241110,1198.12,5,2024-11-10 06:01:00
0e41bfe4-253f-4d86-92ce-042a216454b5,7,346,20240903,702.3,35,2024-09-03 00:40:00
234bfc4c-b7e5-4c27-a4cd-e74ad09db624,15,737,20240710,860.87,26,2024-07-10 22:18:00
d14d5888-51fc-457c-860c-0b99b69c623d,20,387,20240903,321.65,2,2024-09-03 16:23:00
6ce90a64-ed12-4f6a-b41c-4e943bc9546e,24,277,20240916,1081.97,19,2024-09-16 17:27:00
afbc7f66-cc3c-4f8b-96ad-c6931dee1658,1,854,20240624,1901.31,15,2024-06-24 02:34:00
0d7dfa0f-1c8c-44e5-99d2-caa39523d16f,5,138,20241005,712.85,43,2024-10-05 20:26:00
ae742497-9baa-4b6d-a752-565498fb44f7,3,748,20241025,1358.81,46,2024-10-25 02:26:00
1f00eb95-f3aa-4bfa-95b8-2ef83cf4f4dc,32,906,20240928,1848.51,17,2024-09-28 14:29:00
0c615746-48be-4a03-8125-2d457c736d5e,28,796,20241029,1642.79,24,2024-10-29 04:58:00
b308bf5b-7246-4e5a-a238-adb8f588baa8,35,8,20240906,1432.51,37,2024-09-06 22:49:00
d52fed9b-3d53-4478-b059-dc9ce930c8c4,15,366,20240809,405.16,12,2024-08-09 14:21:00
64a048dd-6c81-496e-8864-fd7f10b69651,15,728,20240915,494.24,16,2024-09-15 04:58:00
0c22e6b2-9690-487d-91d8-1bc09ebbf34e,8,446,20241008,1062.42,39,2024-10-08 10:23:00
a4e7fce5-2160-4104-a5b6-18c8572c612b,5,165,20240607,497.61,2,2024-06-07 09:06:00
71399c3a-8ab6-4514-9a67-f895c589e64e,28,48,20240825,1465.79,38,2024-08-25 22:13:00
7dac984e-22f1-4445-bc14-d89fbdfea8b7,48,563,20240917,995.45,35,2024-09-17 20:22:00
50c1b694-f11e-45c1-a1ea-4b452e18fe43,31,105,20241006,486.27,40,2024-10-06 20:47:00
1faa1c26-3603-4009-b425-4a9644dfd512,10,787,20240624,1788.4,24,2024-06-24 22:23:00
172f155f-35fc-4be9-99d1-0be1cf35e3d3,28,704,20241029,1393.61,40,2024-10-29 16:20:00
604053ce-e237-46ee-8d9e-e3aba7678ca8,16,566,20240814,860.29,6,2024-08-14 03:30:00
b957cc65-e021-4f49-92d8-9aad073362dc,41,593,20240602,145.95,5,2024-06-02 10:06:00
9422f893-df71-4b21-b411-e7e3649fc90e,30,13,20240801,728.17,14,2024-08-01 02:34:00
98e8c2ba-429c-4136-89c7-94ba73d33592,22,82,20241119,1431.16,7,2024-11-19 20:14:00
636c4846-70b5-417d-8092-4bbe696dc169,36,75,20240730,962.44,17,2024-07-30 05:02:00
d7396349-8d2e-4d1c-9014-3c40b7444a43,32,519,20240628,601.83,17,2024-06-28 06:55:00
ceb7bbf3-2212-4fe5-bc00-f3798b1fef84,39,818,20240907,751.04,33,2024-09-07 12:24:00
9e24170c-9d8c-48e7-bfd7-7e0d4359b2bb,30,127,20241013,1000.74,23,2024-10-13 12:24:00
23724598-c647-46ea-9e04-d388c2e8cdbf,45,363,20240902,271.96,25,2024-09-02 03:16:00
fd7f8f70-dbf1-45ab-9acb-15f1494bb97d,47,252,20240708,479.7,6,2024-07-08 22:15:00
91f4f6ce-db0f-42f1-960d-a775926638ec,36,259,20241010,1420.06,40,2024-10-10 10:58:00
a1be0620-1410-4b8f-9e28-dbd84fa85595,15,203,20240607,164.73,14,2024-06-07 16:41:00
7bfe695d-00ea-48c1-b08d-d2b93533d944,17,533,20240726,915.02,49,2024-07-26 14:26:00
bd9921ae-c5d7-413b-ac24-80c847df574c,6,831,20240922,1102.56,44,2024-09-22 18:53:00
ea905288-40b4-413d-b8a0-ed3f612a13a2,1,165,20240817,295.83,48,2024-08-17 13:43:00
83618174-a526-49ed-8a0e-ad00f70b9155,24,219,20240611,1349.1,6,2024-06-11 00:13:00
27d5de68-3799-414e-9e3b-6cf380fdcbd9,42,256,20240922,1403.03,36,2024-09-22 15:25:00
41044105-e5de-4f58-98a1-f8ce170779f6,23,592,20241019,1638.35,25,2024-10-19 01:20:00
1a01067d-feed-4290-8175-ead7816f651b,49,290,20241122,647.87,38,2024-11-22 12:01:00
c4b370a9-c73d-4028-8e69-09c84c54cd80,32,165,20240903,1805.38,31,2024-09-03 03:32:00
9a779059-8bc8-4041-a87f-1380b6a6bd93,9,17,20241005,1420.41,16,2024-10-05 18:05:00
0611d835-0de2-4bf2-a39c-d228e9a31708,29,210,20240613,1957.58,23,2024-06-13 23:07:00
b15f06e3-5a9d-415e-a65c-15a41257025c,1,901,20240804,1115.85,40,2024-08-04 14:39:00
cdd58995-118b-4c97-8aa8-8b5993e9017f,30,945,20240715,519.54,15,2024-07-15 18:18:00
b444b076-e513-481e-af57-6ac5b2344d0f,13,542,20240802,1078.83,6,2024-08-02 15:15:00
0f798351-b00a-459c-9f2d-dd15ff6cd66d,9,682,20240825,1532.27,11,2024-08-25 09:41:00
726ecc48-59ab-469b-98dd-ff0d5f35c795,9,929,20241012,450.19,12,2024-10-12 20:33:00
1ee75beb-d71c-40bf-aa35-de2ed89ce697,10,437,20240905,1371.46,33,2024-09-05 20:18:00
0c9e7f5a-dc4f-40de-9f4e-02ba2040ecef,47,226,20240816,1418.86,17,2024-08-16 15:32:00
08803f53-8873-4f7c-83ac-addf7f3a283f,13,226,20240923,1267.95,35,2024-09-23 12:25:00
0ee25e39-3083-442b-8abb-ea9d69d564b1,11,133,20240623,1714.05,46,2024-06-23 11:56:00
1e74abde-9d14-4f3a-99f8-30cee03d5578,4,84,20240827,335.11,25,2024-08-27 09:59:00
1d87c177-4150-402d-a769-3a95a4ab9240,9,447,20240605,216.34,47,2024-06-05 07:37:00
6d52b8c6-be35-45e3-b9d8-26cfe5e9f9ce,1,725,20241101,1429.94,15,2024-11-01 04:57:00
9350550e-eae7-42ed-8e39-8f797395a462,26,719,20241112,744.39,41,2024-11-12 23:57:00
225204fc-9ee0-4080-9a31-3a633a815f08,33,632,20241025,1626.16,34,2024-10-25 18:09:00
9b4a7e62-ccff-4e58-a62d-4e30c6770c60,4,49,20240709,1914.87,15,2024-07-09 10:48:00
27d94727-08b0-4466-92b7-0b0f291f8469,32,798,20240813,885.34,26,2024-08-13 18:31:00
6b344fd2-f5a8-4cde-976a-11076157ff3f,24,711,20240618,1663.36,30,2024-06-18 21:18:00
3dda9802-bd29-4abb-8a10-1f943b845efd,17,719,20241009,1624.64,22,2024-10-09 13:42:00
539024f0-a859-49fe-88a1-07805d744768,22,105,20241126,1441.86,24,2024-11-26 17:47:00
e13e04dc-a348-4320-8870-e32618c24660,46,179,20240612,1385.82,34,2024-06-12 12:03:00
69398204-32a3-4bb8-b8de-4695198a0faa,5,56,20240828,1579.09,14,2024-08-28 20:33:00
114949c6-d8b8-4a8c-b631-be5dbcefe221,33,426,20240607,1319.0,5,2024-06-07 05:15:00
ee78a657-f451-48d0-a267-a30ce7672702,16,164,20240826,522.56,48,2024-08-26 03:58:00
7abe80e5-bec5-4940-9b04-bfe68a130118,18,224,20241110,1064.66,24,2024-11-10 08:18:00
2716959c-9e12-4b8f-bc78-a43fe4bdb41e,46,188,20240703,334.43,29,2024-07-03 01:45:00
b91fe025-f365-4883-b6ba-cddc4503b664,7,422,20241110,1142.24,28,2024-11-10 09:32:00
6a3619c5-4f55-4c8e-9fdf-70270e9b21fe,24,676,20240917,371.03,49,2024-09-17 12:06:00
8d4f3a3e-f620-4c5c-9274-2f574d093415,19,884,20240613,1419.18,5,2024-06-13 09:47:00
4e32b3cb-5083-4222-b815-3cae8692d55d,5,2,20240719,363.39,27,2024-07-19 04:12:00
fbd34f13-2760-4ef1-92fe-4b5c5875cdfd,11,319,20240615,465.36,18,2024-06-15 05:25:00
a9f8f101-db6d-4e31-a663-70a85dc57fab,25,621,20240728,211.1,36,2024-07-28 17:46:00
bb51e490-2f7c-46e9-9485-91abe7605ba7,23,959,20240706,418.49,10,2024-07-06 05:33:00
5742ca8d-bf56-46a3-94df-de86c887ba6c,29,68,20240728,1170.06,34,2024-07-28 22:47:00
558bffd5-ed0e-4309-8161-deec64df95b0,3,77,20240928,417.04,24,2024-09-28 22:42:00
39c01e8e-dc95-4242-b00f-67ccf64ceb56,37,41,20241024,1258.56,12,2024-10-24 01:47:00
cd3d5600-ffbe-46c9-8017-271ee075342f,7,285,20240927,1807.4,42,2024-09-27 20:32:00
c3b2b053-7df2-447b-ad41-55512fe89ede,50,255,20240918,657.08,34,2024-09-18 19:51:00
555178d7-30a9-4c47-a5fb-249fa05fa488,32,517,20240708,1411.16,50,2024-07-08 09:56:00
1515c637-8f3d-4bd3-bdcd-4f5661a2a9d3,43,577,20240801,1620.69,40,2024-08-01 19:18:00
de89fe97-9009-4965-91be-83d49b2a8e13,14,200,20240623,1119.19,6,2024-06-23 12:16:00
9622e350-9e95-4025-9cdb-0d5bd1669911,30,67,20241116,1490.18,1,2024-11-16 16:58:00
b2cde40e-a830-4ec6-8f55-241335aae7cc,34,823,20240709,1378.82,10,2024-07-09 14:21:00
c8da6b8b-1eb5-4c47-879a-62b364249732,40,154,20241120,892.19,30,2024-11-20 17:50:00
e689d8a5-1236-41ae-8039-b8d6fa5b7346,8,617,20240716,1909.73,24,2024-07-16 03:31:00
a0a478cd-8ab9-415d-85b5-803acc17c25b,4,796,20241007,1256.13,38,2024-10-07 21:53:00
9ff9a9fb-6368-4cd5-bb67-42cf5b61fa18,48,257,20240627,274.16,48,2024-06-27 16:04:00
dcd24495-9bca-4ee4-8bf8-a19c383879c2,41,616,20240804,1648.36,6,2024-08-04 01:59:00
0411c7d7-2776-4283-9974-cfa68afc6be5,35,695,20240616,1876.31,34,2024-06-16 14:56:00
2b84bfcb-ed75-4c49-9879-b6dfa2e4b5dc,23,604,20240813,697.29,13,2024-08-13 13:03:00
4d365c41-bcda-40c6-9b49-0cb8f5a41a47,26,17,20240711,1126.56,23,2024-07-11 07:43:00
e65527af-7d8e-48c3-b2eb-519aff5f95d6,36,472,20240611,1133.51,28,2024-06-11 01:09:00
a035c6d1-a9d6-4362-9d18-596d4b94982f,18,993,20240813,1237.45,47,2024-08-13 10:45:00
c689f7c9-8e85-4739-8572-9bb90a0a2c24,9,382,20240814,179.32,25,2024-08-14 01:58:00
d0beb938-5bf5-433a-824a-bea52d22b52c,3,849,20240618,179.38,18,2024-06-18 13:40:00
09756b81-d295-425e-a8b5-6980de210bae,24,800,20241021,714.34,31,2024-10-21 18:03:00
ffe78d83-1032-4f4e-96b6-c7b09b512c69,41,91,20241123,1422.53,50,2024-11-23 02:03:00
be399d0c-6892-4a9a-a3f2-bf5503ea6732,23,134,20240815,346.09,33,2024-08-15 10:01:00
7b410b4c-033d-4408-8f2c-99d5b82151b8,11,215,20241009,904.85,29,2024-10-09 05:22:00
2a2b8cc1-c141-4ee9-9970-7d17c2b2ad3a,1,156,20240617,1570.49,8,2024-06-17 05:27:00
9b4a2e0a-c513-4844-8cb7-ce4fc644f73a,21,171,20241022,1939.81,49,2024-10-22 17:26:00
d9ae0d0e-6b94-4b66-a2d4-107d92b0d1bf,18,958,20241126,1074.23,28,2024-11-26 06:57:00
695dc421-a567-4ff9-af2c-614639abc740,33,112,20240621,329.82,7,2024-06-21 11:58:00
bd081815-c7ab-4430-9365-997cc26dc78a,25,643,20240930,1160.87,42,2024-09-30 03:49:00
a73e5ccb-a04f-4b05-961a-ababc2704c95,10,605,20240731,1671.42,47,2024-07-31 07:40:00
f3376615-5e13-40bc-b48d-f2836cf85c54,36,502,20240822,424.7,9,2024-08-22 15:49:00
91b43ffe-c971-4a39-acd5-3f613026a4b9,40,279,20240708,463.35,18,2024-07-08 21:40:00
f4354428-68b0-4106-8fc2-4a1ddd698a3e,11,782,20241023,898.13,13,2024-10-23 00:42:00
0e9cca06-156f-48b9-a72a-bcb9156de690,29,957,20240908,1373.87,10,2024-09-08 20:44:00
f2aaf669-9254-4ed3-b9b3-b19a53086ab9,25,725,20240911,624.92,37,2024-09-11 06:54:00
e7319784-09fa-42c3-97fb-c2fd0eb69423,39,866,20241103,662.4,40,2024-11-03 20:10:00
5e3c261a-5875-4025-afcd-7c4bc36a5437,44,226,20241016,1379.48,37,2024-10-16 08:06:00
b1c90a4c-e854-45af-afef-1565492dafb3,21,747,20240831,686.62,26,2024-08-31 07:09:00
261f507d-6cf3-4c05-b6f7-3427a3114768,26,266,20241022,363.99,13,2024-10-22 19:40:00
af72b036-4b94-45f0-bece-8eb5240c4aa9,36,780,20240810,1951.39,32,2024-08-10 15:57:00
b8457903-2463-4c0e-950d-7747ded0974a,2,16,20240927,917.34,28,2024-09-27 08:18:00
9924af4d-ab88-4671-a493-a5b64afd0b61,30,851,20240918,1033.61,6,2024-09-18 15:28:00
cd35119f-2720-4b2e-be39-3a6edd90075f,9,596,20241122,303.63,16,2024-11-22 20:12:00
161fc32c-1010-48b5-a38c-78ae05b43f6b,20,703,20241029,175.58,8,2024-10-29 23:13:00
c10d9eba-28cc-4695-b959-e8c56c8d8426,44,112,20240719,1219.73,20,2024-07-19 00:42:00
905a73e3-c06e-4704-b99b-507ca9694cdf,41,937,20240609,446.31,50,2024-06-09 19:22:00
a9e241f2-b9d0-49c0-9628-79b8f08bbcee,41,2,20240704,1374.93,29,2024-07-04 11:58:00
8a668c7d-f185-4887-ba71-0a9c6235a4c9,34,133,20240923,62.74,40,2024-09-23 01:36:00
d6969685-ee4c-4eba-8b99-036dfa79084e,36,673,20240605,870.49,40,2024-06-05 01:40:00
3dfa1df7-5f04-4303-a659-39ffa17ddcf1,41,797,20241023,1291.29,22,2024-10-23 23:23:00
b3ee9d23-d70c-4e30-8b1c-63830a899f5a,3,857,20241127,674.91,38,2024-11-27 13:30:00
ef92b1ce-46d9-4d8c-b300-8760e44bbba9,37,523,20240804,1596.72,38,2024-08-04 21:40:00
aee1f8d0-b57d-4f01-919c-9938adebc508,46,970,20240722,1967.08,37,2024-07-22 01:47:00
a20dbd82-ac0c-48a5-a854-38a1f427dbcf,46,156,20241013,1435.06,36,2024-10-13 11:01:00
600730b6-d8c5-4083-b2ea-ed6c720bd9d8,10,824,20241127,183.85,42,2024-11-27 14:37:00
586d6c29-cb5e-453d-aede-28d9567c0505,7,12,20240603,953.63,50,2024-06-03 17:09:00
6a5e7c0e-537f-48b9-a106-ae97115677a9,40,625,20240722,762.0,27,2024-07-22 10:31:00
04c60e0c-79c8-4f20-ba44-77e58a312a8d,36,590,20240809,543.81,24,2024-08-09 00:16:00
1b8d942e-ba19-4e07-a05f-eaa36bfbc55d,39,284,20240829,225.6,40,2024-08-29 15:48:00
67f8cb27-b226-4315-9f44-4f2c01bb4270,17,179,20241027,1959.14,14,2024-10-27 23:33:00
4fdd0f11-f4de-4ef4-beeb-44ffbaf19794,23,563,20240823,255.49,49,2024-08-23 19:09:00
e6fcb493-5a48-4395-a3b2-e0fc28005252,1,793,20240711,476.29,41,2024-07-11 09:39:00
21ee9450-bf11-48cc-95a8-b2c59f2780c4,21,735,20241112,697.64,21,2024-11-12 23:53:00
5e2bd60b-b5c7-4f25-a855-b7532a14918c,14,285,20241026,1680.87,23,2024-10-26 02:12:00
96aa66dc-bbd2-4edf-b7ce-e57a12591051,50,588,20240911,1195.6,39,2024-09-11 06:56:00
bd989669-d369-4007-a4a2-671c900553a2,37,454,20241119,1012.44,50,2024-11-19 06:13:00
2cd147e5-8d92-471c-b15e-5d81d5bf2ccc,43,321,20240805,897.68,20,2024-08-05 21:40:00
3c411526-d1a0-44b6-89d0-d520a9d64c95,48,225,20241112,706.36,14,2024-11-12 06:52:00
91af45c7-c03a-4d85-8cb0-d079574743ab,20,726,20241122,1674.81,27,2024-11-22 09:26:00
a0bf595e-8d20-4fc8-ad4e-112803be2626,10,370,20240809,992.52,49,2024-08-09 22:47:00
6c51766e-03b8-4099-8952-bc0ed29cae38,1,908,20241105,1608.0,11,2024-11-05 18:27:00
b7d94cf2-f0f3-40ec-b7a2-163b31f855d6,31,26,20241019,675.06,36,2024-10-19 17:52:00
11e7922f-7668-44fd-9f01-9c3ef21c2425,36,383,20241121,1942.11,29,2024-11-21 19:41:00
0165cb3c-6b5f-4152-b0fa-f462d47037c9,50,627,20240623,1000.33,29,2024-06-23 22:08:00
65fbaa4e-e55c-4165-ab95-79ccb024b57c,13,33,20240705,636.65,35,2024-07-05 18:27:00
2321a13d-0f46-4588-98ef-7f9b1f3064d7,47,110,20240603,227.83,47,2024-06-03 09:50:00
924b77d2-6be0-4bb8-8a1d-b3e1a5ea2a22,20,794,20240628,1414.31,25,2024-06-28 09:58:00
37eecd6a-c299-4797-9ebb-3b2899f340a6,16,47,20240901,1422.35,36,2024-09-01 22:59:00
7f63b922-198d-484e-b621-20a684021742,38,468,20240608,1044.94,22,2024-06-08 13:33:00
be57dc1c-8ca4-41f5-bb16-488731d55c8b,39,967,20240707,1538.59,19,2024-07-07 15:09:00
18f9bb79-bd2e-4c86-a234-44245bea4599,38,552,20240922,914.59,21,2024-09-22 11:40:00
c40e31e2-21a7-4c54-94f2-df6eecc6c6df,32,390,20241015,884.23,6,2024-10-15 23:38:00
17f3a4ba-16cc-4a51-af34-4084ef148f27,33,749,20241113,559.84,48,2024-11-13 01:57:00
b12108f5-5dbf-403b-9d47-5485e9fcd2c4,28,375,20240707,1717.95,46,2024-07-07 00:03:00
df9fdebd-35ad-4e90-b16b-38a925b9f5ff,12,317,20240905,1528.04,47,2024-09-05 22:57:00
6a27fe7b-2850-468b-85a1-62e5e783663e,28,596,20240925,1247.16,4,2024-09-25 01:24:00
c121990a-9bd6-4440-9a96-1ca2d6262fe8,2,717,20241019,594.08,34,2024-10-19 12:41:00
5f4b22ca-185c-433a-becb-2c5afcc9e956,50,367,20240721,246.25,8,2024-07-21 21:50:00
b30d7bca-5188-4710-b00d-1322d97b2f5b,41,502,20240718,1455.11,15,2024-07-18 15:40:00
be38b9d4-fb4c-40dd-8323-14cc851ca4fb,50,695,20240906,657.34,50,2024-09-06 18:52:00
04dfa5c9-53b8-4a82-ae28-817350d756f4,31,586,20241124,1084.19,36,2024-11-24 14:01:00
53e3badd-9179-4142-b3ef-300f2090cfb1,1,783,20240917,1826.14,34,2024-09-17 11:13:00
38df0031-cdcf-409a-9617-0c5b7b09444e,34,335,20240901,1512.96,25,2024-09-01 04:59:00
33f8e0a8-cc95-4111-958a-a78589d4dc5e,41,517,20240902,1155.52,24,2024-09-02 10:15:00
83e005de-f6a4-4cfc-9d2f-ed71a71623d3,3,857,20240626,981.94,44,2024-06-26 06:34:00
cb96c1d0-1965-4bcf-988f-bffb7bf50ae7,32,142,20240719,50.97,42,2024-07-19 07:45:00
7c4d210f-846b-45f1-805a-c82f53385a6f,16,179,20240906,1443.35,8,2024-09-06 17:43:00
8daf12a7-5811-40ba-923f-97c87dfe90a1,3,746,20241021,1957.53,34,2024-10-21 19:58:00
4bee0456-3bb7-439b-9636-c079518a4f1a,27,26,20240717,1618.88,12,2024-07-17 12:21:00
16a0519a-bbc9-419e-ace6-f234f0060a4f,13,95,20240930,1906.71,5,2024-09-30 02:23:00
8cb1df77-9e5d-4071-9768-4ffe1b3ec633,20,331,20241110,1631.83,7,2024-11-10 04:24:00
47b48c5d-eab4-4e2f-a7a3-4bbc462cb70d,25,597,20240905,1996.4,26,2024-09-05 05:57:00
a3ba5325-1dbc-4431-8e81-eb09fdecde73,14,908,20241108,1932.01,11,2024-11-08 15:55:00
df071b8f-56df-44bf-b947-bb3b8bd06202,37,893,20240809,1552.3,34,2024-08-09 12:52:00
efe51e3d-e0ff-4777-8d25-582e10e15ef2,10,959,20241025,1894.79,22,2024-10-25 16:54:00
fd0e3381-7de5-4af6-8b98-1a74d1610ee7,8,842,20240824,778.21,25,2024-08-24 00:14:00
3d8fb0ed-601a-4e56-a897-793ed95cc72e,14,293,20241031,649.06,41,2024-10-31 01:49:00
de535afa-e0f1-47ef-9258-0eca88650b26,50,509,20240612,1272.97,28,2024-06-12 20:48:00
8983575e-8da9-4107-9218-3fe4107cee73,18,846,20240829,1109.46,19,2024-08-29 03:04:00
8093711f-04f7-4e72-a8ea-1a47e4546d8b,5,155,20241007,401.48,37,2024-10-07 06:04:00
3eb743d5-19ae-4291-ae0e-5485a1d681ff,7,393,20240801,1102.69,12,2024-08-01 08:52:00
940b40f5-c416-4a6a-841f-db51ad4c3f14,36,120,20241011,159.03,41,2024-10-11 16:55:00
8cccf011-37dd-4210-9a85-42219e2b67fb,19,623,20241005,557.44,25,2024-10-05 23:30:00
35b711a2-0d35-4e29-ba31-647c8299e24a,7,724,20241021,1574.24,5,2024-10-21 03:30:00
76e3a14c-e85e-4d59-a377-350a3e622687,5,599,20240817,339.07,31,2024-08-17 16:27:00
5508c826-3f6f-4621-87a5-b76dbbaa30ab,7,651,20240826,1557.63,23,2024-08-26 10:40:00
0f1311c8-f6ac-4139-aea5-8641b7b26f3a,42,936,20240820,732.07,9,2024-08-20 10:35:00
dae8c411-0acd-41fc-9027-e051114b39ab,26,821,20240904,686.03,3,2024-09-04 13:23:00
2ed9de07-655e-4262-9e1c-8777a6027675,23,501,20240828,862.55,21,2024-08-28 23:09:00
1a709c50-d6bb-4db1-a148-2d65d38785d8,15,989,20240722,1729.87,7,2024-07-22 09:12:00
c09af74d-a035-4bdb-a1f1-0c9aecc87c7b,7,383,20240604,841.11,33,2024-06-04 08:38:00
fc5ca328-560a-4e87-8398-9bd1fefa367a,19,506,20240702,1579.1,14,2024-07-02 19:12:00
5da5ca4e-7777-4fd2-bb11-75ab38715693,12,15,20240801,661.69,25,2024-08-01 10:35:00
a9ae28e8-8b47-4dd2-a613-8f439c347784,31,833,20241023,1374.09,3,2024-10-23 19:35:00
f44deeca-0712-4e40-bc78-370b4311cbce,4,745,20240711,1993.28,24,2024-07-11 09:31:00
de58653f-b438-48f0-b9b5-bef51bc99a54,46,414,20240716,1137.53,46,2024-07-16 14:15:00
10dd5018-9c53-4afa-8cdb-0ccf3c17173e,4,385,20241106,91.48,2,2024-11-06 15:18:00
0376ddcb-fd86-4918-8f9a-c22a1f5f64e2,23,530,20240625,950.9,8,2024-06-25 01:31:00
1dcf71f5-5208-48ed-b8b3-8ac643af84bd,34,883,20240826,741.83,35,2024-08-26 18:43:00
89484481-a882-4de1-8dad-c7e7d503261e,38,735,20240917,946.83,28,2024-09-17 04:41:00
ca112a02-cec3-4e23-9eac-0a8eb5c37f3e,30,720,20240728,50.39,28,2024-07-28 18:25:00
8ee9ec5a-9891-464c-a2d0-1a51b9b4605a,16,94,20240920,727.29,5,2024-09-20 23:59:00
94246edd-bd49-49a9-9617-805b8dbaf4d8,30,411,20240704,1257.84,5,2024-07-04 09:15:00
2dbd3877-2f39-48ac-bc19-1e8fc422924f,12,119,20241025,1954.81,20,2024-10-25 18:54:00
4dbfa2f0-1aae-4d5b-b689-427b33de0e44,8,604,20240730,654.34,11,2024-07-30 05:43:00
a9950de2-2ab1-46e5-94d9-dbda64cd9625,32,39,20240901,286.16,35,2024-09-01 19:30:00
20314205-de98-430d-8ed3-07f1722681b8,40,475,20240705,1125.15,45,2024-07-05 00:56:00
569373e7-2b11-4ee6-ae33-ec2ec4dad074,46,370,20240628,820.01,26,2024-06-28 18:56:00
af37bea8-9b30-4889-b1be-83b0c5467389,13,402,20240725,611.88,33,2024-07-25 11:29:00
3d944d06-19d1-4dde-aa0d-4f1024c57f2b,49,534,20240911,278.28,35,2024-09-11 07:47:00
e142e2a2-2175-4bff-a0e4-e82696c255fa,20,753,20240929,1164.65,9,2024-09-29 15:29:00
3c14bf5d-428a-495f-b854-dc03c849b839,28,810,20240910,900.76,20,2024-09-10 23:44:00
77d44449-4234-413f-b4d5-cb993ea9add7,16,810,20241030,1926.59,19,2024-10-30 05:36:00
420fc09b-8082-4353-b528-05ec678041f0,40,207,20240913,792.86,21,2024-09-13 09:24:00
662a57b4-bc3c-4c63-af37-d47f518ce8ff,10,126,20240719,1885.69,45,2024-07-19 09:53:00
096830a9-544c-45cf-ba49-bbe5a2a5a5dc,23,170,20240630,308.96,13,2024-06-30 16:00:00
8fadbee4-ae72-4a1e-be35-33aa891eaf2b,8,539,20241013,876.92,2,2024-10-13 17:23:00
9574741d-e352-4b00-920d-3686bb3f2002,9,287,20241022,1515.39,20,2024-10-22 13:44:00
436a9055-e465-40b0-a921-8e467ae9b533,31,282,20240701,1112.8,11,2024-07-01 00:09:00
24b7cbec-29a0-4960-930f-5dcc4167f867,28,898,20240725,246.26,10,2024-07-25 09:16:00
f2e3a77b-af9f-43fa-b189-bcb6d1051ac8,20,617,20240704,146.27,4,2024-07-04 12:51:00
f206f29c-fe59-4363-ac1f-39feefd029e1,29,21,20240829,883.43,40,2024-08-29 22:57:00
8a2a4757-538d-4b94-8ad8-70b3642dc3e2,34,1000,20240820,1325.74,9,2024-08-20 23:08:00
4227d6d1-d5bd-4f59-aa1c-27e711cc6247,4,254,20240609,164.99,39,2024-06-09 16:34:00
153aff1b-b2b3-42d2-8688-e0cd11090f59,48,720,20241013,512.74,35,2024-10-13 00:01:00
0a888877-49c5-46df-954b-067c8170906b,19,8,20240915,286.36,3,2024-09-15 12:09:00
f1cc7b24-b768-478f-a7bc-7fc4075e78dd,14,294,20240625,157.25,19,2024-06-25 14:11:00
288f81a6-28bd-426b-82ab-feba45454457,47,180,20240605,833.82,49,2024-06-05 04:34:00
5b71f48c-dae2-4e41-88fd-528994a86d9a,14,249,20241108,1001.02,13,2024-11-08 23:56:00
0fcfb563-1bdf-4a72-8cff-dea83bf3de6c,48,176,20240914,572.27,35,2024-09-14 12:05:00
fc54a554-b61d-4430-b0f3-c264115bd272,23,325,20241017,435.28,27,2024-10-17 08:17:00
b7829bc5-41df-42e0-bfcd-f5b1aff408a2,2,611,20241120,161.35,34,2024-11-20 10:31:00
f145cfcc-f939-4d60-bbf7-a27112413984,49,944,20241126,696.18,24,2024-11-26 08:27:00
32c638ff-1320-4b7f-8efa-c9f5d9e0fccb,1,91,20240908,1851.16,42,2024-09-08 23:28:00
66bb2c3a-b067-4a73-b7de-1001fef0137a,18,948,20240814,1831.76,25,2024-08-14 00:55:00
9e6fdba4-dfd9-46ba-b166-efbcec4b7047,44,601,20240613,651.46,43,2024-06-13 05:07:00
17c7bf95-b10c-4e30-b8c4-8850df033102,34,695,20241019,1364.03,50,2024-10-19 03:51:00
be3de547-1c0a-4ec1-9259-42d17dc66163,27,318,20240727,213.68,12,2024-07-27 08:16:00
e31646d8-9c93-45dc-ade8-1780ebcc1e1c,34,68,20241005,878.54,40,2024-10-05 21:44:00
153c8962-e733-47ef-9bc6-f52812c12635,42,833,20240611,885.93,3,2024-06-11 00:27:00
8309bab0-b24c-46ec-b9a9-eefcca7a27a8,26,781,20240708,270.15,12,2024-07-08 07:40:00
6325e15c-3e0a-43e2-ae2d-f88839258352,1,968,20241011,1776.38,37,2024-10-11 08:40:00
7159de92-3f16-4d8b-99a1-9477c9cf55ed,17,712,20240905,349.55,17,2024-09-05 05:39:00
6ec13a63-b610-4549-8a98-c9a2af5f69cd,12,550,20241028,396.47,40,2024-10-28 05:14:00
d226fbc8-6174-47c1-ba4c-b7cc192bbc6a,46,101,20240928,1483.87,29,2024-09-28 10:40:00
92bc34a8-6be0-4359-a9d9-5e51cba223bd,50,515,20240807,912.07,12,2024-08-07 09:16:00
7a7a2c44-9a43-4ecb-805f-5ed13bce58b0,19,555,20240825,1025.04,47,2024-08-25 23:43:00
f89a5e45-ee65-405c-b095-ae4749f10534,45,58,20240615,274.38,14,2024-06-15 16:41:00
02c8e435-d2fe-4cd0-9147-3184f12369d2,26,989,20240712,513.43,6,2024-07-12 01:35:00
e8c92a91-040c-4e5c-84fa-0e69d7457a0b,10,960,20241102,962.4,2,2024-11-02 11:25:00
3edea2f7-0558-476d-b5eb-9e186ea34d5f,15,887,20240609,1897.14,17,2024-06-09 15:49:00
732fac83-033c-4a24-a914-e7819db9b10a,40,30,20240717,773.54,33,2024-07-17 05:10:00
183a7344-9ed2-45de-9e18-ddbba312c5fd,27,902,20240919,987.78,43,2024-09-19 03:56:00
7b816371-2912-4a46-84ba-51c17888d47a,45,504,20241028,778.82,4,2024-10-28 20:35:00
4ef8f157-cc4b-42b1-ace6-0b4a609093b7,27,181,20240603,440.32,2,2024-06-03 14:12:00
86b090bb-ea74-475a-a8c2-143b654657bf,21,173,20240820,1158.0,9,2024-08-20 03:36:00
5fd11722-761f-4745-a68d-22c86544e7dd,7,493,20241108,604.97,25,2024-11-08 23:21:00
374884c0-99ea-4099-827f-31071f88fff9,10,390,20241007,824.4,25,2024-10-07 03:30:00
32b0d474-64e0-47c8-a4b9-983aa4ee62cb,21,895,20240824,1364.34,1,2024-08-24 03:55:00
b0ccc035-7083-4036-a963-93689c6a6049,50,534,20240830,989.95,23,2024-08-30 07:56:00
704c9a1d-b3ce-460d-9ba8-a3922a393541,6,176,20241015,1575.06,6,2024-10-15 14:04:00
b3410993-9357-46ad-a690-f248139c6115,24,938,20240626,1725.9,29,2024-06-26 22:23:00
34567cbf-78f7-47f5-819c-a34e86f023af,50,591,20240814,82.37,32,2024-08-14 04:32:00
5ed2fd58-561e-4076-9c49-69089ae94862,36,593,20240924,1169.86,16,2024-09-24 17:06:00
f7a65b25-ed9e-4d85-9b06-d7300da5c10b,2,479,20241008,458.44,13,2024-10-08 10:13:00
cc53a9d2-4dbf-4561-be18-66bcbff899e6,29,112,20241001,604.57,22,2024-10-01 08:29:00
7bcea613-4504-43c7-af82-d778832a30b7,17,847,20240715,63242.95,36,2024-07-15 15:50:00
7f61b318-2302-49d6-b32a-961670180576,31,612,20240720,1307.63,9,2024-07-20 10:08:00
73b87b7f-77b3-4d68-98f4-ea86c0c6e29c,7,551,20241017,151.68,45,2024-10-17 16:22:00
57229c50-8bb3-4055-859d-4eada1d54d53,45,590,20241107,1557.55,41,2024-11-07 00:41:00
bad0982e-a724-4a2c-a69b-09bb902b6084,48,972,20240807,1305.7,39,2024-08-07 08:49:00
857f6f22-a479-4f66-86ed-f780fa821567,50,499,20240717,1699.19,14,2024-07-17 01:18:00
a605a255-dd20-402f-b2b5-4fb262b97300,41,903,20240822,369.64,21,2024-08-22 01:20:00
88b44eb9-8072-49d2-86e8-e8cf3cecbf1a,32,656,20241012,736.68,24,2024-10-12 05:20:00
33409123-eca8-42e3-823b-8574551dfe3f,15,26,20240616,328.62,49,2024-06-16 18:21:00
388439c1-470d-4b96-ac2c-36c6b70281cd,3,982,20240716,1385.98,36,2024-07-16 08:58:00
a4378f1a-0044-4b7d-b171-4edcc5c10b5f,42,845,20240906,1427.68,25,2024-09-06 01:13:00
fb9aef4f-9a30-404e-babb-248d11f21d3f,21,359,20240726,995.54,37,2024-07-26 07:24:00
d3e37738-0ac9-470a-aa29-941b5654f6cc,43,293,20240602,446.13,14,2024-06-02 06:57:00
641bab62-d216-464e-83e8-68a552bf9ffa,41,483,20240808,1164.87,38,2024-08-08 06:49:00
c22ce58b-912e-4e44-bb97-612ce21514b1,25,292,20241025,1422.36,48,2024-10-25 04:46:00
2b6ab443-e318-4336-a1bf-e7982b153829,26,983,20241101,945.26,26,2024-11-01 08:32:00
82088c0b-61fc-4467-aad9-7893678ab80d,44,377,20240724,981.96,1,2024-07-24 05:56:00
7294f2c7-3a2f-49dd-bc49-7b1d27570939,47,269,20240912,52.82,13,2024-09-12 08:06:00
e07ad5bb-5d47-48fd-a3f8-2f739525677d,22,744,20240812,858.82,22,2024-08-12 02:17:00
5a6e6c34-32b5-4082-b373-1e344b146e1d,43,374,20241019,1845.6,1,2024-10-19 23:59:00
49360b61-aea9-4744-bf19-7613a23beff6,48,32,20241029,1919.73,50,2024-10-29 16:04:00
e5793b1f-0f76-4c71-9b17-f6563be858c9,14,153,20240708,1566.07,47,2024-07-08 05:36:00
0f155621-3d6e-4f33-b964-8e8ac42029b5,19,126,20240809,818.36,46,2024-08-09 06:55:00
be2a8b80-8447-4a51-910f-d686977fc9f1,38,891,20240613,875.72,44,2024-06-13 10:03:00
a5596354-383c-4cfb-b1e4-83688f8f8e2a,42,964,20240915,1437.05,18,2024-09-15 18:11:00
d56fa780-7e80-45fa-878f-dd6f48781f6f,33,690,20240806,1502.15,9,2024-08-06 19:46:00
3de489c3-33f5-47ce-81ab-4884af0f5496,12,136,20241029,813.06,19,2024-10-29 03:45:00
0b48f0b3-9948-403a-b7ff-4fc921e9e127,48,993,20240630,1534.11,25,2024-06-30 09:17:00
a8623973-ae75-4594-91e6-c71033fa8540,38,191,20240924,186.33,17,2024-09-24 03:18:00
d15b2e3d-a959-41af-940e-c568262f19d2,41,861,20240606,1228.39,2,2024-06-06 21:47:00
f69dfecc-a53c-471e-a890-b5c122d27257,9,695,20240911,1137.86,28,2024-09-11 05:57:00
e78bd819-2d1b-4371-9b29-ed7c0c5e1699,7,202,20240608,461.67,26,2024-06-08 20:44:00
d6764f46-f92f-4136-bf27-3aa62d9b7dee,22,39,20240917,92.65,33,2024-09-17 18:40:00
e5e64f6c-e666-487a-a274-5dcf19815845,49,396,20240605,157.94,46,2024-06-05 01:36:00
f4cc4799-cf96-486f-9328-3f81c8d2b497,31,308,20240725,1964.55,45,2024-07-25 20:51:00
a4695896-17a4-4422-b6dd-4bbb0762024c,25,706,20240702,752.51,15,2024-07-02 07:29:00
7e00b16f-5460-439d-af77-9e30e93e68d9,30,578,20241024,1819.96,37,2024-10-24 07:29:00
6d160ceb-e43e-47ca-9bac-7939fd083d56,23,259,20240613,1543.42,44,2024-06-13 10:04:00
73ccb2c2-0c42-49f7-a007-fcec9900577f,3,845,20241114,680.17,30,2024-11-14 00:16:00
82563a92-ff33-4da2-a462-ba65bf3fc355,49,599,20241120,1186.97,11,2024-11-20 12:16:00
593f119a-73f2-4948-987a-c7bcf11b9ecb,50,234,20241025,246.5,10,2024-10-25 01:03:00
1659c9e4-c45c-457d-a0a3-0576ba12c798,12,293,20241106,306.06,24,2024-11-06 02:21:00
32dfbd1e-13b9-4c6f-9b88-5e0371a6b51d,2,639,20240803,329.74,25,2024-08-03 08:30:00
b1dd8c02-1799-4730-938a-4deed4ad092a,18,807,20241004,779.18,42,2024-10-04 19:12:00
563c862f-7835-4ea4-a171-37dcf71af9dc,26,219,20241031,1975.33,39,2024-10-31 09:35:00
90f31154-d640-46aa-b225-bf0b73c78edc,26,151,20241112,518.69,5,2024-11-12 17:44:00
6a19f743-2940-4ac7-8a31-b6c4d4e748ce,11,436,20240727,970.64,7,2024-07-27 08:02:00
c0289593-6577-46f3-bb20-2ec38637de73,26,968,20240809,1712.96,42,2024-08-09 23:49:00
383262f3-d56a-47da-a8bd-8bf1af8c4ca4,1,524,20241123,1860.17,15,2024-11-23 03:44:00
e528b384-8a25-442f-9a14-dfbc1329a4b5,47,745,20240816,1697.22,41,2024-08-16 04:06:00
5d2f31cc-216d-4d75-b473-045a61d73df7,1,814,20240919,915.26,41,2024-09-19 21:06:00
cfa02769-a826-462e-b38b-04a2a4a268db,41,427,20240923,158.54,26,2024-09-23 08:36:00
5e4f24eb-98da-4091-a9b5-9fc3db9ada7a,29,496,20241110,1061.67,28,2024-11-10 07:23:00
fd1d4a01-9a51-4ee7-9a39-a035796f8a78,37,456,20240930,556.56,2,2024-09-30 23:07:00
a681f4c2-c47d-4ac0-9078-103749f300d8,50,482,20240912,1904.81,22,2024-09-12 12:18:00
a673adb6-7eaa-492f-a4b4-62871d14ce80,2,456,20241017,1301.23,15,2024-10-17 02:55:00
9bd45998-6b78-4c33-b917-ef485cded3b7,48,495,20240802,422.55,21,2024-08-02 09:37:00
518c7695-5628-4c2b-b2c4-6323e6fc1c40,13,986,20240804,1075.77,8,2024-08-04 13:33:00
d0635289-5afe-4c9a-87ec-99b016189cb4,42,495,20240620,922.74,22,2024-06-20 03:16:00
67950dc2-dda2-4652-9116-71d9e683e3c7,46,439,20240919,54.37,4,2024-09-19 00:06:00
dca15a87-9c68-4812-ba46-1a6c8a67b068,31,882,20241117,798.89,1,2024-11-17 20:48:00
e9cac2e1-bc8c-40c5-a00d-409fea6c91a2,16,482,20240707,1928.14,20,2024-07-07 05:39:00
d3d38a44-ac84-49ea-a163-eb53afd6af59,2,584,20240809,575.54,36,2024-08-09 07:24:00
abb4a821-627d-4ae7-b28f-3ff23636969f,5,198,20240720,1579.17,31,2024-07-20 07:39:00
c84cbe8c-8329-4c92-89ce-399afb69c576,25,891,20240610,282.99,1,2024-06-10 21:40:00
e55ea63c-53ea-476c-8f80-b52dd32c4b59,17,430,20241028,952.63,18,2024-10-28 09:29:00
2ba08303-31db-45bc-926a-07ad447c2a9f,34,690,20241023,1048.64,8,2024-10-23 14:52:00
e10548ef-c839-4489-8c1d-a29325fd9973,31,860,20240910,782.47,49,2024-09-10 06:59:00
92c9f8b7-a6f1-4044-8ab9-b73473a12a60,15,266,20241029,428.08,14,2024-10-29 07:08:00
46110a26-1441-4c68-a0f8-5e2f1fb0deb8,24,671,20240901,538.59,29,2024-09-01 18:49:00
15d28cec-6c72-493b-a641-1f4badc2b60a,35,237,20240928,1422.87,21,2024-09-28 20:40:00
c36cf449-7277-441f-ba31-4ed78809e52d,18,376,20240602,1837.76,32,2024-06-02 13:38:00
7cd09ef4-255a-4e52-9faf-0c23cb2ca417,15,246,20240728,848.63,25,2024-07-28 05:32:00
c31a97d4-8851-4bdd-82c0-11f93e429287,1,604,20240605,1069.65,28,2024-06-05 22:54:00
54f7cb5e-25b0-49d7-a744-b3113c3a6d64,35,184,20241123,1446.67,44,2024-11-23 12:13:00
17788fa1-7152-4e65-99ff-d6d1a6c69f1b,49,784,20240605,138.5,41,2024-06-05 11:50:00
817511d0-0136-4b7b-8829-d0082a8f9ac9,7,704,20240913,1080.38,48,2024-09-13 19:45:00
75f316c9-575a-4ab8-a081-1fb09c125bd7,33,447,20240617,31585.65,4,2024-06-17 23:13:00
f98a0ce3-85c1-4018-bd3f-3f22b71eed91,34,954,20240621,672.46,17,2024-06-21 19:47:00
5cd098bf-d549-4a7d-995d-3f3b8bf671f4,42,269,20240714,192.55,48,2024-07-14 22:11:00
f0513cf6-f783-4823-a6c4-fd71a7dee80a,46,944,20240731,903.02,34,2024-07-31 06:16:00
2c6652ff-673e-4e8f-ab90-1cb104a63df9,23,414,20240707,724.25,13,2024-07-07 01:42:00
eed8ac91-d944-453c-a3f8-66521bb2f286,11,923,20241119,317.24,23,2024-11-19 16:42:00
efaf9822-c465-4d4a-9c08-061e4f2f4e2c,38,655,20240714,620.59,30,2024-07-14 20:33:00
930b005a-f01e-4ea2-8594-39d712633c05,14,808,20240919,1971.08,10,2024-09-19 01:37:00
4bc87953-ba4f-4333-b6f1-9080511dfb89,15,833,20240726,894.24,4,2024-07-26 15:49:00
a541d605-8c5a-496e-bab1-4139411c57fc,5,833,20240803,203.24,28,2024-08-03 07:23:00
bac904c3-5aad-4d09-aa2c-1c7eb2436691,43,991,20240731,674.55,15,2024-07-31 09:42:00
025a57f6-e899-4bc1-ac4d-6142dd5a50e2,22,846,20240706,1619.0,22,2024-07-06 08:46:00
a6a041da-3811-44f3-8f30-8ccce73325ca,8,654,20240823,228.73,20,2024-08-23 19:27:00
02b9aadd-bf9a-4774-9c23-f2fd693b443f,3,380,20241004,965.08,45,2024-10-04 02:50:00
a9b8f952-8d6c-42c0-9340-1450162355dd,25,236,20240925,1250.01,17,2024-09-25 09:06:00
4a3ff4af-567c-4a1f-9d1b-716e0efa39e4,39,990,20240704,1264.21,49,2024-07-04 06:02:00
04e39de4-176a-4725-a127-cf4120abbf0c,12,391,20240604,1009.4,12,2024-06-04 02:44:00
db9248a8-c1dc-4ec9-b6ae-12ffb95890b0,14,312,20241008,250.85,28,2024-10-08 06:34:00
d0e7dc69-a766-448d-95f9-b6e6cdcc6a5c,41,436,20241020,947.39,40,2024-10-20 12:23:00
f0548e45-3890-4fca-8c16-28962bda904a,47,808,20240731,225.41,37,2024-07-31 16:51:00
aee5350a-d1be-4e86-ab7e-879aafaa1c5b,49,309,20240731,1960.98,5,2024-07-31 21:57:00
741d77df-9d12-4ab7-9466-bd41d19ad053,27,968,20240705,1565.2,41,2024-07-05 15:25:00
a845b424-2991-40f0-af56-a47675bc622d,43,598,20240619,628.03,20,2024-06-19 11:17:00
615f41ed-7d7b-445b-b6ff-fb72be68e8e2,8,374,20240722,1431.04,42,2024-07-22 17:09:00
e9d073df-11e7-487f-a741-00a1121c7258,26,376,20240606,151.82,14,2024-06-06 12:11:00
d6e7156d-dabb-424e-9dc9-e3696a98b73d,45,576,20240601,1596.26,29,2024-06-01 12:44:00
4decb003-9234-48bd-97b6-f448911d0ae2,36,611,20241126,1698.3,35,2024-11-26 19:29:00
6c546dde-639a-4589-999f-024688f657aa,32,83,20240614,963.45,11,2024-06-14 13:20:00
a9333803-0f6e-49a2-9bc0-4cedcbeccb73,44,316,20241011,1579.35,2,2024-10-11 14:00:00
2578a447-d85b-4bfb-b767-a34b82437935,36,675,20241029,166.61,4,2024-10-29 10:32:00
a668fecf-2ae1-4b3b-b320-1d7782175124,38,278,20241116,75195.85,25,2024-11-16 13:47:00
f72da15a-e2f3-40c9-b27c-4bc27f43f670,16,828,20240613,1005.74,15,2024-06-13 08:17:00
eb6d8614-6c2c-4b0c-b68c-9b699e595226,41,549,20240721,723.36,6,2024-07-21 22:07:00
34039a75-f8dd-4e22-b2ef-2d31fc4429fd,29,920,20241019,848.02,6,2024-10-19 17:31:00
fc5a966e-6717-4750-b527-d5f1bfa51cdb,41,412,20240629,308.82,9,2024-06-29 02:13:00
e5744c9a-48bd-4ae4-8728-bfaab92ba854,48,876,20240615,1948.85,18,2024-06-15 13:15:00
dd513e14-9876-47fb-8ef7-d6a7ee8b204c,34,48,20240929,305.8,20,2024-09-29 06:29:00
37346e4a-ddc9-414e-949b-72e8148136f3,34,507,20240918,1441.2,27,2024-09-18 05:41:00
636b3539-28c1-4e42-886f-6b8d85b2c913,40,542,20240720,1336.44,9,2024-07-20 02:22:00
7ec810e4-2ae1-4645-9863-6ae794fc1f50,23,534,20241120,78.83,26,2024-11-20 01:16:00
3ddc34ae-cacd-4cb8-b066-e7e08f6074de,17,435,20240926,1393.86,29,2024-09-26 14:21:00
b0c20c15-fa11-408f-94c9-bb7fa4acce3a,3,333,20241031,1272.95,39,2024-10-31 12:56:00
b5d2a699-bca2-4b02-9dc5-8ee916b7f06e,20,326,20240924,1383.37,14,2024-09-24 15:57:00
56c62dd4-9bcc-4bb0-a971-b97f004ee22d,49,372,20240811,573.53,47,2024-08-11 09:04:00
b852ec44-c4db-408b-a9d0-972ef39378cf,32,827,20240608,899.36,49,2024-06-08 23:58:00
e6ccee74-63bb-4586-8e4a-72547b61522a,48,611,20240830,1646.97,39,2024-08-30 12:59:00
6252d99f-2552-4918-98e5-7435bd57a7dc,37,642,20240730,1252.62,39,2024-07-30 11:24:00
b2880cc5-4fff-42b5-9906-bcac9504ea38,34,359,20240601,860.6,10,2024-06-01 10:23:00
3ebf408a-d51d-4227-a49a-d1ff092d5dfb,44,171,20240727,998.1,20,2024-07-27 00:03:00
d11d4cf1-be2d-40bd-aa3a-fbbb50490ab9,44,690,20241123,1127.42,9,2024-11-23 00:31:00
3c231dc7-2932-4e0a-89ae-a62c7467f787,7,462,20240606,1589.8,35,2024-06-06 02:43:00
34b2d709-bd11-4afa-a113-eaf41c5be60f,49,755,20240610,786.62,47,2024-06-10 21:30:00
6583b1f3-51ba-463d-afb1-48285d9373f0,31,26,20240706,1578.61,2,2024-07-06 17:20:00
a0c123d8-7900-4988-b918-547049261120,11,983,20240720,577.37,5,2024-07-20 22:35:00
58c0ce36-2c38-418d-9a98-98ed051bfba7,34,420,20240608,941.86,22,2024-06-08 19:13:00
727485ad-794d-4433-b29c-4e696b49fecb,13,509,20240625,1729.94,11,2024-06-25 01:24:00
16e0b5d9-5e9b-474d-8f09-40f9c54f195f,12,189,20240708,1038.98,10,2024-07-08 01:14:00
394bad51-f930-4fc6-bcf7-4e4c13e1af27,8,331,20240811,1635.51,23,2024-08-11 09:26:00
434e23de-b8cd-4e97-8a4d-ef3c2eefdd8f,33,356,20240808,576.79,9,2024-08-08 03:42:00
49833193-88f9-47cc-80b5-d7cf049bccbc,46,674,20240922,653.27,29,2024-09-22 08:02:00
e279ec31-03d3-43a2-8a89-05b1ef6c2dd5,22,47,20241026,1841.97,13,2024-10-26 16:07:00
8439eb09-a453-407d-a7ad-d21c2a6ae2cd,25,546,20241020,843.3,4,2024-10-20 16:28:00
a2d1392a-e903-41b4-9939-6a43a4904885,14,595,20240926,1628.74,30,2024-09-26 05:38:00
9f099441-a234-4ee7-98d1-32f4f4c3c128,1,860,20240812,1984.86,26,2024-08-12 12:58:00
c4f8af3b-ce97-4eb9-ae87-46300d2b7fb7,8,733,20240925,1254.62,19,2024-09-25 05:05:00
5d74811e-c3bf-40a0-ab09-cd9d86525f7d,17,228,20240610,291.15,24,2024-06-10 15:07:00
5fa4a9af-75cd-4cab-8a17-52f536fd27eb,1,267,20240928,365.81,34,2024-09-28 05:16:00
892d7160-835b-4b9c-aac6-07a9e5648ee0,39,302,20241017,984.26,6,2024-10-17 06:07:00
e56786f2-8cc4-42af-9c1d-8cd53dcabdfd,12,876,20240627,1694.74,15,2024-06-27 13:30:00
eace38ca-8e0a-468b-ab38-d8459e1929c0,34,277,20240801,230.36,4,2024-08-01 10:44:00
387c9ea3-1503-4e14-8a9d-3453f0039195,4,796,20240924,258.58,37,2024-09-24 16:49:00
f8af318a-869d-4f27-9fa1-0c4a750aed73,41,194,20241117,694.43,2,2024-11-17 05:36:00
59e71daf-c4d3-46a9-9fcd-7215fdbeccf0,32,104,20240807,1413.48,17,2024-08-07 11:13:00
447f6e88-87f3-4c9b-9327-bf52ed0cff0d,11,900,20240716,669.33,30,2024-07-16 09:01:00
aee46c58-049e-4769-8a0d-ff7fc67911d9,2,400,20240913,1899.66,42,2024-09-13 14:33:00
76b5856d-e498-44df-97d3-cf3397ba6c18,6,674,20240801,688.47,42,2024-08-01 01:42:00
6abb56f6-02fb-485f-bfe3-43e6dc30d460,43,661,20240718,852.31,30,2024-07-18 10:09:00
359013b8-d61c-487c-b1fd-9263eebb79e4,43,341,20240726,1090.83,33,2024-07-26 11:46:00
b7dc43a7-8b3c-4f78-9cb8-590c6bce3410,17,861,20240611,858.1,32,2024-06-11 16:13:00
db1a45f5-7f0a-46ec-98a4-538480705300,6,81,20240621,1472.06,23,2024-06-21 19:23:00
ef7826af-f881-466b-bbbf-ac35f5cc3243,30,555,20240705,1541.0,2,2024-07-05 04:24:00
96874557-e64b-4974-b348-29972ee51b04,43,642,20240726,64.13,14,2024-07-26 05:22:00
73da1c5e-1dca-4e8a-9358-84219d58c41e,47,58,20240619,1978.63,46,2024-06-19 18:43:00
1b51e607-0caa-4228-b88e-7e560ca5c966,8,107,20240819,1671.56,24,2024-08-19 03:15:00
1d90dadf-f0d7-4bd4-beb9-7c68a00a2d57,37,746,20240718,273.3,12,2024-07-18 06:06:00
a1fc394a-54e2-4928-a92b-adba3ca09501,20,520,20240626,982.62,38,2024-06-26 06:44:00
f505da24-5caf-413e-ba52-451e72b0c1af,26,734,20241016,1659.9,15,2024-10-16 06:51:00
bf6f5652-ec6e-44d8-9fbf-2407fa4e6fcb,23,241,20241016,221.0,37,2024-10-16 05:56:00
3581f459-83b5-4149-85df-4c752eb309f0,11,453,20240616,1153.46,30,2024-06-16 20:59:00
8ff69f25-e99a-463c-82f2-9a90faadfc92,8,873,20240917,1861.53,50,2024-09-17 07:27:00
d149f22b-a4ef-45a8-85f2-737308d20a70,16,623,20240923,1402.39,38,2024-09-23 05:57:00
6c7c253c-9729-4be9-9a76-486d9c304a07,48,528,20240824,769.4,2,2024-08-24 13:28:00
e437fbad-313c-472a-a257-5722901e6242,46,818,20240801,1559.31,15,2024-08-01 07:52:00
f461a39c-c97b-4e47-a891-b747471d4c71,33,236,20240802,70.15,22,2024-08-02 14:08:00
217aee38-e1cb-4fa2-adf8-168f9d1e0e84,50,711,20241118,709.17,45,2024-11-18 06:37:00
16690fbc-d4d1-4ffb-9f12-f5dfac58708d,20,800,20240630,1577.61,28,2024-06-30 10:19:00
66aad30a-869f-4a5a-8de3-803b6c0d8067,1,605,20240612,284.44,50,2024-06-12 11:26:00
21691e0b-59ba-4fe3-87d7-49e5c4b3fb8a,31,134,20240619,975.5,44,2024-06-19 14:11:00
3400a6b3-b9c9-4fe5-ad5b-265f5b2331a1,1,170,20240826,304.52,43,2024-08-26 03:06:00
80c0a602-1995-4fc4-ac5d-ca7858e6c39b,44,281,20240701,1211.12,19,2024-07-01 02:50:00
eec82113-6963-4e83-89b3-0247073fa7e9,46,570,20240810,353.69,34,2024-08-10 23:24:00
3d3565c5-adf0-44d4-a02e-c456e782bbbc,47,971,20240820,85.8,46,2024-08-20 23:50:00
ca0a0156-a164-4487-a8f8-a2cb1d34603c,31,517,20241120,868.56,38,2024-11-20 08:53:00
3e97bb37-59dd-45d8-8b61-77d1a297c6eb,1,982,20240904,1213.67,34,2024-09-04 23:06:00
5007f3af-f0b9-4217-82d6-053cdf447c44,10,290,20240829,1300.35,43,2024-08-29 20:21:00
ead4cf08-a49b-4877-a5e9-414e71195016,4,63,20240703,1251.62,41,2024-07-03 03:16:00
3a1b2880-40d7-495d-9a33-cd182b11e868,3,747,20240909,719.53,26,2024-09-09 22:43:00
23acfc14-a76d-44c4-8b32-3ba3e6fe0348,3,704,20241121,1674.62,31,2024-11-21 08:13:00
f1ad29f4-9f90-4258-aeea-7a185168ae18,34,758,20240618,685.56,38,2024-06-18 23:30:00
809e909e-f698-43df-840e-512b133efd71,6,341,20240917,1566.27,21,2024-09-17 06:33:00
a9c907be-61d7-4fe1-84cf-3183a158c770,39,256,20241101,1685.2,50,2024-11-01 20:58:00
77e8e8cf-ceed-47b5-a82a-07acd860adf2,40,353,20240916,1596.81,16,2024-09-16 14:11:00
4ab67885-caf9-44fa-a7a1-3a7c88b1df1b,5,253,20240605,466.57,29,2024-06-05 09:57:00
1a35dd24-5d21-4bc3-97b4-a79a6ff23d87,35,864,20240908,1418.46,16,2024-09-08 19:47:00
aedb4084-5db2-4638-a51a-478b4b1380a0,31,568,20240713,1888.31,48,2024-07-13 06:35:00
b95d6a1c-f978-432b-9c29-7820464d4575,21,611,20240720,295.99,12,2024-07-20 18:05:00
db49ba7a-6c3f-41ed-ac43-91967ea36ae5,27,946,20240921,636.26,25,2024-09-21 06:19:00
cc506579-e80a-4ec2-9df7-c96c44f30340,12,750,20240916,366.58,17,2024-09-16 18:26:00
c026d4fe-2e5c-4fd1-ab2d-04c04ccf2a2a,2,598,20241120,1765.62,46,2024-11-20 03:52:00
168d55fd-2819-49d8-b148-e8c230d25732,34,186,20240804,322.29,29,2024-08-04 08:27:00
fa599082-aab0-4e24-be3d-23a1064545de,22,56,20241104,811.63,20,2024-11-04 09:22:00
a80d677d-7a6b-4f9b-9743-38f6301cccd8,17,484,20241027,1851.45,7,2024-10-27 15:44:00
963a4c67-ead1-46aa-9ca7-d6d6411c7f6a,9,574,20241002,325.04,21,2024-10-02 13:24:00
f9f92f60-0cd3-4150-b662-0bdc0a5ed171,23,427,20240621,1322.95,19,2024-06-21 21:14:00
2cd3ff80-8c6d-4ecd-8aa0-7ed4333c0ef8,16,965,20241002,872.27,11,2024-10-02 20:05:00
ce2976d3-e6e8-48c1-9fbb-3dbd14bc7254,27,321,20240622,248.16,41,2024-06-22 13:11:00
2c18e81b-cb3f-414a-b381-858a6a785709,45,525,20240808,1639.19,1,2024-08-08 14:03:00
de2c9954-d00f-4205-a4d5-2e50d2f2bad5,45,676,20241015,1659.98,47,2024-10-15 14:41:00
3ebc4a1a-daab-40ff-ba09-b50a02dc27e5,41,41,20240621,1534.97,26,2024-06-21 08:59:00
0112af18-ab34-428c-851e-8d5547e1f69f,41,321,20240711,237.02,24,2024-07-11 22:54:00
ecec246e-2846-4c0d-a287-69fa7ae04bb4,29,732,20240808,1507.56,34,2024-08-08 08:16:00
97c574d3-9d03-4a29-bc7d-6be3c97aae36,28,68,20240601,1141.55,13,2024-06-01 11:41:00
a59beabc-8010-4290-88da-ef850791fb35,4,718,20240830,357.11,39,2024-08-30 16:21:00
18722990-18e5-4ffa-b5ef-299070e09cf4,9,852,20241004,1420.92,7,2024-10-04 01:06:00
dc422e0a-51e2-40fb-bf04-fd0eea8e8c97,14,864,20240729,173.27,24,2024-07-29 06:18:00
e315c0b8-1fec-4ede-868a-f4c0d9350d08,12,375,20240811,1180.56,6,2024-08-11 02:13:00
10af8c3f-a68a-46ff-adf7-13c79292fc4e,9,742,20240913,708.02,22,2024-09-13 18:32:00
fd42bd4d-b31c-4877-ba0a-024149f0df68,6,399,20240725,1850.64,11,2024-07-25 05:07:00
bb5ad4a9-c5f7-40d1-99d1-29e96891180a,50,637,20241010,1293.82,1,2024-10-10 19:03:00
5a7f9edf-a917-432c-bafd-46b72bdaccfa,10,368,20240804,1393.27,50,2024-08-04 23:28:00
607008fb-e9a3-49a4-9d83-f4861a5c7b18,4,717,20240814,923.13,34,2024-08-14 07:35:00
f1084dcb-5338-4229-8242-686b814dbb94,30,312,20240822,230.93,23,2024-08-22 14:07:00
e5022bcc-9edd-4338-bbb0-4210f9e98aaf,16,805,20240817,234.01,9,2024-08-17 20:56:00
f9b2c9c8-9bf2-46eb-a549-a05a9a967508,8,184,20240717,1857.32,36,2024-07-17 00:07:00
5a420e30-8a1f-4c64-af91-394017115d4a,26,336,20240717,1252.68,10,2024-07-17 21:37:00
b7652258-8c19-4425-846e-02c552e70676,17,863,20240726,72.43,12,2024-07-26 04:38:00
50f8a17f-2a1d-4f22-9774-0da673fabeff,12,70,20240925,1100.66,21,2024-09-25 06:44:00
8bfb2155-8239-46fb-8c72-e52406fbeebd,17,937,20240628,100.4,20,2024-06-28 06:36:00
34793430-b135-4a11-bdfc-2b0fc2b2e67e,25,429,20240808,1130.2,50,2024-08-08 07:24:00
9ff69ee3-937c-4caa-8e4a-e1aba45a3012,32,58,20240624,419.29,40,2024-06-24 14:25:00
452d42e3-27fd-42fb-8e6c-a7c684eaeff7,32,434,20240922,747.03,8,2024-09-22 07:22:00
f37679bb-0fc7-46a5-ae2c-a21497637d11,37,237,20241005,672.29,50,2024-10-05 16:32:00
572b460f-64c8-4a4c-9a99-92701ad3c9ad,36,625,20240807,822.06,37,2024-08-07 16:26:00
81c5e94a-5c16-4ca7-9097-de1d63027231,34,646,20240704,613.22,38,2024-07-04 13:56:00
05bed33a-23d0-4df6-bbc0-fb172f433438,14,795,20240708,1951.46,3,2024-07-08 16:30:00
2852be90-df28-42e7-bb59-433baa4fde47,21,508,20240612,1626.3,28,2024-06-12 18:43:00
f257e478-060e-48e1-b21d-12da97448211,26,925,20241108,1929.3,14,2024-11-08 12:58:00
3ea2e4a9-4b3d-43ec-a0ce-5826cc795b6a,25,125,20240728,225.18,46,2024-07-28 10:47:00
5c4abff6-82bc-4db9-b96c-0dba4b266a49,44,152,20241018,1516.1,35,2024-10-18 15:36:00
f00035f8-13d5-4e2d-8fba-cf07891180af,21,693,20241127,1507.52,40,2024-11-27 18:18:00
2c0c62a3-3460-43e8-8cb6-4107e9a5d428,8,175,20240605,302.55,34,2024-06-05 06:46:00
8abd789e-6e5b-4b07-95a4-30ba4beef71f,8,333,20240824,604.15,42,2024-08-24 07:05:00
f6d887bc-3a50-4b39-ae49-18388abdb65f,8,27,20240611,675.86,13,2024-06-11 02:14:00
67c0b35f-292b-4864-882d-8ee613cad1b4,48,100,20241116,815.62,29,2024-11-16 14:43:00
630db4ab-1faa-4e5b-871b-57ffd032ed33,12,382,20240604,1948.71,9,2024-06-04 15:46:00
410f8f61-251d-4382-8ce9-00c14421db53,34,37,20240810,1913.87,25,2024-08-10 12:46:00
325ee219-916d-4248-88c7-09deeb8f9d3c,1,520,20240620,154.99,31,2024-06-20 05:15:00
b034b3b5-05df-422f-b087-e91ec34048eb,3,452,20240805,472.52,8,2024-08-05 03:53:00
8b881e31-a097-4199-8db6-900437329025,49,34,20241009,1204.6,38,2024-10-09 22:12:00
bf5ad18b-ceca-49ca-a22a-a3c94dd6e0d5,11,211,20241007,330.06,38,2024-10-07 16:28:00
9ee837e7-6ce0-4aa5-a92e-d13402a5f06f,46,746,20241023,828.11,43,2024-10-23 05:38:00
415cfe5a-bcc8-4799-8faa-cf65790af340,38,63,20241010,147.93,22,2024-10-10 18:10:00
167f0ccd-e09c-48df-a59e-7a982bf561ca,26,610,20240612,1286.13,38,2024-06-12 21:26:00
c737bffe-4dda-43a6-86c5-8485a23bd0af,3,373,20240831,96.61,7,2024-08-31 21:59:00
6daf84d6-58f8-43ca-9e8c-17756315f713,32,935,20240607,486.85,6,2024-06-07 10:13:00
f4e2a747-6f2b-4cc9-ad76-e20b945a89f6,9,378,20240703,295.33,18,2024-07-03 23:43:00
0434d5e2-6af6-44e2-8ab2-8cfb4f51737e,39,361,20240915,758.85,8,2024-09-15 23:35:00
22a74da4-9c26-4c1a-9bad-efb77f29fd1a,46,46,20240729,206.52,29,2024-07-29 18:07:00
9ae6be37-8002-46ea-9dab-fb5be83cc019,23,815,20241018,781.86,3,2024-10-18 15:41:00
0f824b06-e093-4385-8ebc-0f696a9c7391,40,607,20240908,320.6,48,2024-09-08 01:49:00
5af82a78-6178-48eb-9b8c-790952fc91a3,8,866,20241008,1506.78,5,2024-10-08 01:31:00
ce572085-fae9-423c-904a-d32071b17d84,27,104,20240622,541.41,19,2024-06-22 03:26:00
9b44f346-9e0f-48d5-af10-f68f3bb46098,1,99,20241015,495.82,42,2024-10-15 04:21:00
5ce752a2-1c8b-4d08-b8a1-8e6ff5900158,22,75,20240718,321.86,46,2024-07-18 17:06:00
46050d94-5e8a-417c-a397-cee3592f298f,5,990,20241027,132.82,50,2024-10-27 15:07:00
697888cd-ec20-4ea4-8c5b-bd000267bfd3,11,306,20240829,1221.13,48,2024-08-29 07:24:00
ed6f95df-a27a-40d8-80d7-3238ae4a4fa1,2,519,20240926,1466.65,32,2024-09-26 00:27:00
48db856c-600f-4aa8-9260-c588ee91f4fb,39,165,20241019,1173.53,28,2024-10-19 03:48:00
d2d13da4-240f-4e7d-8b62-5e78da3b7757,25,92,20241013,132.83,19,2024-10-13 04:02:00
9f353e1f-ad8b-493a-8aa3-22774afe7333,49,544,20240916,1870.68,37,2024-09-16 02:19:00
cf62360c-1cd8-41f3-a077-f4dd584690f3,45,70,20241115,1237.4,29,2024-11-15 20:09:00
1e2699c8-8491-4018-b275-e00364a4325c,39,70,20240816,1733.9,32,2024-08-16 16:16:00
1e682783-f0f0-4512-8140-cd1473f3d2ad,18,833,20241121,1633.22,2,2024-11-21 19:18:00
c46d20b5-eef0-4d62-8797-2f7c152251a5,35,688,20241121,520.68,20,2024-11-21 03:35:00
2385fcd2-ae2a-49ee-896c-72ecc627852a,39,971,20241021,1258.13,47,2024-10-21 13:18:00
2d6f29ed-de8f-47be-bf18-df88d8ddc141,3,394,20240911,162.37,16,2024-09-11 16:00:00
4b7a6693-5876-441f-a5c0-969b45587d6d,8,208,20241114,934.12,14,2024-11-14 22:34:00
7bdf64f2-9bec-4322-80b1-40b976cce066,20,516,20240601,607.0,4,2024-06-01 23:55:00
a90d7cbe-14b3-46f7-b49c-93e72025ee25,39,358,20240814,1177.15,47,2024-08-14 04:27:00
080f2854-d224-4ce6-824a-c3c2ac03cb88,33,949,20241015,1220.51,14,2024-10-15 16:40:00
e6617518-42c0-4168-9213-f5a398377323,18,875,20241126,938.94,20,2024-11-26 19:46:00
ce03b487-9500-4bd1-91c5-e10cd1e1f61d,16,742,20240901,1445.39,18,2024-09-01 01:10:00
3496569e-ab8c-495b-8054-3c23dbaba575,30,32,20240926,864.72,27,2024-09-26 11:45:00
5b7a04bf-c25c-4791-a0dc-faf4f98fd7c7,22,141,20240719,1966.89,41,2024-07-19 15:40:00
1d9cc283-f5d0-4900-9f28-1c920a005ffe,5,519,20240727,679.53,31,2024-07-27 09:00:00
58a09a38-f272-47c8-a09a-769117907263,46,963,20240922,892.58,8,2024-09-22 13:57:00
7ddccc97-04e4-4399-b1a3-74162d867659,23,357,20241125,1426.3,1,2024-11-25 08:09:00
d83d11e5-d990-4901-8e99-82254f271502,3,502,20240609,1401.36,2,2024-06-09 22:45:00
ae7b5378-a571-4a5b-80c4-9dbf428ab2c7,32,621,20241001,264.4,31,2024-10-01 22:48:00
25c2ecca-905b-4479-af4a-f8a05c4f4b6f,44,965,20240813,515.93,33,2024-08-13 19:28:00
35f63617-65d3-4560-bf3a-aba25696f4d9,26,147,20240618,910.08,2,2024-06-18 00:51:00
f000d828-73b1-4974-8e86-213a03a0528c,33,413,20241116,1579.57,15,2024-11-16 09:15:00
f5135214-282b-46ac-947c-9a24e556b68f,12,757,20240717,1678.08,8,2024-07-17 08:48:00
5be4cf12-de66-44e0-b304-7d71bc1c807c,10,714,20241101,999.07,14,2024-11-01 07:54:00
e64adec5-722e-4398-9728-1e9c432bce6a,28,884,20240809,1066.05,23,2024-08-09 00:31:00
66a76d0c-6a10-4a85-a6dd-ce20868b664c,37,657,20240908,678.65,10,2024-09-08 01:59:00
9d00c5ad-c245-4099-ad57-6d1133299650,13,302,20240829,75.07,36,2024-08-29 04:44:00
870237ba-5253-4cd3-b3da-e20395c7a505,12,843,20240712,996.55,47,2024-07-12 23:39:00
324d7b19-70a1-48c8-b3ba-6589ed1ec2a6,34,318,20240612,1270.73,23,2024-06-12 19:54:00
c53e8977-2056-44d6-9b56-0f37cbd5fa0a,46,11,20241122,1875.64,1,2024-11-22 23:48:00
ad658bc8-4b67-4b35-b8f8-e8a3d5b6ae8a,50,93,20240731,1545.62,31,2024-07-31 11:46:00
ae01326f-aed1-435b-8f04-bbafce938b39,6,700,20241029,1330.51,5,2024-10-29 04:16:00
323b26d0-7d01-4919-a624-4c975cdc7b4a,45,898,20240716,169.73,38,2024-07-16 18:36:00
79023286-354d-44d7-9bc0-a12bfd4b0b26,41,843,20241104,1359.94,35,2024-11-04 13:52:00
211a4533-a25c-4744-ab6f-020a79906b63,12,124,20240803,1866.66,43,2024-08-03 20:55:00
89d80ce7-3fae-4702-b3a4-6fe4132e2937,42,483,20240831,765.32,28,2024-08-31 14:27:00
36da7f01-4998-48ff-8c1f-21a7ccff7b2e,2,19,20241029,1469.18,6,2024-10-29 06:30:00
61439fd4-d873-46f5-9561-fe84569e59e8,31,163,20241015,200.11,39,2024-10-15 04:58:00
a60eddd4-c74c-4104-add9-126d0f3bb023,49,271,20241017,1162.96,36,2024-10-17 18:59:00
c7b0f13f-2dd2-4c41-995f-63beecf75f00,15,313,20240705,1431.57,10,2024-07-05 02:54:00
c2339e31-2d87-4f03-b066-d099a94c1228,3,318,20241120,1747.71,43,2024-11-20 06:33:00
5eba6b26-429f-420a-bbf4-ed69195dd681,40,386,20241114,1774.74,3,2024-11-14 16:38:00
26d242cc-71ae-45dd-8754-a3a9c48a8e67,12,670,20241123,309.73,7,2024-11-23 22:14:00
2a597cf6-202a-40f3-9ec4-60d6d4f3920f,20,677,20241006,376.13,37,2024-10-06 05:30:00
47ca7b8b-dc3f-493c-8d1b-3edce8a8cc74,38,5,20241011,511.39,46,2024-10-11 11:01:00
626633bd-0e1c-4484-8c5d-7eec7da3591e,18,370,20241117,97.47,11,2024-11-17 16:35:00
9aceda2c-6a09-44d6-bace-d037234f2ad0,18,48,20240719,713.7,34,2024-07-19 05:49:00
449d3f05-c1b1-4772-8826-73d2d2a544de,3,287,20241107,1746.92,19,2024-11-07 03:21:00
8a102fba-47a3-4c81-b871-cc58d981c2ce,2,394,20241021,307.29,42,2024-10-21 09:55:00
8823acac-b710-4fd3-9241-e071422d9202,40,485,20240701,268.83,15,2024-07-01 09:16:00
bba9a3e0-3a04-448b-be40-f0cc28695a6b,31,386,20240707,1090.23,22,2024-07-07 15:33:00
3a6851ab-5871-4064-90de-a386a41fedaf,32,843,20240602,325.81,32,2024-06-02 09:54:00
01f584ce-42e4-453b-ab95-a8fffe0b24d0,2,871,20240717,1782.98,6,2024-07-17 14:53:00
f8cf39cd-a5f1-4678-8697-56b9d230513b,10,190,20240910,1647.14,33,2024-09-10 04:11:00
d8c84969-0054-4f1f-a251-55e21327ab8c,26,750,20241012,347.07,47,2024-10-12 11:38:00
af0d4cc0-334f-4569-9f8a-406a743ba170,32,234,20240920,1829.98,47,2024-09-20 10:03:00
dbb2e2c5-fc6d-4535-90e0-6fb86d27ff14,49,517,20241023,366.22,6,2024-10-23 16:36:00
c7d0a1e3-5fd0-4cd9-8a78-63a6b038f374,36,472,20240624,622.88,4,2024-06-24 15:41:00
e14e5977-1c87-4740-80f9-49826ef342e8,46,288,20240629,1788.64,25,2024-06-29 06:00:00
c15ccd39-1cbe-41e1-97af-fb5dcb5e2df6,23,211,20241020,738.2,18,2024-10-20 01:08:00
19fbadf3-ee54-462f-859a-aab98bfb1f1c,7,115,20240927,1963.49,6,2024-09-27 07:48:00
0c5bf2c1-a7b6-401f-8ae1-a3f49909c8d3,18,743,20241128,1810.66,8,2024-11-28 00:14:00
a5e04245-94cc-4b78-b366-bfcab4ddd673,4,154,20240928,1712.69,7,2024-09-28 02:15:00
2f14299c-2a21-44a7-81ae-7779f3c8618d,29,966,20241120,142.28,11,2024-11-20 08:50:00
a49429e1-1dd2-47a9-94a8-e5751e23b5a6,9,596,20240904,1556.24,23,2024-09-04 10:07:00
5fa2d1b1-f0c0-4fd6-a24e-4c40912621fc,46,277,20241119,178.36,30,2024-11-19 08:24:00
e720b484-4de5-41c5-9009-98c8feec7cca,2,114,20240705,674.67,3,2024-07-05 13:38:00
ebd7de81-2127-44b4-bf8c-563d3d89f755,23,336,20241021,1896.92,17,2024-10-21 01:26:00
dfc95465-ce4e-4d66-9b56-c3324c4357fb,6,882,20240907,308.86,9,2024-09-07 21:59:00
884465ad-aafd-4242-b631-62dd12ce6547,46,861,20240707,1876.14,15,2024-07-07 17:17:00
25ec869b-f71c-485b-89b2-2a205e53b816,15,988,20240726,749.08,37,2024-07-26 06:01:00
27f53982-4bb5-45b0-99a9-eb877c083d49,21,383,20240822,512.7,44,2024-08-22 18:52:00
9df555e6-30d9-4423-97ad-34a263e28dc2,9,862,20241116,557.08,44,2024-11-16 03:34:00
97f30237-95fd-4c1f-8d3c-9056fdf8f9cc,26,921,20240718,884.67,42,2024-07-18 02:47:00
ac298c09-61ce-422d-a40c-4c5b9ee4fa31,1,354,20241030,707.26,15,2024-10-30 06:55:00
a591d8c9-a65d-43bf-9c0f-a15cb069eb43,2,28,20241105,328.99,36,2024-11-05 07:08:00
fdcdf1a0-cedc-43a1-bf61-b72e7d82d3ef,40,500,20241117,246.69,49,2024-11-17 11:26:00
62dfa6cb-d764-4ac8-8661-6bf0e60fe5be,30,891,20240715,1140.8,40,2024-07-15 20:00:00
2ca9b60d-ee43-486f-bcce-511087052021,37,370,20241127,105.2,35,2024-11-27 09:05:00
b36ad54b-9087-47c0-b335-6ce68bae538b,18,369,20241116,559.41,19,2024-11-16 11:42:00
d8931c6d-ccb6-4047-987b-96946c6a2422,1,14,20240917,61.12,42,2024-09-17 01:13:00
63ab736b-87cc-406f-a585-63a55aa912ad,33,680,20240610,471.5,2,2024-06-10 02:44:00
da8fab37-ca26-4a99-b3ee-ab38bcace388,47,36,20240723,1781.34,27,2024-07-23 13:02:00
af2b5dfa-7c31-4cc5-a254-a065b66f1f51,10,639,20240820,82.66,21,2024-08-20 05:01:00
afa9e639-77c8-4a69-8e5f-141302462857,3,867,20241011,318.02,29,2024-10-11 13:30:00
efa5374c-b948-4b9b-b14c-d34b96e3645b,26,303,20240712,559.2,50,2024-07-12 21:59:00
209d583b-2e67-4e36-a7b2-1cff08698575,16,87,20240722,460.4,4,2024-07-22 00:07:00
0c2a4618-77a5-4793-8d9b-443cf3977be2,25,318,20240711,934.96,34,2024-07-11 07:13:00
05722241-6317-478c-9f5d-72721548d575,2,780,20241017,994.08,40,2024-10-17 10:11:00
d9a7f777-bffd-4a87-aee2-0ba3bebc7fd9,49,719,20241015,1660.11,16,2024-10-15 00:09:00
61a439bd-ef7d-4430-b8fc-a64d0a1963ba,47,918,20240912,1991.52,17,2024-09-12 11:28:00
53150c7f-9e33-4997-834b-52213e7d724f,1,941,20240609,964.25,47,2024-06-09 05:03:00
4cfc8358-d32c-470c-afa1-f9ef9cf38174,6,128,20240616,158.36,39,2024-06-16 18:55:00
5ffefb55-8f12-43dd-ab51-b112b3a1ce1b,20,774,20241017,1317.41,35,2024-10-17 16:57:00
058f8e57-e065-4d7c-a1b0-768f9590aa03,25,343,20240827,1670.84,49,2024-08-27 21:27:00
a9008591-b5ae-47f6-868e-593526025104,32,127,20240828,1874.84,43,2024-08-28 00:12:00
6c6f387d-187c-4e6d-ad58-fc542f6b8d74,33,231,20240722,311.76,46,2024-07-22 16:22:00
549da877-7366-4f25-8e7b-c89bd28b9e63,32,452,20240814,626.31,22,2024-08-14 20:09:00
f938cf85-b5fe-4610-85aa-775d0f3b5fd7,28,468,20240606,531.65,23,2024-06-06 08:15:00
e14343c9-eb17-4082-b6b2-1ad5121530b3,3,175,20240807,219.58,11,2024-08-07 22:48:00
24ae02b3-95c6-4e11-bf4d-1b189275741c,1,871,20240907,432.3,45,2024-09-07 23:13:00
04025243-5dfe-4bdb-9adf-9fac009701b1,26,497,20240709,1948.87,29,2024-07-09 19:36:00
c0ad0254-028a-46dd-9a16-d3431eb5249d,21,608,20240611,1877.77,27,2024-06-11 05:01:00
ce8b4dac-de1f-45f9-b827-62241b3cf541,11,40,20240802,1921.73,41,2024-08-02 16:22:00
658bd669-2a6f-42b2-8d24-980ead141a70,50,882,20240729,1519.98,32,2024-07-29 12:07:00
b08f0a74-7a3f-4924-922e-caaf3cc0ae8d,40,229,20241122,1121.59,30,2024-11-22 15:41:00
b11454c9-0580-48f7-8be9-2c72c343a0e2,32,380,20240607,952.6,32,2024-06-07 18:41:00
eb5b7701-d295-45ee-8490-adbf26185271,7,703,20240917,222.75,2,2024-09-17 17:25:00
58988fe0-c6d9-4da7-b97a-02aaa41399bc,17,774,20241003,1953.31,42,2024-10-03 00:57:00
5aa38b50-67d4-431f-a338-929ba7fd7ab6,29,617,20241117,135.79,14,2024-11-17 02:03:00
b1a06f6b-7b2d-48b3-8f7b-6b9cb97fa553,21,268,20241126,663.26,12,2024-11-26 07:25:00
32917fb0-979d-405b-b2c5-d5e150b87eb3,16,968,20241002,597.72,36,2024-10-02 00:59:00
4395d758-75b5-412c-857d-6e7aba1d86b9,43,628,20241115,183.51,12,2024-11-15 12:27:00
d3704f36-7b02-4fdf-bd2f-8c1d60f9f1d0,40,604,20240829,1670.83,18,2024-08-29 03:09:00
cfd0c39a-1d92-4cc3-ba99-3760ce9b69e6,11,643,20240808,1886.13,30,2024-08-08 20:57:00
e4673a78-c7b5-4509-b0ee-9942d7135132,30,620,20240707,1630.45,10,2024-07-07 16:58:00
d83bc259-1475-4048-9508-1dce54ae5764,29,155,20241115,1497.55,37,2024-11-15 17:42:00
39f9278f-5dcd-4402-802f-3194de420f32,12,164,20240907,1079.68,16,2024-09-07 10:50:00
a0abd89c-727f-4198-9217-3346b86aaec3,39,759,20240726,1883.68,37,2024-07-26 19:05:00
111d7a09-70b0-4649-8fc2-04fa66d8dc8c,10,21,20240731,54.99,11,2024-07-31 17:12:00
c5a86d2e-c81a-4dda-a09f-a0d713faaab9,24,140,20240925,294.66,31,2024-09-25 04:02:00
cfd8371c-d93f-4a1c-9cb6-7f673b22c4e8,23,467,20240804,1194.2,47,2024-08-04 17:35:00
78836038-5fd2-48e0-adc7-00a64b8ea65d,16,412,20240915,761.96,34,2024-09-15 18:43:00
59329733-13ac-4311-b6e5-ee8d980c83ea,33,705,20240713,1706.75,35,2024-07-13 15:49:00
4b42b0d9-70c5-4c7a-94a2-033827678e28,40,572,20241106,1578.49,28,2024-11-06 10:10:00
c1388e1c-6079-4042-8d21-7a6beac5815d,38,292,20240803,218.82,35,2024-08-03 12:09:00
848c1fc2-8679-4159-80ff-049f7f5512f8,32,758,20240923,408.97,10,2024-09-23 08:56:00
9a0a50f0-779c-40f6-b46f-aa81d2d9f124,29,993,20240623,1322.52,43,2024-06-23 08:17:00
3ed2c414-08e7-43ad-aef7-1f3d4634aa0a,9,304,20240726,1236.39,13,2024-07-26 00:14:00
d45b3cce-a002-4fe2-9700-2d95d50eea65,1,221,20240614,717.72,21,2024-06-14 07:10:00
27a44cdb-4f4c-4f09-8397-ced346d4163e,16,737,20241104,870.76,49,2024-11-04 11:37:00
c8aa459c-d856-406f-b20c-f151dca361d5,30,393,20240927,899.79,33,2024-09-27 09:44:00
1ecf435b-27dc-4292-bf16-51db212d8996,44,722,20241004,481.55,32,2024-10-04 18:23:00
c60a2043-2c94-46ee-875f-0960eec71b32,42,436,20241117,1989.96,45,2024-11-17 10:43:00
9b58fa74-f3ec-4753-8c86-c99710b006e8,27,363,20241031,1169.1,41,2024-10-31 04:29:00
d9eca511-835d-41c8-b9e9-7327204eba60,22,729,20240918,808.63,44,2024-09-18 05:06:00
7d65c999-54b9-4294-a9fa-61cd8556963c,13,630,20241126,669.05,37,2024-11-26 18:45:00
59c3c76e-3533-4c67-8dc2-62bfcb213f79,48,50,20241115,247.29,15,2024-11-15 04:37:00
4f08ce6a-36bf-48fa-94a6-67b361a86df9,30,102,20240608,565.17,39,2024-06-08 18:02:00
cb931058-e3e5-4ed2-9342-b7e70be1ca11,29,105,20240728,968.69,42,2024-07-28 22:04:00
fe117f98-adc9-4ce3-b28f-1c5a05bd108e,47,673,20240627,1807.12,29,2024-06-27 15:52:00
c63170b4-8a18-4a0d-9b73-a85c3709749f,12,220,20240725,1230.33,22,2024-07-25 14:15:00
61505ddd-c685-42f9-8647-4ce2ab0c237a,46,537,20240907,882.06,22,2024-09-07 17:17:00
cd6c0d9e-7e32-4fb1-8063-b2d9f866954f,10,858,20240913,1979.51,20,2024-09-13 07:23:00
486dcd48-a26f-40cc-a930-5ea37d67907f,34,400,20241016,660.26,7,2024-10-16 07:48:00
93f05b19-11c8-4dac-804b-abf5f728f75a,4,556,20240604,921.7,2,2024-06-04 18:39:00
f352d36b-2717-4b1a-a583-f32cae0e1bb7,32,128,20240720,1298.16,14,2024-07-20 10:32:00
985a74f2-b20b-4e5c-b8f4-c1b39ad8a584,13,123,20240923,488.5,21,2024-09-23 13:52:00
2c77b828-9692-454b-b3fe-6107892d3355,5,688,20240810,685.51,42,2024-08-10 07:39:00
f26bc80c-e812-4ec7-9073-41299be50090,37,222,20240803,142.26,44,2024-08-03 23:03:00
c771feae-088b-4afc-9abf-94a1bf96422f,47,812,20241013,870.32,47,2024-10-13 19:47:00
fd2ed11f-f36c-4fce-910c-2c5e7ece8a09,43,416,20241126,529.75,15,2024-11-26 01:39:00
de439b70-adc6-4777-bf11-1a289dbae6ea,20,497,20240916,1500.58,32,2024-09-16 15:41:00
8c134c2b-c2b5-49b1-a16d-26b089e8e6dd,2,662,20240706,1240.12,12,2024-07-06 22:04:00
accecd94-7d7f-4fc3-9feb-927a45502926,4,357,20240707,363.43,25,2024-07-07 02:25:00
25f12a8f-517a-4c57-aeb3-c1d93be6e152,9,294,20240629,357.9,29,2024-06-29 22:08:00
12e2cab8-79ec-4938-8a83-c1c7b5b07000,44,961,20241007,876.31,41,2024-10-07 10:31:00
d7cc3d69-243e-412a-868a-09cea075b633,12,372,20240905,1825.65,47,2024-09-05 01:51:00
15170cdd-cf56-48a1-93e7-39631c7357d0,24,846,20241102,699.02,2,2024-11-02 23:16:00
cc0a073a-d638-4dbe-b3b2-dbbf367b3ed3,1,480,20240704,1064.73,11,2024-07-04 16:21:00
c40a73a8-2153-47b4-8c0e-a6ddfc2a5cac,28,199,20241124,514.5,49,2024-11-24 08:28:00
219a4026-2c0a-4e5c-a453-aa535d518d6a,6,822,20240604,682.26,30,2024-06-04 05:05:00
bc00f8f8-4873-4d9a-a499-1ef06b26bbbf,46,618,20240726,1987.61,36,2024-07-26 21:58:00
f057117f-ec79-429d-95e8-44a4bcfdb83f,18,632,20240626,659.14,30,2024-06-26 00:08:00
a23dddb0-2bb5-425b-a801-995ba4db912a,50,392,20240629,478.25,38,2024-06-29 02:18:00
1cc6f63e-c3f3-43bf-b3ae-ac727c3519bd,35,3,20240618,1973.14,40,2024-06-18 02:24:00
8772ec94-e041-4c52-ad8b-adb08e5e8407,5,942,20241014,671.33,35,2024-10-14 19:26:00
456e2ac0-7777-4f39-92ff-8853ac5c9eb1,29,99,20241011,1369.24,1,2024-10-11 02:30:00
7b924a31-616c-41da-a65e-1b24da79c1ba,40,320,20240805,687.28,21,2024-08-05 19:04:00
2923e336-a939-411e-89fb-d322e089517a,17,155,20241113,863.41,4,2024-11-13 21:15:00
48e55b71-e0fd-460c-8a6e-d8cb7b57f763,35,645,20240929,353.94,16,2024-09-29 21:05:00
096f7026-4f5e-4583-bcc3-c0de00d2c67b,49,909,20240629,172.19,40,2024-06-29 18:57:00
7da0c1ee-7b0b-4081-a626-075940af0d2a,10,144,20240628,1806.04,26,2024-06-28 08:45:00
4512bae0-ce79-4c8e-803b-6cacebf8c575,19,664,20241010,1084.9,39,2024-10-10 04:05:00
c4c7335b-700b-4881-bbc0-e60bbc26a15b,18,913,20241109,278.47,33,2024-11-09 16:17:00
87c18089-02d5-4890-b761-9cf4f78ebf8b,13,573,20240814,185.76,32,2024-08-14 13:41:00
c56a8833-bf4a-4084-9385-8e343033d7be,16,835,20240719,69.74,45,2024-07-19 11:15:00
6b1addcd-7bf5-4b35-aefc-f0470a749ad3,9,507,20240824,1862.3,29,2024-08-24 08:35:00
e6578558-0f03-496a-8c34-836403b129b0,33,116,20240806,1350.96,31,2024-08-06 20:39:00
f28668b1-b0ce-4596-8f8f-d45d45bd7882,1,378,20240719,218.79,20,2024-07-19 21:37:00
3509d880-7c74-4527-996b-76995af398fb,8,960,20241107,1166.54,38,2024-11-07 10:11:00
d67077cf-5243-450e-b7a6-d2a3d88a8a37,47,544,20240827,1751.27,34,2024-08-27 05:11:00
d7daf9a1-d09e-4f20-b298-da5b3eeff7a0,25,116,20240918,1422.8,32,2024-09-18 13:04:00
9780ec35-23ad-474b-a4f6-294573019b27,20,956,20240905,762.46,30,2024-09-05 22:06:00
d1c251c0-4ffe-45f3-be87-af07e61116e0,35,769,20240813,855.19,10,2024-08-13 08:57:00
c5b9bc3b-5d9f-4921-97dc-f646c3b05363,2,804,20240729,464.85,4,2024-07-29 09:02:00
7943ca8c-4160-44e6-bcac-502c0340408d,36,348,20241020,126.68,33,2024-10-20 21:31:00
9a4311f4-63c0-4dca-afa1-8cc8b436370a,23,194,20240610,1349.43,30,2024-06-10 16:11:00
a0a4aa5b-563a-468d-bbb2-c65a4f7746cd,4,450,20240620,1194.85,47,2024-06-20 21:59:00
9eb00a81-2525-4f49-afb0-60a6bca3d09a,38,339,20241108,772.01,45,2024-11-08 22:50:00
7a395c53-7060-4bdb-b111-4381b7617f78,31,321,20240917,598.42,30,2024-09-17 15:01:00
5ccac768-be64-460e-839a-f5ed77d4d54f,39,387,20241018,1863.28,11,2024-10-18 05:54:00
a65e72e6-fa3c-41d5-80fd-690285357c48,24,729,20240710,1226.69,39,2024-07-10 17:56:00
5d6460e9-34ff-492b-b4bf-b12135bed682,45,2,20240606,1457.72,15,2024-06-06 03:43:00
346d2114-2238-4c4b-93c1-3faef769c49e,24,437,20241022,1203.13,40,2024-10-22 10:19:00
502003fa-344d-4ba8-b0fc-0277011cd867,2,8,20240830,1569.42,49,2024-08-30 20:34:00
0908b540-19c5-4b7c-bcc1-c46245005d8d,25,58,20241023,1109.93,25,2024-10-23 10:13:00
f6112713-aee8-42a1-9464-9049b517820b,33,336,20240912,1928.56,17,2024-09-12 22:32:00
bdeff0ef-9bd4-43bf-aeb6-64f3f718140c,29,24,20241004,638.22,45,2024-10-04 08:38:00
6836d603-1cf6-42b6-adf2-652401df18b5,2,428,20241003,1291.75,12,2024-10-03 05:39:00
5d18e676-8820-43bb-908b-830862dd963b,43,687,20240806,689.76,45,2024-08-06 07:08:00
82e837f0-24d8-48db-8c5d-c04aa224e5bc,33,263,20241009,934.36,17,2024-10-09 20:23:00
6135164e-597b-47f6-86e4-dbabe1e3d558,14,833,20240806,845.0,19,2024-08-06 16:52:00
75b93767-eeda-4e12-9719-775cc0829f09,25,859,20241013,853.38,46,2024-10-13 20:34:00
3af31c6d-c942-4d16-ba20-200ae5ddb1cf,3,959,20241110,1320.59,21,2024-11-10 14:18:00
57e626a1-55e3-4475-a950-7c0847617558,31,865,20240817,1036.48,6,2024-08-17 22:04:00
5e4069ec-c99b-4216-983c-3a1f857be278,29,112,20241110,153.09,36,2024-11-10 05:00:00
c98de032-7d96-41f5-899e-1aa340554069,36,407,20240720,669.63,16,2024-07-20 02:29:00
5ff93dab-5a42-4fb7-8053-fc1c919fb401,38,149,20240613,716.24,13,2024-06-13 09:43:00
2513009b-ee28-4a30-9c02-a30bfa2e3382,23,431,20241006,1119.03,21,2024-10-06 00:54:00
2b5eae11-566c-4ba3-b836-b79b7a047d21,11,128,20241014,297.06,37,2024-10-14 10:30:00
cddf1fc0-f14b-4e89-9290-bede8a47dd61,24,574,20240707,1606.68,32,2024-07-07 18:50:00
44eb72ce-9019-4bab-9237-db06499ad8d1,31,227,20240713,934.7,41,2024-07-13 09:38:00
497e0753-3361-41c6-a19d-d4071372cc20,20,602,20240605,1274.73,30,2024-06-05 00:01:00
4277df99-066d-4dc1-bf3d-c786b97cade3,38,747,20240909,141.61,24,2024-09-09 18:58:00
326d1093-8462-4e25-94e8-a07624498185,6,310,20241102,1077.27,31,2024-11-02 00:43:00
a9de5b96-0e93-4bc1-a159-dbdff158d818,41,784,20241009,184.07,20,2024-10-09 23:35:00
01cbd8e8-8de4-40aa-b580-aa812b3f85bf,3,808,20240806,405.71,31,2024-08-06 11:40:00
70a1f9cc-fab5-41e2-b448-c4e2aba4a8d7,17,903,20240918,704.36,35,2024-09-18 08:29:00
4d10db28-960f-4eff-be50-2aa0ed07fab7,38,336,20240614,1712.74,46,2024-06-14 03:55:00
569eedfb-2a74-4697-8fc9-e58a656e71f3,45,349,20241008,243.42,48,2024-10-08 14:25:00
a21dbdab-3569-481f-b516-969fb6e942be,16,667,20240608,670.46,23,2024-06-08 09:57:00
274a9426-7fe9-4196-9e48-4494dc9be5fa,17,740,20240917,1265.84,23,2024-09-17 05:05:00
47dd2b15-688c-46a2-9a61-266f31a38fcb,17,813,20240710,1558.88,38,2024-07-10 12:10:00
ac62a28e-e0f4-49b1-8109-92725337f330,4,272,20240816,955.38,14,2024-08-16 16:11:00
c248f61e-5de9-436b-a19a-f2828cf60c56,47,517,20241013,82.65,10,2024-10-13 23:03:00
5ae87edd-7b53-465a-821b-ee6a083c4a73,33,272,20240709,1036.56,43,2024-07-09 23:59:00
f8ab02b6-fecb-4580-8c7d-d11bf45e4213,12,128,20241112,1286.52,36,2024-11-12 22:03:00
912e657d-2277-495e-a4a7-1d68ddb8eb27,39,577,20240908,1555.12,44,2024-09-08 04:40:00
361efb8c-a709-4a85-bfde-99535c4b130a,39,170,20240814,1016.35,42,2024-08-14 07:26:00
3c33f7f2-f84d-4029-9331-82ec1fbf67a2,14,262,20241127,150.25,13,2024-11-27 13:53:00
4d026980-4d39-4ccd-8c36-ef7593b1a288,14,390,20241123,1649.16,14,2024-11-23 17:30:00
542f0a6c-4e8c-4a0a-8b98-917963d9585a,34,617,20241117,720.79,18,2024-11-17 08:29:00
3a683b05-1276-4044-933d-78a491667785,41,661,20240730,224.97,39,2024-07-30 18:56:00
83453521-6ad9-44be-a776-aea651c3b2db,10,530,20240616,946.54,22,2024-06-16 13:00:00
b817849a-53c7-4fc6-b689-ace1760629be,5,507,20240818,359.39,30,2024-08-18 02:14:00
9b5cb3c4-88e6-41b7-a89e-ea6a1b6e3d2f,46,543,20240705,1904.4,35,2024-07-05 20:46:00
752d69ce-5791-4d5a-98a3-7e7a591505e3,19,950,20240904,1799.62,15,2024-09-04 23:32:00
d4856e84-c3ee-4db4-a510-b09bc620883a,32,707,20241022,1014.01,24,2024-10-22 01:03:00
3d59b295-bcad-4727-93cb-01cf5e817c9e,20,825,20241010,732.45,27,2024-10-10 23:13:00
23b90d48-4033-4473-8385-fa6818bc0991,24,435,20240907,742.45,47,2024-09-07 22:39:00
ee3178f1-64bf-4e96-aa07-3c76266fc64b,48,879,20240818,990.22,46,2024-08-18 12:38:00
25271b42-1da3-44e9-82e5-ab99c49cf41b,42,778,20241117,483.58,20,2024-11-17 13:28:00
92da4865-961a-4337-9987-c964c5d43b15,19,909,20240710,1444.51,50,2024-07-10 08:36:00
a37eed27-20ce-453d-a95b-3e675a24abb4,31,163,20240601,252.97,15,2024-06-01 18:17:00
97519206-45d3-47cf-919b-30b6ac3acfce,13,239,20241029,1068.95,33,2024-10-29 02:44:00
62726b94-6f9b-43b7-aff9-fb1422b6f528,18,139,20240902,1214.94,40,2024-09-02 08:12:00
c75b7e6d-6da1-4f42-bfab-8211f746f51d,32,573,20240614,192.07,42,2024-06-14 19:52:00
259538e1-9c37-4973-813d-0217faa6b254,13,267,20241014,1354.19,8,2024-10-14 03:51:00
3c7690d0-aae9-4c74-ab8c-b25e1990b2da,48,595,20241004,920.11,4,2024-10-04 00:27:00
de97e269-e37b-46fc-b9e3-c884faeb8fce,34,994,20240613,1384.06,18,2024-06-13 10:13:00
65dd3768-a93f-4d8f-b33c-2dfb406ac914,46,403,20240708,812.44,17,2024-07-08 20:07:00
ebd63f17-1d3f-413a-a02a-e8a41e6a84d3,14,951,20241016,1002.35,47,2024-10-16 20:51:00
2c39f7fe-e5e5-4d91-af07-a9390d6e535d,27,48,20240930,213.16,9,2024-09-30 10:55:00
44661b42-f69c-4ee2-9063-c9f251b59472,21,858,20240609,1455.5,17,2024-06-09 17:54:00
96df8c1a-3deb-4658-8f67-5b51bd88fa3c,17,949,20240719,1125.49,12,2024-07-19 11:01:00
f8978341-abe4-454b-9bbf-a6a8d7bdc55e,10,337,20241002,426.89,32,2024-10-02 18:12:00
ea677d39-8421-40ac-81f4-e1cc15f3034a,22,135,20241013,141.17,28,2024-10-13 16:19:00
5aa9a391-c847-4865-a439-be4254539da5,29,205,20240726,1246.41,23,2024-07-26 10:26:00
c08e6514-9a26-4242-aa8a-fde5d479c28d,42,9,20240721,1594.31,9,2024-07-21 10:48:00
be442458-0656-4876-86e3-e004cd782b7e,3,447,20240712,440.95,7,2024-07-12 20:08:00
5bb4b3af-f350-4cec-8fc1-dc92fa015275,19,618,20241013,282.11,15,2024-10-13 20:41:00
83932ffd-007c-4558-ad27-1fa976539112,15,300,20240910,462.11,12,2024-09-10 07:35:00
cf3e1aab-448c-4875-b126-c40e8c88c1ef,15,866,20240609,569.53,8,2024-06-09 23:47:00
d25a364f-76a4-401d-b4ab-15cc136f05b4,8,428,20240826,850.19,41,2024-08-26 05:44:00
cec64072-a470-468a-bf36-019d2fd6209d,4,58,20241123,1547.8,2,2024-11-23 21:39:00
15c95296-952f-42ad-af19-988918562515,29,431,20240621,740.01,13,2024-06-21 16:16:00
9f8b10cb-6886-41ab-8831-d08705880293,42,219,20240620,1583.27,32,2024-06-20 07:48:00
622c691f-2b57-48ba-bfb5-86d796965ba8,31,913,20240608,467.44,38,2024-06-08 22:01:00
d1dad35e-1eee-4b58-99dd-cbe3930dffe8,12,54,20240820,1060.25,20,2024-08-20 04:24:00
1509ce00-61de-4159-8947-3f0bed6edf98,48,58,20240617,1604.06,26,2024-06-17 22:52:00
21c62a28-b6e3-4de2-8722-40807a886245,39,261,20240810,181.02,15,2024-08-10 11:43:00
5c0f09b8-2a87-43b9-9a56-7a7a8b1cf3b7,29,210,20241017,1000.23,35,2024-10-17 01:45:00
aab5c2ee-fb70-4510-9b7a-8ab520cc4fb8,11,923,20241115,1309.81,13,2024-11-15 08:39:00
688b1fc8-09b9-4de3-8a23-d00e718ffd35,42,761,20240927,399.66,31,2024-09-27 11:07:00
f0f91289-9e04-4ada-b354-229cec828c9a,49,913,20240913,197.18,18,2024-09-13 17:19:00
ea1de6b6-3e16-4e8a-9902-9a0655c20d00,9,504,20240709,1537.37,28,2024-07-09 01:19:00
b5a1f358-be44-4cb8-93bf-96c62d0dc0cd,46,398,20240826,228.05,21,2024-08-26 16:02:00
55badc54-3c6e-4965-bf0c-50e9a5b0f852,45,626,20241012,937.97,8,2024-10-12 23:11:00
312345af-ca8c-4d2d-b89b-9ee07f3dd7a2,46,312,20240825,1771.66,10,2024-08-25 08:42:00
d85f77c7-06e1-4afa-ab05-42b97e64dc1e,44,545,20241104,1398.8,41,2024-11-04 13:17:00
71419936-2dbb-45c5-a686-b98a1c9e3018,14,71,20240904,293.52,27,2024-09-04 00:56:00
166ae607-9c42-4c76-9236-d22af7bdcb14,29,918,20240614,1086.48,3,2024-06-14 06:34:00
11c26728-a50b-47fe-a8da-20fa0852d0cb,30,11,20240619,319.87,47,2024-06-19 06:15:00
7f4753dc-b595-4962-a73b-22732893d0a2,6,885,20240806,449.83,44,2024-08-06 10:03:00
cf63eb7a-cde3-4ea1-9780-042574b2fd29,8,495,20240710,257.41,27,2024-07-10 16:28:00
03efaeb4-c2c3-4394-a6a4-3502b356732a,25,427,20241004,1817.93,5,2024-10-04 03:52:00
0bf8e671-034b-4174-aee3-2526981f0a66,31,358,20241008,926.81,5,2024-10-08 05:54:00
32e5fea3-d002-4b91-9590-a4925d6a3a25,27,487,20240831,51.56,13,2024-08-31 13:37:00
05228f3b-0958-4bd9-bf0f-45813422d74c,31,320,20241009,1558.36,29,2024-10-09 10:14:00
22110c33-4a22-41c0-82c7-0da389d17516,11,558,20240803,173.59,32,2024-08-03 23:18:00
0a78353f-4363-4d18-b36b-3f9171aae2b1,46,103,20240829,1360.92,49,2024-08-29 23:35:00
e01b1270-e442-4c95-b0b1-f5c1d6f187d4,46,411,20241112,979.55,23,2024-11-12 16:24:00
863e3b2b-819a-4b17-b0b9-2804502d8505,13,823,20240609,1351.27,39,2024-06-09 06:10:00
27f81e7e-66cf-460a-895d-c2873d68fcbc,44,91,20241124,1508.29,20,2024-11-24 07:24:00
224f00a0-b8b5-4d22-8cc0-cd2f39a9db93,50,661,20240905,111.74,21,2024-09-05 12:42:00
9e3e869b-08a9-44fb-9f13-e5f27023209d,15,176,20240908,891.74,31,2024-09-08 10:15:00
e00dc35b-f122-4f50-bcfb-832e31333c93,15,409,20240803,1646.0,36,2024-08-03 17:24:00
3381ce7d-a9b8-44af-a24c-cc72a0edd48d,46,544,20240820,453.39,45,2024-08-20 20:31:00
5e756463-c3e6-4048-8d70-712dd40a309c,6,942,20240610,892.12,50,2024-06-10 15:04:00
8c84607e-a3c2-484d-8f07-4a49b24295cc,19,683,20240804,790.13,30,2024-08-04 15:12:00
82a0e8dd-dab0-4bf3-9779-4948762542d6,38,148,20241012,710.22,42,2024-10-12 23:25:00
5c87a4c9-b272-4cfd-95a3-bc0c50ce0308,35,156,20240620,830.64,9,2024-06-20 23:08:00
81cc3632-a99e-4393-8297-17d64fcbf9d0,47,716,20241115,289.48,47,2024-11-15 07:46:00
f73b0b0d-b4b5-45e0-a36f-e57484b3fcab,2,797,20240917,734.89,39,2024-09-17 19:22:00
ab7b02cc-4149-4184-b0d3-afd997527eab,12,331,20240812,142.86,50,2024-08-12 08:54:00
eec60a59-67aa-4cea-a647-d7094979e3a6,8,561,20241016,1488.54,28,2024-10-16 13:17:00
f20132d3-0a5c-4a94-ab82-3071a89ef133,43,322,20240825,638.58,1,2024-08-25 15:45:00
b1a9bcf3-b6ac-44d5-84ab-4de628670891,39,786,20240614,1611.47,21,2024-06-14 19:08:00
c5c3bc54-59f1-4be5-8435-0acac1d702ee,17,365,20240715,835.57,25,2024-07-15 13:01:00
db771f62-dd36-40d5-b685-688256fe2058,50,448,20241029,1140.96,47,2024-10-29 04:09:00
44426d37-ab73-45ae-a261-fef1b65cfdf4,47,70,20240911,222.12,37,2024-09-11 16:23:00
fee880c3-8ae5-4c5e-8f18-7b034cafa696,31,51,20240802,1684.62,27,2024-08-02 02:59:00
01bdb350-f5aa-4ef5-8888-e7be54bfa0c3,37,417,20240818,149.96,33,2024-08-18 16:25:00
ade3bb30-b430-48b1-84ca-b79bb8b1f014,42,22,20240614,129.2,37,2024-06-14 14:03:00
37bd202a-b5f2-4761-9682-9deb60d617a2,40,434,20240829,570.96,41,2024-08-29 09:40:00
c5f2119b-20bd-4f90-895b-bf54793cbf14,31,326,20240923,991.2,44,2024-09-23 09:47:00
bfdbf197-56d4-4453-b7df-235fe240a6da,36,416,20240901,475.87,11,2024-09-01 16:27:00
88452e1c-c7a1-4a8f-90d1-0210f71a4218,49,705,20240616,1884.08,22,2024-06-16 23:43:00
5ec929d8-f6a5-4a0e-b6f3-b30b5683c68f,47,524,20240816,1281.33,28,2024-08-16 15:02:00
c1bc9de7-8b40-4cdb-a29e-0e9b71549a62,11,1000,20240606,215.16,10,2024-06-06 01:23:00
2f3171f8-ccf2-4c03-9aad-0bbc76885b4f,23,345,20240722,256.11,22,2024-07-22 07:53:00
ba57ac3d-e71d-42df-a6d9-2e4bf717fa55,16,705,20240612,937.22,45,2024-06-12 00:19:00
c8cf1199-b513-4bd0-96dc-bc166d6bfcb2,34,698,20240721,1959.62,12,2024-07-21 14:35:00
4e4ddc5f-1ede-402f-ac8d-23a88d5246db,16,332,20240917,1175.51,20,2024-09-17 09:26:00
d014e839-a17a-4050-91ad-8d5de7685973,18,34,20240731,1614.38,32,2024-07-31 01:06:00
f0956368-f9d6-4b3f-8502-c5fc76d25bf8,11,200,20241002,1411.89,26,2024-10-02 09:14:00
28eea001-699d-4716-8f8f-322443f0345c,22,911,20241031,1998.51,30,2024-10-31 11:15:00
8ac268bf-b97b-450c-ae73-0fcb2ae0843b,46,858,20240727,1087.44,34,2024-07-27 08:44:00
b64e56f6-7628-436b-bbe4-49760f23d99d,29,940,20241004,1755.2,31,2024-10-04 14:07:00
821e8cc6-f6cb-4cbb-a25d-a0cad84b05e1,27,842,20240923,66.8,9,2024-09-23 06:04:00
196b6e2d-e0bc-4840-8bfd-f0eb2b510007,35,696,20240729,1132.79,43,2024-07-29 09:43:00
1da7c4f6-e5fe-46a4-a2a5-524cd16768ce,5,299,20241017,466.78,42,2024-10-17 14:05:00
69bf2c97-ef4e-4163-aa82-4254310458d5,33,841,20241002,266.99,11,2024-10-02 03:30:00
3190d167-ed25-4c32-a18f-21792a660a8a,25,273,20240730,1723.9,36,2024-07-30 21:07:00
66acf6ef-d407-4388-b751-9d85568edb26,48,706,20240821,1004.14,12,2024-08-21 20:20:00
642615f7-1f60-41f3-b0f2-2c2af0fdc7d7,34,857,20241111,590.08,37,2024-11-11 01:04:00
8622442a-6c77-43c2-94c1-67931c98c6d6,22,532,20240911,489.61,49,2024-09-11 00:44:00
c7c2627f-f321-4083-9bc8-de94a9237483,23,334,20240812,188.17,34,2024-08-12 17:21:00
38a84938-25eb-4e0c-97fc-7d2be7f620da,2,243,20240618,948.39,3,2024-06-18 03:29:00
40233fcf-2049-4dfb-9af0-cbb06581edd1,30,116,20241126,981.65,44,2024-11-26 22:09:00
3c85b121-0a55-4e86-b314-b77828661f4b,43,376,20241127,1299.32,45,2024-11-27 18:09:00
c290b167-d679-4c09-bf86-3e868f8f3586,4,780,20241121,1769.18,2,2024-11-21 11:08:00
b149b074-f00a-4a03-9a66-6c1d394ce0e2,49,296,20240914,1381.76,44,2024-09-14 17:03:00
a40e1128-5e1e-47ad-a0e7-057cdaec9069,16,899,20240825,429.59,9,2024-08-25 07:48:00
8c262705-edc6-4e03-881e-31078619faed,35,867,20240718,115.76,31,2024-07-18 01:06:00
f85ca4a9-f2e1-45cd-959f-7b2bed46d5a2,1,243,20240806,1072.17,40,2024-08-06 01:29:00
e473e2dc-189f-4e05-9c46-3dbd6d70bf71,8,965,20240705,596.64,29,2024-07-05 21:13:00
58cfb432-ff6c-4763-b266-c650cad6d074,6,934,20240616,1704.35,1,2024-06-16 06:36:00
dc55cf29-d48e-4b1f-adde-cc1ff31cbbf8,16,129,20241001,743.65,14,2024-10-01 13:14:00
66e272d1-a553-40b8-a31d-bb812f5e7fe9,24,823,20240929,1746.8,3,2024-09-29 16:42:00
3ed80cf7-9287-4b53-b5b0-a6b7e5cc96e5,24,635,20240702,1124.48,35,2024-07-02 21:20:00
fa5c335d-aef8-4fee-9775-d8decf64a16b,22,912,20240923,1925.58,16,2024-09-23 21:44:00
9f7d4929-0b47-41e8-b070-89279691b675,21,487,20241006,873.98,24,2024-10-06 04:13:00
08d97af2-d261-4ee0-bcd8-a8318d660cdf,28,530,20240624,557.74,16,2024-06-24 05:04:00
a2eaf191-f74a-4c12-b3b7-a86435f7a04d,23,76,20241005,446.26,1,2024-10-05 19:05:00
350383ac-49f9-4900-819f-ab929b736236,48,983,20240922,1001.08,5,2024-09-22 23:41:00
ce4b426d-02d4-4de3-a6cd-0cf6d9e2b4ea,13,166,20240613,1309.87,19,2024-06-13 02:45:00
277e6f64-8e76-4413-9295-55d0a4c537d9,46,50,20240619,1698.39,29,2024-06-19 16:14:00
cd81b856-d7ba-404c-85be-3387ae5b25ae,14,133,20241112,1615.5,21,2024-11-12 14:20:00
0ed7e518-5f3b-4a96-a37b-b0f716d66cee,27,557,20240824,112.89,8,2024-08-24 14:47:00
26d87479-ffa3-4b00-8ff1-29f5c285d100,12,355,20240824,1143.11,22,2024-08-24 22:58:00
563de245-c46f-4e3c-8a75-9c923024e9e8,24,561,20240716,838.36,42,2024-07-16 18:00:00
fb04fdc2-f781-4531-803c-8aa1413ec6ba,1,48,20240825,1509.53,10,2024-08-25 17:41:00
44959550-fd95-41f8-aaa5-2c406569ab79,47,82,20240818,1769.49,43,2024-08-18 00:41:00
e56b8963-d803-4edd-9f0b-df29f51e524d,16,116,20241109,1902.73,29,2024-11-09 14:32:00
034179a8-c4fd-472c-92fc-7431290131bf,25,733,20241022,114.25,5,2024-10-22 21:40:00
cd9e2c5b-7bb9-49ea-8117-c1bacf30935e,10,142,20241008,797.4,34,2024-10-08 14:27:00
ed76c6d2-3bfa-44e5-8058-d5c5cd6cc746,19,569,20240828,487.61,26,2024-08-28 18:09:00
05357dbc-fccc-4835-84ca-12229eaae5bc,34,915,20240904,926.26,30,2024-09-04 14:40:00
48de3a8d-47da-4eae-a9ea-cf603ecfe05a,31,907,20240715,1641.92,7,2024-07-15 12:03:00
bb892852-1acc-456d-8e8d-2dfcc19fa7a3,28,597,20240608,1376.44,29,2024-06-08 11:42:00
d3251c83-f310-47b2-9c2d-bb2023680ddb,39,157,20240617,1462.06,2,2024-06-17 11:58:00
ef460b25-daf9-46e1-ac56-8fe37291d954,25,486,20240804,1604.07,3,2024-08-04 23:45:00
782cdbe9-70a2-464b-8e97-1385ff7ff46f,5,387,20240819,801.57,20,2024-08-19 19:32:00
731d239f-3e68-41d1-a159-1579a19f5231,22,384,20240819,1211.79,37,2024-08-19 17:55:00
a7e8d14f-8c69-45ca-bf40-70f9d57d7d9e,30,640,20240708,783.95,48,2024-07-08 22:36:00
c0762894-2756-4f13-a5eb-96e85f0e3cb4,9,266,20241028,402.02,39,2024-10-28 15:09:00
7621895d-1073-4333-948e-477413f95ec0,39,465,20241024,1321.48,37,2024-10-24 00:13:00
4eaaa06d-832f-4cef-b847-e02332a75906,15,693,20240704,1393.54,32,2024-07-04 13:15:00
0aabbd17-d019-4653-9a7b-5b97736c766a,20,553,20240804,810.93,19,2024-08-04 09:46:00
c3a5d916-ab66-4875-ab87-c731cdbfa491,12,297,20240630,561.38,6,2024-06-30 14:21:00
42cc0a11-14d0-4f7b-8f89-8a316b248ff0,13,780,20241003,1923.82,26,2024-10-03 23:23:00
9e460ded-f85b-4b1d-9ec6-299e31de563e,13,439,20240819,788.27,29,2024-08-19 23:48:00
c431ff3b-4270-4c5e-94eb-d74f60c0268a,17,499,20240920,1706.41,5,2024-09-20 16:01:00
806218db-65af-4e35-92a3-859f818145e3,19,708,20240922,1431.95,19,2024-09-22 23:18:00
cbdcb4b7-4f1d-4d64-9da3-049bf8473cb6,23,675,20241022,1224.09,49,2024-10-22 02:16:00
0c3d3cc6-bcc4-4d39-9069-fd54b82c0a79,44,610,20240701,1618.02,41,2024-07-01 23:59:00
e338c317-2ac4-49c4-8f33-8a7c24e596cd,33,995,20240616,398.4,23,2024-06-16 09:34:00
ed4a5f9f-8e88-494c-9c7d-786af7b8ef9b,47,703,20241123,1940.28,41,2024-11-23 13:36:00
83e60dbc-5959-4175-95cd-15ed7eda8b24,5,392,20240903,1335.92,46,2024-09-03 04:59:00
6da7bfb3-8a7e-41bd-88cf-1d0779f7c0b9,43,801,20241121,1606.55,10,2024-11-21 23:48:00
a5db943f-3d96-4e3b-9b4c-faece916aa59,6,994,20241013,1583.54,27,2024-10-13 03:37:00
08e3ec56-94a4-4060-99bb-d7d9d814b8a8,46,959,20240824,1504.59,23,2024-08-24 16:15:00
91c3678b-a8f6-4313-883e-43506b99c5d5,40,235,20241011,73.84,35,2024-10-11 20:02:00
61d3328d-1b59-47f0-a2a8-dbf9c9a864ce,42,294,20240722,443.73,39,2024-07-22 16:57:00
cb8b517a-939b-4d08-8047-a860dfcdc97f,50,226,20240908,1488.93,24,2024-09-08 21:16:00
5717fb24-2bd7-4a5b-bddb-804b3a1e98aa,7,149,20241009,522.07,50,2024-10-09 17:09:00
0ed0ff1a-ee6a-4411-a999-00f94e64a715,8,833,20240611,173.07,37,2024-06-11 04:31:00
65fb77e0-62ae-45a5-a02a-61f55132ddde,31,450,20241119,374.02,8,2024-11-19 14:07:00
44af398e-601a-4f3d-819a-0cf2efea360a,41,921,20241109,1628.09,34,2024-11-09 19:20:00
2f137239-f36a-487a-bf65-7005c67d81f6,25,448,20241026,842.02,46,2024-10-26 04:48:00
ca5d6407-3d96-45cf-a5fb-56eb10409b47,50,971,20241030,1746.47,5,2024-10-30 18:31:00
5a3fe251-4b98-43b8-b69c-77040036f7c1,25,732,20241010,332.42,17,2024-10-10 07:46:00
ca10fd42-1b26-43a6-b4c8-9a81193ad29c,43,758,20241115,1980.08,37,2024-11-15 19:13:00
c799873d-89e1-47ff-a6fc-e7ae2af585ee,6,897,20240708,1334.41,17,2024-07-08 06:24:00
96afad5f-064e-43de-b503-404f6c9578d3,45,21,20240914,1555.5,25,2024-09-14 15:38:00
b1f4b36d-f5f0-446d-8189-13fad69daed4,34,635,20241117,462.42,29,2024-11-17 22:33:00
eedd962a-3da2-488d-ba47-1cc89bdcde10,47,845,20240917,938.76,45,2024-09-17 03:57:00
a9c55e25-fd02-434d-8854-2f3c04c9a0a3,3,499,20240814,1814.55,29,2024-08-14 12:03:00
da5853be-8e42-4084-98f7-00de1da961bc,50,23,20240702,1287.74,37,2024-07-02 07:47:00
002cc89e-5c55-4d2a-93de-9d0d488a2c0d,16,18,20240922,1106.28,11,2024-09-22 10:38:00
f31dd415-3036-45f0-9dff-7face28231df,49,930,20240602,1237.38,8,2024-06-02 11:38:00
d1732ea4-a156-4bb8-9707-ca3231f6e612,27,151,20241109,403.15,36,2024-11-09 11:22:00
acfb5b75-d576-4642-a597-8ada0661e533,1,826,20240610,968.98,44,2024-06-10 05:40:00
d2bb6f7f-c53b-4859-8781-8517c12c9d92,28,196,20241123,939.07,43,2024-11-23 05:27:00
07d88071-ad88-4e03-b26c-aaa01acff9a3,25,857,20240831,852.32,41,2024-08-31 18:32:00
c5422dc6-1f53-42e0-9525-7dc3e1817f8a,36,180,20240917,1679.27,34,2024-09-17 04:32:00
215f9316-c823-45a7-993a-aab3e9db398a,4,920,20241117,1045.0,37,2024-11-17 04:10:00
6a552c7f-5108-4b29-ac61-74cb27b65522,46,490,20240620,1514.67,3,2024-06-20 00:42:00
c9fe00cd-3050-4a93-ac7c-3ab808cf61f4,19,703,20240911,623.9,17,2024-09-11 12:58:00
7dc93acb-ffa9-494e-9b9a-137ed443347e,17,244,20240725,1434.87,3,2024-07-25 17:27:00
75dc38b0-a7ed-4800-97bf-4b0b9ad73b6f,13,973,20240804,1547.91,28,2024-08-04 15:46:00
129c4752-7254-4d74-aa3c-6b3aa561b624,45,773,20241104,378.25,44,2024-11-04 22:20:00
9a02166c-2217-4562-b0f6-a331793501b3,8,965,20240904,968.76,47,2024-09-04 03:56:00
c27debce-c74a-484f-8eee-5559d8c37d84,48,336,20240814,1554.85,29,2024-08-14 14:56:00
dd1e16cf-c9a0-4c06-8fa8-6977f13aeee3,45,348,20240902,669.91,38,2024-09-02 20:55:00
6a52babe-7eb9-4dff-b5d8-9f07a95d9fb4,44,277,20240723,1494.44,40,2024-07-23 04:50:00
81930780-6407-4e77-af60-f361696abbfb,50,840,20240717,302.41,35,2024-07-17 15:11:00
545aeb07-1904-41fb-a3ff-be92bf6a9510,24,590,20240622,681.46,29,2024-06-22 05:24:00
74d870e8-406c-4912-8b6a-65459ca11e1a,6,743,20240810,1196.68,38,2024-08-10 13:41:00
39bbf86f-815c-45b6-b20c-01a5610bf537,19,219,20240729,1656.34,6,2024-07-29 06:58:00
e30d97b7-0d8b-4391-bb4b-16537de08440,17,98,20241024,1992.64,21,2024-10-24 16:48:00
2ea2fd11-a7a2-49d5-bc79-85102e8d3481,46,925,20240729,678.78,34,2024-07-29 20:23:00
48e69f35-f2f4-4100-b7af-0b13b76b7e74,11,126,20241013,463.67,11,2024-10-13 01:44:00
6ed425ad-429c-4edd-b9e3-b01e7cb928b4,6,605,20240612,253.2,11,2024-06-12 20:43:00
78a647d3-9247-4d8b-a174-38afa1c61c8e,26,261,20241126,717.01,38,2024-11-26 15:49:00
edb9e52c-c27b-4833-a5e4-05bcfa24828d,9,64,20240922,1047.39,44,2024-09-22 10:17:00
8914e9b6-28aa-47b3-a907-4358ac4c2aba,17,637,20240910,1609.77,42,2024-09-10 11:01:00
9ab29a3d-e050-4619-98e3-6835d7b2db5d,21,51,20240626,1450.78,35,2024-06-26 05:18:00
43119ddd-a04d-4697-ae25-c3eb19a9fdab,29,445,20240808,1526.68,38,2024-08-08 23:42:00
76c2a43c-0752-45e4-841b-ee0901a3b1ce,27,130,20240817,472.8,50,2024-08-17 11:07:00
372c615a-2655-4dd7-b26d-fe4a3096679c,18,456,20240830,1592.82,42,2024-08-30 18:51:00
3e1d8f68-78c9-4c26-b034-a54afc188916,7,436,20240620,606.51,45,2024-06-20 05:33:00
f5886aa1-4ab3-421b-b74e-843b1f1167a5,27,121,20240610,1588.01,49,2024-06-10 05:53:00
45e38117-f80b-4e8a-b715-4f1f37d3a055,31,157,20241014,471.84,13,2024-10-14 08:28:00
29d43264-d21f-420e-a35f-2a15ecee3b6c,23,705,20241125,1153.07,35,2024-11-25 09:54:00
70b88d5e-b185-4f9f-8428-394dc12b7e7b,11,766,20240613,1763.85,45,2024-06-13 12:11:00
c4d4ea3e-3379-4aaf-bcae-c12d174a8816,29,991,20241030,278.51,9,2024-10-30 04:49:00
2d63f346-d874-4001-8e6c-5f3103731987,31,539,20240601,1576.85,21,2024-06-01 10:39:00
a7ea94d8-4e40-490e-b51f-64b89b67949c,41,390,20241115,1646.79,8,2024-11-15 04:06:00
d3672724-4848-4f9a-9e81-e87c03b8deb5,42,773,20240901,1545.04,19,2024-09-01 14:23:00
f359567b-798c-4987-ad89-3503aa663de4,39,55,20240907,1571.19,45,2024-09-07 00:59:00
e86a77e2-64eb-4522-bf8b-20a9b27778f2,49,47,20240604,1142.38,22,2024-06-04 03:48:00
4b55f7c8-b2ed-4e26-911a-491c456544b5,5,453,20240625,1673.76,43,2024-06-25 14:13:00
1bcf7409-6128-457b-9e48-25572b97f267,42,519,20240623,1319.41,45,2024-06-23 20:57:00
488a420c-5244-40c6-8349-e4e71de30824,12,380,20241118,1051.63,48,2024-11-18 12:41:00
f29a4e36-d9cb-4940-8473-fef3aef28a0a,23,610,20240813,1717.24,25,2024-08-13 06:24:00
f816fcb7-b1c7-4943-aa02-168fdc0c0553,36,402,20241114,644.02,31,2024-11-14 10:29:00
800df3b4-d977-42a5-9ef8-518571f5e614,41,194,20240623,353.02,24,2024-06-23 12:52:00
e627db43-60be-48ad-bd26-7cd4456703ab,14,884,20241108,410.7,47,2024-11-08 10:46:00
03f20288-5fb6-4a7b-9d84-c83ae9f299c2,33,596,20241020,1601.95,44,2024-10-20 11:51:00
d087c541-b007-42d7-a618-2b5fcd628c01,18,287,20240703,1231.4,22,2024-07-03 21:22:00
c37bc196-bcb0-49e2-8f45-8ce5d444fb4c,9,871,20240806,58156.88,21,2024-08-06 09:26:00
6ed35324-2f85-487c-934b-017528dfc4bf,21,863,20240815,1064.59,12,2024-08-15 06:52:00
d2730bb6-5610-4c07-934d-aae30c00687d,42,752,20241122,1764.23,22,2024-11-22 00:02:00
a77281b8-c0db-4589-8f3b-95ad488dd4ad,42,170,20240929,1028.61,50,2024-09-29 00:04:00
a4143c8a-8611-4997-8bbf-3405dab4b5bb,28,726,20241104,223.6,10,2024-11-04 14:28:00
ea6ec8e7-3274-402c-ad5d-ee57b6d0080a,34,498,20240827,1990.33,33,2024-08-27 12:00:00
43ada594-bc63-46f0-9330-fca88143f6ba,17,326,20240822,1597.82,18,2024-08-22 06:27:00
85be339b-ec7e-4897-a523-805abc92de44,17,426,20240815,1398.3,42,2024-08-15 20:54:00
c00c5d24-bc6c-4438-8f70-3cfbef93a9f5,47,274,20240621,1106.65,46,2024-06-21 12:18:00
91c34289-fe93-4221-a94e-c7706cf0b1df,5,780,20240918,1062.36,9,2024-09-18 01:31:00
977eaf45-9245-4f77-827f-2adda6aa33fa,25,630,20241019,520.53,33,2024-10-19 04:54:00
db108d50-b556-41b9-9932-b3ebbefe2eb7,9,265,20240601,721.68,2,2024-06-01 14:49:00
b1725e7d-5366-42b1-8416-d732c20c27ab,13,506,20241020,1550.97,11,2024-10-20 04:51:00
b152d4c5-d336-416f-bc2a-eb6cbe123263,3,942,20240727,1320.59,50,2024-07-27 16:05:00
f30b4d26-9d43-495a-8093-4aaf09653742,9,122,20240608,1543.08,15,2024-06-08 23:24:00
5f34a61c-6d61-4ac9-ba08-16aa88cc3f0c,10,346,20240805,1217.35,8,2024-08-05 00:27:00
44bff65d-462e-400f-b0c2-9b82b3e6e867,8,145,20240607,754.68,2,2024-06-07 16:36:00
43260188-fff5-48c7-84dd-5fe60cf9004f,3,918,20241111,1729.21,9,2024-11-11 20:18:00
3f99ecd7-3c54-450b-9e0d-7314c009e714,47,365,20240716,742.98,11,2024-07-16 14:20:00
63e4d145-ea2c-4560-9dda-ba6e718c5a86,29,734,20240709,1077.73,49,2024-07-09 14:19:00
eaa312db-9619-4dc6-ab0d-0d16d7921586,30,592,20241025,1642.01,35,2024-10-25 06:09:00
69b48072-8146-4d17-a95a-79be2a527858,34,677,20241106,986.16,13,2024-11-06 09:31:00
d8456b67-5f80-45f4-9d18-335491205e68,28,269,20241125,1463.14,16,2024-11-25 00:36:00
9c71a3f9-4053-4342-b576-adc29d7cd48a,33,219,20240610,1515.42,50,2024-06-10 08:42:00
42f05aa0-94a6-4bda-92d0-0edce832cedd,35,351,20240618,1578.7,1,2024-06-18 06:57:00
3a4fca7e-86dc-4c9f-9dd8-002640a71b6a,3,967,20240630,1943.51,48,2024-06-30 09:16:00
1a8d6031-2c63-4dd4-a959-5e321e0eedf3,22,620,20241109,938.37,48,2024-11-09 02:43:00
110291e9-501c-4fd5-bcc1-5ba26582f443,23,719,20240820,1416.95,11,2024-08-20 20:26:00
35839148-917d-4f5d-a07a-201ad9e4a17f,40,914,20240712,703.94,21,2024-07-12 04:31:00
f8c51ae2-9ac4-4f7d-9d9a-a977925af65f,41,564,20240816,915.47,7,2024-08-16 13:48:00
56e315b8-b050-469e-b0c2-ab7083949e6a,47,58,20241102,119.45,38,2024-11-02 03:39:00
9191e922-30c2-4537-8eb5-435c53a68d57,48,671,20240809,1553.96,43,2024-08-09 16:42:00
d17de057-0931-4a0a-96cb-9e7e27336994,42,519,20241103,414.23,28,2024-11-03 02:08:00
12b7521a-065f-4714-8e84-c60333e7e035,36,156,20240911,325.31,27,2024-09-11 21:24:00
490bf0c3-a0fe-494e-a354-670afbd582d2,44,48,20240603,439.76,49,2024-06-03 01:32:00
2505a072-86b0-4100-96ba-a39897b0af0d,36,735,20241127,1959.99,30,2024-11-27 05:05:00
f7acd5f6-d1cc-44e3-8c18-2b817029d829,1,444,20240711,1070.79,40,2024-07-11 18:35:00
b03fa8fc-6c1f-4320-849e-ac37afe9aef4,12,217,20241108,365.9,31,2024-11-08 14:48:00
44318d0e-0e2d-4427-a36b-cb1a05284bbd,31,260,20240821,132.69,34,2024-08-21 23:01:00
f93a1693-34a9-412a-b270-2a3690ffa5fb,50,808,20240921,873.16,46,2024-09-21 11:13:00
d1e170d6-2ae2-4686-8d45-712f744c96e8,14,138,20241022,766.34,30,2024-10-22 15:17:00
404b62a6-137d-4954-82e3-a50f1e5e85b8,32,389,20240820,863.84,35,2024-08-20 18:14:00
97b813bc-9b1e-4c1c-8889-1eed09feeffc,29,226,20240618,796.37,7,2024-06-18 13:25:00
c0c6eec1-9fb6-40c1-8d01-651f9d5b00ae,18,407,20240617,1912.14,12,2024-06-17 23:14:00
bda542cf-3665-45d6-8d47-f6d491e2b51f,45,51,20240905,1098.08,22,2024-09-05 01:14:00
d3b98322-f8a2-438d-9484-9ff5c1d82bae,41,129,20240622,760.47,13,2024-06-22 13:37:00
55f09e7a-ef95-44ec-948a-6e48ea349eb5,43,981,20241012,214.45,29,2024-10-12 03:04:00
7106582b-0353-4c68-bd98-fb4ee4a5dd48,46,579,20240806,1832.12,44,2024-08-06 23:02:00
5d391cf6-ca63-4422-a396-38b67f4f5f0b,37,944,20240628,1863.67,17,2024-06-28 01:55:00
f58a8baa-092e-44dd-a287-7444caee60da,7,548,20240710,1037.78,31,2024-07-10 12:56:00
8e313d55-a044-4ad9-aab4-e8f2849bc7ba,25,978,20240821,879.53,41,2024-08-21 15:55:00
b8dfbf24-a950-4ce3-b5c2-59248a468d77,43,521,20240831,1036.66,18,2024-08-31 00:11:00
b77f87dc-0a13-4ccb-812c-0a016da2673c,9,463,20240718,1322.09,22,2024-07-18 20:02:00
e2f5fc74-10e8-4bdb-9e35-2b5a513d9929,7,647,20241026,202.28,50,2024-10-26 07:35:00
2b4ca3f6-c775-4363-8d7b-d971f2d369c0,8,540,20240904,955.26,35,2024-09-04 19:48:00
fd18de90-1215-46f0-a7c8-a022c12a14c6,19,672,20240827,1036.21,19,2024-08-27 10:44:00
5d0b794d-b653-49f7-b871-eb7de8d3e20b,34,600,20241103,150.86,31,2024-11-03 15:17:00
32e586c2-1e78-4098-9045-254f72aba651,22,546,20240908,66.04,5,2024-09-08 09:18:00
00158c87-2c6c-415c-87e0-65e1bbf36e88,36,318,20241105,577.6,16,2024-11-05 08:44:00
a1a0eaf0-8ee7-4f84-aa54-56de28458fab,24,705,20240927,744.75,27,2024-09-27 19:11:00
80cb0c35-325a-466b-a2c1-bfd6eafa899d,5,126,20240807,1465.13,23,2024-08-07 10:29:00
df00ce87-c94a-4c3e-a5a5-a8879a2c3f54,40,289,20240908,223.67,30,2024-09-08 10:21:00
5d7e2f4f-40e2-4281-a9c6-9bcc52a2d573,22,214,20240915,1030.54,38,2024-09-15 23:06:00
e6914dba-5c5d-4b54-b3e0-e137e81aac2c,26,745,20240906,1470.99,33,2024-09-06 14:07:00
572bfbb8-4f60-4d8f-9054-0a2bbf5b7b09,25,223,20241004,1436.76,7,2024-10-04 11:48:00
269ff491-ecd9-433f-b39a-38ea5637ac8b,37,752,20241012,1431.42,20,2024-10-12 04:04:00
964954c7-2daf-42b1-8486-556e00bc993a,33,852,20241015,565.83,9,2024-10-15 22:22:00
00f4074a-967f-4a68-8d29-6a2e435a57c9,23,265,20241105,757.09,38,2024-11-05 19:54:00
09914281-b4b0-4c04-ba11-70ad7be0c9ad,33,861,20241008,89.84,45,2024-10-08 02:33:00
68bcd008-df6d-4063-be0a-6ccb0c35e61c,22,436,20240619,1622.54,3,2024-06-19 00:43:00
5d6f417e-2a3b-472a-85b2-a2ac98d2e83d,4,68,20241026,610.29,4,2024-10-26 22:24:00
c83d1a23-201a-4d58-bb53-183de0a3530c,36,265,20240707,585.38,29,2024-07-07 11:05:00
cb751994-e813-4113-b2d0-e80e37493505,31,869,20240712,1300.71,9,2024-07-12 05:27:00
22f98959-303b-47d9-8a61-4e8071e5f136,1,343,20241028,1012.89,26,2024-10-28 12:55:00
ebc4d362-43ae-44d9-bac9-5f02615e7d36,39,393,20240918,1206.97,35,2024-09-18 14:41:00
d582cc19-ef36-4f65-999b-5c8dc55ad7a5,32,799,20241118,1889.4,26,2024-11-18 12:56:00
0516258b-93c7-41f3-be38-488d575d81e3,49,914,20241025,1048.09,12,2024-10-25 17:52:00
e440c6ce-2c3e-46d6-9d31-804046d97109,8,426,20240722,1510.44,2,2024-07-22 22:40:00
e58e853f-b00e-469a-b388-e76692d23bed,42,127,20241114,1905.01,29,2024-11-14 12:13:00
b72dbcfd-29c9-44e6-95e6-3186a5157982,27,144,20240620,631.46,16,2024-06-20 11:05:00
aad5c7df-3f39-4bc2-a5a4-18a0976d1479,11,62,20240907,1844.78,2,2024-09-07 07:36:00
ff30077b-018f-424c-b01f-659b9abcc64b,7,368,20240805,1599.28,14,2024-08-05 03:26:00
23543a68-b1e0-480b-a623-f09ef100370e,47,412,20241101,722.76,36,2024-11-01 05:34:00
4c5442b8-b36c-4cff-a1c9-93eeaf90b252,27,838,20241015,744.6,6,2024-10-15 22:12:00
4fa355f9-60e9-4772-bb69-81857780782a,46,329,20240726,1887.76,33,2024-07-26 04:56:00
e674b371-1d36-4526-92cc-1acb1e744e01,39,163,20241030,913.53,14,2024-10-30 04:30:00
d26d918e-6237-4197-8861-e2d1ef4b7871,16,790,20240724,1740.86,29,2024-07-24 12:43:00
54802eb8-d8c3-4dcb-b968-0f4d231e985f,24,204,20241112,1218.46,6,2024-11-12 19:14:00
2b9cab77-89d1-40cf-bde9-4a579bdda844,40,278,20240803,1225.86,28,2024-08-03 08:42:00
fa66a559-2dc5-40e2-ad8c-c1416baf9700,12,24,20240818,1992.49,19,2024-08-18 21:09:00
d1d73f43-473d-43d1-8962-0751fedd4ac7,16,209,20240702,1896.88,41,2024-07-02 07:18:00
20d1da52-ef59-4db7-be3f-a7658cc4736c,41,966,20241101,954.77,10,2024-11-01 05:40:00
9ed29a98-0391-47e4-b5b2-a8afc774598f,6,855,20241015,1367.63,20,2024-10-15 10:40:00
c3c8cba2-ef77-4b30-a520-50e09fe3a0b2,15,623,20240608,1007.94,42,2024-06-08 23:55:00
ac715f21-bd83-4d3d-827e-09e330e23926,37,48,20240611,117.7,3,2024-06-11 18:25:00
7fa417cd-cf20-41af-83bb-a7ca9d4b65ed,26,536,20240622,730.9,44,2024-06-22 23:47:00
bae5683b-5773-43c9-89d8-f915270ff383,3,82,20240829,946.87,2,2024-08-29 19:43:00
2209a8d2-45d1-4033-b107-05451aca0c8c,41,937,20241105,319.7,34,2024-11-05 12:39:00
bffd3760-0831-4788-b61e-585d1972f1f3,23,106,20240923,591.69,30,2024-09-23 18:31:00
9df88d48-2384-4422-9aab-d8019d157d1a,20,665,20240912,1374.68,43,2024-09-12 16:55:00
5c83df45-2c6b-4357-94ad-44e400d0fb4e,16,717,20241110,889.58,12,2024-11-10 22:13:00
61994679-13a6-418e-a123-2e0665c59e94,26,626,20240723,689.32,8,2024-07-23 15:30:00
9a99ef1e-9edd-4aaa-9a74-2710a269dffa,32,288,20240916,1859.26,38,2024-09-16 22:37:00
e2d905ee-2d29-43f9-b979-ade28fc877df,8,985,20240628,1921.15,49,2024-06-28 11:37:00
2e4f85b8-9ea4-4a00-9bf5-a5b303e12936,44,973,20241123,1929.19,5,2024-11-23 12:01:00
b66cbd6e-9150-4a68-994c-ba66e4f435f1,5,830,20240803,1668.05,28,2024-08-03 06:20:00
8ddf1615-d372-4cb4-81fa-761160aa0f0c,49,757,20240627,156.28,1,2024-06-27 20:25:00
8c5b50e2-45e4-4dd1-8969-231a120703e9,28,905,20241004,892.14,24,2024-10-04 15:02:00
ca71277a-2d46-475b-8ff2-c1a8a918d6ee,6,273,20240903,189.41,37,2024-09-03 22:15:00
d474f502-55ec-44cf-ad9d-913fb5d7b808,14,544,20241028,1078.94,4,2024-10-28 19:49:00
1e03ff58-b3e3-4b47-9fb2-f9549ece5a3d,4,528,20240808,888.29,34,2024-08-08 04:14:00
e6cab7ee-df01-4543-ae05-cbd204ae9744,21,638,20240613,1995.99,18,2024-06-13 04:11:00
ab672499-2f83-4bf7-8812-8f98ab40a0b2,22,948,20240729,1519.62,50,2024-07-29 15:19:00
e22c8a34-1b42-4a41-9dfe-a4bb618ece72,47,710,20241112,662.48,35,2024-11-12 05:05:00
d3ad88c5-c8ae-4dbd-8687-80865232ff04,41,934,20240717,817.91,4,2024-07-17 07:43:00
93caa2db-88f5-4d2f-9ada-3c0150f20740,39,965,20240712,91.58,30,2024-07-12 22:29:00
5b9125a9-849e-4f28-a795-ffbf839a2a21,34,870,20240831,1796.22,34,2024-08-31 10:02:00
290ba098-37a6-4a37-9d5f-b248c74b3afc,44,785,20241107,1214.57,11,2024-11-07 09:17:00
cfcbe930-89a7-4177-9145-2979efe905a6,24,217,20240717,1510.3,17,2024-07-17 06:42:00
673860ca-96bf-4ea8-9623-b5ba2a2c8323,42,515,20241014,1299.74,16,2024-10-14 12:55:00
9b64bb21-27d9-4652-a83c-d0284c7c2e39,15,224,20241017,1167.54,23,2024-10-17 02:47:00
301a4a89-2b02-422b-bbc7-0a4285fd4bce,38,996,20241019,1417.93,12,2024-10-19 14:07:00
d3b05630-e56e-4516-b4b6-0be32815418b,28,290,20240918,536.67,13,2024-09-18 01:57:00
108b300e-f050-4d70-80d6-b279d30f9762,6,517,20241013,1631.78,14,2024-10-13 11:20:00
105e61f9-cf7a-4245-aedc-3faaa93a01c4,37,856,20241110,310.54,25,2024-11-10 04:37:00
c58642be-19c1-4618-87bf-cf639872331b,9,910,20241029,418.92,12,2024-10-29 12:12:00
4af44237-19f1-466c-a139-3694651815fa,49,507,20240704,293.23,49,2024-07-04 05:17:00
f2495139-1daf-43f9-ae39-c4b8e096e874,43,655,20240701,548.91,50,2024-07-01 05:06:00
8df455e2-85f2-4cbd-b33e-295116d452bd,6,722,20240926,768.64,41,2024-09-26 16:57:00
812f6096-fe06-49d0-be86-d93f19fa6aee,40,446,20241007,366.19,14,2024-10-07 12:24:00
7b1fa662-d366-4250-bd78-638cdba71827,48,842,20241026,1883.91,42,2024-10-26 11:24:00
c8df5878-1f3a-40e9-be09-3490f8013e89,6,522,20241023,834.1,48,2024-10-23 00:30:00
b11aba5c-9354-4848-9da0-78e940e3b31f,12,700,20241012,496.51,16,2024-10-12 13:47:00
e0f2a085-daa7-4208-b0ef-59af0bc9e41e,31,893,20240708,229.51,45,2024-07-08 13:31:00
6881a32b-87db-4795-80b0-714f850d05bb,32,808,20240724,287.49,36,2024-07-24 19:38:00
3b68545d-52a0-4744-a153-b5c4ccfb790a,27,180,20240619,1925.86,44,2024-06-19 18:52:00
a1d85cb1-ec69-4175-aabb-faa595ca7e00,35,182,20241126,510.77,17,2024-11-26 15:51:00
86496f19-6b02-482d-8e3d-5afd4e2683c6,14,490,20240727,1001.52,34,2024-07-27 02:28:00
e059b8b3-913d-49ca-b58f-af29f1b3db62,32,672,20241011,253.6,11,2024-10-11 03:52:00
769a26ec-b1d3-43f7-a8dc-afb01d50099e,30,381,20241005,729.59,1,2024-10-05 00:05:00
7683ac14-e2d8-4d8a-92e1-6b8b29c73bd2,8,568,20241123,1890.35,31,2024-11-23 04:38:00
16458e44-dd85-45d2-b8e1-16e0d020fd47,38,729,20240814,1523.69,17,2024-08-14 12:43:00
1356d3af-4c2c-488d-8be9-7a0f214a3077,17,412,20240828,1615.54,42,2024-08-28 07:53:00
7a0664de-da4b-4919-98c7-5ffe6bb2009c,37,464,20241122,422.89,15,2024-11-22 12:21:00
2decc4cf-048a-490f-a456-129ba2698303,30,891,20241002,1155.16,32,2024-10-02 09:25:00
ac7a098e-163b-49cb-87aa-004f14a09f98,12,81,20240818,560.11,10,2024-08-18 00:26:00
977c636b-2863-4317-9ca4-ff22b18c33a7,47,514,20241103,389.22,23,2024-11-03 05:05:00
911aa159-5fcf-44d0-8f7e-f1714803cb98,15,235,20240608,906.85,34,2024-06-08 15:14:00
43a3c923-f5f8-4a8b-864f-0d9e86d98d1c,34,1000,20240618,727.58,27,2024-06-18 09:05:00
df37ea74-5935-442b-99d5-468fdb3b8fb1,32,300,20240701,1398.08,9,2024-07-01 01:25:00
d098fb88-6afe-4188-863c-5bcddd01881c,32,138,20241112,1709.99,14,2024-11-12 15:52:00
a82f3de5-a3b0-4f20-9ee2-b2243e6ae95a,23,71,20240917,325.47,41,2024-09-17 22:58:00
c3817b64-06f2-45b3-8aea-aa22371a8d77,6,234,20241112,995.49,35,2024-11-12 01:31:00
71017eed-9567-4fc2-9c58-f34b90d6afda,20,376,20241106,951.82,18,2024-11-06 14:27:00
88ce358a-8e0e-42f1-a762-06fa802c0a95,12,3,20240924,863.95,3,2024-09-24 12:53:00
db949d51-32e0-40b0-bc95-79ebb408252c,19,780,20241002,1324.58,50,2024-10-02 12:32:00
5c12e585-ef78-4dfd-a068-12ab1511fdb9,33,206,20241108,1971.98,24,2024-11-08 03:17:00
b9c7db6b-d87e-40eb-bb99-e6e8731daf13,4,131,20240911,1245.26,39,2024-09-11 20:26:00
22b64213-4958-4726-ae0c-dea8126c56f1,43,613,20240926,877.52,36,2024-09-26 08:26:00
fae9ec08-50ef-4d75-8945-579a26631a91,47,516,20240608,1592.81,46,2024-06-08 00:15:00
a2aea8dd-85df-4e51-abcd-cfcc1328b9cb,25,690,20240625,685.27,48,2024-06-25 10:45:00
56df2dd3-ea97-4fd4-82e2-cd538bea676a,3,989,20240622,1120.64,12,2024-06-22 10:25:00
deb787fd-fdb5-49a0-807c-3a13c87e45c7,1,654,20241121,1833.11,27,2024-11-21 01:53:00
4887cc81-5105-4696-9f68-15b1b4599a06,15,375,20240803,721.75,30,2024-08-03 23:52:00
643be45c-96ab-4fec-bbeb-eb025b554bbb,25,341,20240812,261.54,25,2024-08-12 05:44:00
677274d3-6bfb-4376-b271-c4e7a13b3378,12,9,20240727,1259.25,42,2024-07-27 03:54:00
f92f359a-0f53-4a97-af9d-829f7c8c70ac,14,391,20240627,1579.61,3,2024-06-27 21:08:00
57ceff6c-d1d8-4b63-a163-03c42c47bcbf,50,292,20240622,151.7,25,2024-06-22 03:03:00
f317582a-296c-4209-a8a6-34597033867d,38,498,20240919,536.28,10,2024-09-19 04:11:00
0bc2fcbf-3cf6-4c7e-a2bc-7050daf7d5d3,38,230,20241022,1698.64,27,2024-10-22 05:45:00
4ccf911e-d62a-412f-91fa-ed347f282034,37,813,20240627,1611.87,3,2024-06-27 14:57:00
27079e38-7576-451f-8637-00f55f67748a,5,84,20240602,312.67,49,2024-06-02 16:08:00
ad78c932-1e31-4c1c-94f7-c753fe2f0970,38,225,20240705,573.11,15,2024-07-05 23:17:00
2bd7cc29-3f98-4143-873d-236a238ac7c7,49,385,20241008,1274.45,42,2024-10-08 11:16:00
4c03d340-3183-490f-bbec-aebf30b47bd6,43,244,20240715,490.59,18,2024-07-15 13:29:00
490390be-56d6-4220-8d83-37a1eee8fb9d,24,782,20240827,1791.75,32,2024-08-27 12:15:00
ed37b4eb-9fa7-41af-b545-643f24b83f5a,30,842,20240913,773.2,46,2024-09-13 16:27:00
6a951d8d-4647-4b32-a80e-eb7255b540df,33,461,20240829,1550.13,19,2024-08-29 10:32:00
7a1e30a1-cf20-468c-abb9-5c4ed92a27de,2,201,20240713,1392.8,15,2024-07-13 19:57:00
8ed37b9c-a4e9-48b0-ae02-1768cbe46e0c,31,823,20240727,1671.55,6,2024-07-27 18:05:00
003f489f-8cb5-46df-bb71-865189898bcf,38,490,20240708,692.68,25,2024-07-08 00:07:00
7001b687-ab05-4d10-b010-858df2cee1e7,31,667,20240619,1489.44,6,2024-06-19 04:46:00
2a8e8bc1-c2f2-439e-924d-5d82780123bb,40,963,20241012,666.27,9,2024-10-12 22:13:00
fc41a03c-dec2-4ca5-bb9e-47299dbb5010,21,378,20241111,666.52,31,2024-11-11 19:23:00
df35fc3d-b74e-4c4b-8694-bd1dc4695bfe,15,365,20241017,110.38,11,2024-10-17 15:24:00
35ecdd96-cd92-4124-a1b0-62f4828b1571,31,447,20240905,1687.2,45,2024-09-05 15:14:00
d02dcd84-ed6a-4c4a-a641-71d55e5f28ed,50,139,20240804,618.97,7,2024-08-04 05:30:00
f50528ca-7579-412f-b22a-9b142e51264d,50,698,20241022,69.63,17,2024-10-22 21:30:00
3cbee9be-1838-4056-b50d-e38e6d1d0cef,17,881,20241128,451.04,4,2024-11-28 02:33:00
ecfc3e51-5d3a-4266-b1dd-7d40150ef8b9,32,881,20240801,1642.77,21,2024-08-01 21:47:00
11c38b06-3e4b-4f56-b0b9-19858cbb4359,35,780,20241120,658.09,38,2024-11-20 23:01:00
92b857cc-a01a-4c38-9883-1adaa5c11a16,22,965,20240905,1596.68,47,2024-09-05 07:01:00
cb762350-bcfb-4647-b7f0-97a413076f2b,48,259,20240728,583.96,19,2024-07-28 15:46:00
4330301f-8b02-491c-9db9-e066a322b819,4,797,20240630,360.64,5,2024-06-30 20:41:00
e17ff217-a349-474b-8b2d-6c75178e30ab,12,228,20240906,1226.58,7,2024-09-06 09:55:00
b82ded14-b3e4-4949-99a7-35bec949bb2c,43,232,20240827,1326.25,12,2024-08-27 02:30:00
726bf889-f8c5-4502-be66-7fcdc1028ad6,24,939,20241123,1619.73,29,2024-11-23 05:36:00
bdcb9731-fe19-475f-abd4-95680fbc4e83,34,543,20240701,242.78,38,2024-07-01 20:22:00
f437c4c6-3f78-45d5-a7cc-f169716b2c61,17,188,20241021,1824.92,40,2024-10-21 20:14:00
8012ed0a-b72a-4b5c-84d3-1908fac10b1a,43,854,20241031,577.18,48,2024-10-31 17:33:00
55d5ad2b-2554-4a8d-8a26-eb5bf1664407,43,973,20241026,313.22,10,2024-10-26 08:16:00
f0c8ed3e-7930-4b33-a422-21b764bf0d44,6,254,20241120,418.39,23,2024-11-20 10:34:00
d1030f9a-0b67-49a1-b5d7-16b97329427c,46,453,20240619,1598.91,14,2024-06-19 15:58:00
8e1c6b1a-ca14-473a-9b3c-cfb00e72a84c,35,4,20240616,1902.59,6,2024-06-16 20:02:00
79f4029f-4164-47b2-8dc3-32ab7a1550b5,50,392,20240819,1614.83,50,2024-08-19 01:33:00
fffc3328-7fc8-4107-b1a0-d415cc4f1a61,8,416,20240614,839.4,27,2024-06-14 17:12:00
d2538b56-9f6a-413d-a6ec-8382f6fed119,29,340,20241116,1964.21,31,2024-11-16 08:31:00
4ec77179-22db-4080-9edd-dd6d06c109b5,17,969,20240603,412.27,17,2024-06-03 23:09:00
2e7ebb28-9d60-421c-b090-c78e69f0762d,27,302,20240609,86.76,24,2024-06-09 08:30:00
0d01c673-c93d-469c-b591-9a4a9e2c0e3c,48,512,20241105,1635.27,20,2024-11-05 17:09:00
377df844-f278-48bb-a2ee-5498df1e48d0,31,716,20241126,1766.35,5,2024-11-26 21:13:00
83b16c6c-c0e0-4b59-abbe-ee207e89cf57,30,312,20240821,1239.08,29,2024-08-21 09:17:00
65c249f8-a84f-499f-a810-e7e08906483e,25,453,20240817,957.75,1,2024-08-17 04:45:00
51473d5a-5ad4-48d4-976d-fb497157f533,4,122,20240729,574.19,30,2024-07-29 20:07:00
3923504b-ffe9-45cc-9609-ef216034294f,39,570,20240829,133.86,27,2024-08-29 13:16:00
ac92159f-cd3d-4b40-867d-887d2aea66cb,28,657,20240924,1771.49,40,2024-09-24 22:23:00
f8533154-26b8-47a3-98cb-0caefd445be7,32,295,20240826,266.94,43,2024-08-26 12:55:00
b41c7cc1-e791-48cc-8fce-04d77ccd48c7,31,640,20240704,1646.56,38,2024-07-04 16:59:00
b66af8e5-e8ce-4735-8fe8-5cebb13928ed,13,162,20241014,840.69,22,2024-10-14 02:42:00
6c5bbeeb-2540-427d-8af7-ace3fd35fec9,48,611,20241010,1215.64,48,2024-10-10 01:06:00
b6bddf08-3f23-43f9-897c-420272a8b13e,32,150,20240916,861.05,8,2024-09-16 22:24:00
d59f78ac-4fef-4832-b842-21a70b1fbe31,12,502,20240626,225.76,31,2024-06-26 19:58:00
a6d3afe9-0035-4025-9bd0-e1f210737821,22,855,20240910,131.89,16,2024-09-10 00:13:00
bfa1bcea-323c-4bb9-a35e-8371057b22e2,45,502,20240801,1792.36,17,2024-08-01 14:56:00
08efa8fb-111f-4d8b-b5db-463222c5516d,27,235,20240625,592.45,37,2024-06-25 10:12:00
09d64c3e-3318-4a78-b288-42ac8f5f1877,30,339,20240903,853.54,30,2024-09-03 23:46:00
502b42aa-cecf-4438-ad04-e31d574c4b34,28,563,20240916,906.82,19,2024-09-16 02:08:00
4ad745be-608f-4cbc-85ab-f05eb380c123,38,304,20240825,264.86,43,2024-08-25 02:40:00
02895a82-42c1-404f-9c80-871130df47d0,33,82,20240726,754.42,6,2024-07-26 23:15:00
9337e5f8-af5c-48c4-a6c1-4c063fcea089,31,835,20241107,910.55,45,2024-11-07 07:31:00
7260f968-ae1d-426b-a14a-9052ee06404c,23,201,20241105,1344.15,40,2024-11-05 11:05:00
844cb73b-5672-4c8d-bf8e-c2c5c48c5278,9,600,20240616,1067.14,31,2024-06-16 13:22:00
98ec2871-d937-4463-8191-eebc483b135f,7,509,20240907,1061.86,38,2024-09-07 03:58:00
13dc6ee7-76a2-44d1-af09-746feb6c210e,48,804,20240821,1250.2,22,2024-08-21 15:23:00
e8dc4599-dac7-4c67-a94e-aa36df5baaed,6,699,20241019,1039.78,1,2024-10-19 03:25:00
8cef0fb3-9aab-4888-8852-cd56a6ae4e4a,4,672,20240630,554.58,5,2024-06-30 05:48:00
99a899ff-1def-4523-aafb-ef595226e4e5,10,551,20241018,145.55,28,2024-10-18 14:49:00
bd9069c8-68d1-4d87-a871-317b71080764,8,306,20240728,1459.14,45,2024-07-28 03:37:00
93fb314e-176b-440e-ac24-49a30f3df118,29,215,20240726,23179.0,19,2024-07-26 18:01:00
b6bf3298-f917-480f-9e45-55aa233b6f68,17,66,20240930,301.48,39,2024-09-30 02:02:00
9edc11c0-ad96-49dc-9699-829d9592c362,11,827,20240709,1052.35,8,2024-07-09 09:24:00
c34cb7fa-fe41-4bb5-8d05-136338035670,31,990,20241111,1886.54,43,2024-11-11 19:04:00
7604b608-4d5a-45af-aae5-44f6fbcd807c,11,876,20241016,103.93,6,2024-10-16 09:08:00
31194691-4723-4a31-9b2d-b11da1932642,24,338,20240803,926.4,32,2024-08-03 06:28:00
445ece3d-fa94-425a-82ea-59ecb1df4f08,1,130,20240822,1570.51,5,2024-08-22 09:10:00
9a1d6536-65b3-4370-97bf-e00904e94495,22,941,20240716,1601.05,6,2024-07-16 04:14:00
4da49941-4e3d-411b-a98f-5b7d10a9ce5b,32,953,20241108,1242.8,40,2024-11-08 20:56:00
5a169c3d-fb4f-4760-88a9-ca4a000eb70a,31,531,20240730,1258.77,11,2024-07-30 02:54:00
0a5a719a-0e29-4d05-a61a-8968176a08e0,47,633,20241125,758.94,23,2024-11-25 17:35:00
9d202837-b0a7-4db9-8b6b-5a1347afd694,23,854,20241106,1716.29,5,2024-11-06 04:33:00
92e0cf37-7673-42a7-8902-96ad24e8b450,48,647,20240717,1742.92,1,2024-07-17 04:23:00
244f6aed-c6b7-4c9c-a027-291fabefd788,40,218,20241114,947.0,12,2024-11-14 14:21:00
5538daee-4d53-4d29-a853-8a07d508a41d,21,707,20241121,1204.76,8,2024-11-21 19:08:00
a8acb44e-fd8a-42f3-be8f-69a12959dfe1,23,517,20240714,162.72,3,2024-07-14 12:33:00
0510f84c-bf47-46b1-bf9b-81cf4775423e,29,350,20240819,1538.69,14,2024-08-19 19:09:00
e7e1edc9-4725-4e74-afb7-a6d047aac35b,39,741,20240813,1812.3,43,2024-08-13 00:52:00
6176bc55-50a7-4c54-9b5b-c3354aad1b92,22,235,20240616,1998.0,10,2024-06-16 21:31:00
818f8631-1d57-42c8-bc1f-d508442e0f54,34,853,20240811,921.1,29,2024-08-11 04:27:00
37320482-2d99-4562-9f65-679a81ebe8f7,18,222,20241022,55.99,13,2024-10-22 04:43:00
eba2b31a-afe3-402d-9b98-1608ba20385c,24,408,20240622,349.77,8,2024-06-22 07:23:00
0941afeb-969a-4c3a-88f7-6902125feed6,38,982,20241103,833.14,14,2024-11-03 13:22:00
494af7f2-9e38-4a96-92dc-ff341126284e,44,115,20241127,1087.64,11,2024-11-27 18:20:00
3eedfa82-c95a-4688-84bc-5edaa3c31891,45,747,20240721,745.93,11,2024-07-21 11:23:00
9a85da80-b3c5-41c2-9046-a43bff4eb564,39,569,20240710,27898.57,37,2024-07-10 08:16:00
957b1832-33a9-48a1-b55c-1275ee432bc6,26,592,20240727,1090.52,8,2024-07-27 23:39:00
2d975b1b-b9f1-4941-b037-841aae6592ae,29,965,20240709,1278.57,19,2024-07-09 03:11:00
a6d24721-ceb3-4820-b330-5b5157f5a8bf,35,503,20240608,979.74,35,2024-06-08 16:16:00
3033a4de-edd4-4dcf-8e43-56610eac6565,8,727,20240613,196.52,22,2024-06-13 11:56:00
c0852915-fae7-43ac-8d7f-4d92365c4a5b,34,248,20240823,568.29,2,2024-08-23 21:55:00
e641b412-0306-49c2-99ea-de13ab249e00,35,118,20240802,1427.76,28,2024-08-02 04:52:00
2ed074fd-b73c-46a5-8d72-3ddafb1c3684,9,826,20240715,409.64,27,2024-07-15 20:53:00
a4d352c3-8ec0-4653-a329-ca1a32285423,9,152,20241030,77.15,25,2024-10-30 14:16:00
2853d0ce-ddbd-4f8a-81e7-5991515b9067,40,709,20240704,768.82,1,2024-07-04 08:08:00
685bb9ae-bb40-48d6-93b9-b28b6e9d2b01,48,781,20240630,1056.9,19,2024-06-30 02:33:00
3845ef9e-229a-4a0a-a3cf-d0df25839e86,6,999,20240708,1499.71,8,2024-07-08 00:31:00
5fb2e63a-578e-40ae-87a2-6b2acca6faa4,14,846,20240626,1245.86,42,2024-06-26 13:04:00
1c19bb51-fb21-409f-8dc3-dfde7352a510,34,714,20240816,1813.51,20,2024-08-16 07:48:00
d9ada09d-4ba3-4421-9f4d-2edc5f424d73,33,132,20240613,1234.74,40,2024-06-13 22:58:00
1135e7b0-54ed-4e75-ab8a-858c69244645,18,176,20240609,518.44,50,2024-06-09 05:46:00
dcf5e97e-0a46-4432-ba07-33c17520caf8,11,581,20240627,182.66,46,2024-06-27 17:06:00
6b2ed301-71b6-4624-9613-93a52d74f832,38,519,20241025,1221.73,27,2024-10-25 10:43:00
c71857c5-2731-4394-a786-9704afd68d08,17,327,20240802,271.93,42,2024-08-02 13:50:00
9c403326-bb0f-4878-a0ac-73ed8f2fe8fd,30,443,20241020,655.1,17,2024-10-20 04:02:00
5ac5ed7f-fdc1-4190-b489-da954d48a8af,46,471,20240608,418.9,36,2024-06-08 17:09:00
5b934fae-4e1c-4be3-aaef-4781f3c2c267,42,904,20241021,798.63,17,2024-10-21 04:46:00
1f94f188-4018-4747-9920-3b9bdede5af5,42,676,20240805,1071.62,8,2024-08-05 10:21:00
0f6092ec-5681-46bb-804d-6367251d570b,3,508,20241001,839.85,34,2024-10-01 00:47:00
15f560b9-4729-4b17-9161-5162338f8896,2,28,20241014,1346.68,38,2024-10-14 01:21:00
cbba48f5-6503-41b6-b8ac-419631497bf0,46,318,20240708,1384.28,35,2024-07-08 18:01:00
929a689c-c414-46b3-9d4c-ffd6f5523f29,43,399,20241026,1580.44,22,2024-10-26 02:04:00
8c33249b-a846-4bb3-9c7d-c515c21f1b41,12,109,20241001,1716.12,37,2024-10-01 07:05:00
3278f171-8f43-4aae-9766-bceee4dee1fd,7,38,20240904,424.35,34,2024-09-04 00:12:00
95c5f14e-667d-4528-8f3c-9299e2096103,11,546,20240711,860.1,20,2024-07-11 12:47:00
bcd60052-4ab5-46cc-b841-88415ad70667,25,643,20240918,1467.62,50,2024-09-18 12:13:00
6749404a-00b5-4bc5-ba0c-b9bbdb9ed2b4,24,535,20240705,794.76,13,2024-07-05 03:08:00
8dc8d9cc-29ac-41cc-b0d6-77a470b6bea5,8,413,20240906,1331.21,39,2024-09-06 16:15:00
24d666e2-97f8-4d03-bcc6-799c23fc3ef0,27,424,20241012,175.25,12,2024-10-12 13:30:00
6605b4c2-eac3-40bc-b3f5-81a31d088eb4,42,673,20240826,1660.49,33,2024-08-26 15:04:00
90ece0f2-8ed3-41ec-b932-693220f33d20,9,328,20240925,909.09,3,2024-09-25 12:09:00
d6162c0a-1868-46d1-9bf9-afbf162a99a9,1,397,20240911,271.4,7,2024-09-11 10:34:00
f5a945f1-f0f3-471d-a2a8-ce6af7decbfd,21,784,20240910,761.79,8,2024-09-10 18:59:00
49f7f90a-fc08-457b-9ce7-f463c21ea7f8,40,706,20240706,148.86,30,2024-07-06 16:58:00
b22439a2-3216-4f5b-97b6-166f4d0cca1e,44,130,20240906,153.85,31,2024-09-06 08:34:00
51b551ed-b8f4-4207-8b1f-281662388092,8,207,20241030,1157.54,13,2024-10-30 04:04:00
193d9e3f-ae4f-41da-8802-b9d24fb2bd13,25,95,20240928,674.05,22,2024-09-28 06:05:00
ca54cc9b-8328-43ab-a2fa-1ba8775bb11e,33,461,20240817,1210.06,38,2024-08-17 02:10:00
cfe338f5-9a0a-4dea-aca6-0abe132267d7,18,892,20240724,81.41,1,2024-07-24 03:54:00
2e496051-246a-4d46-ac97-2f35f1ded3cc,45,705,20240615,1979.79,12,2024-06-15 02:50:00
04d2a5b7-4d94-4eca-b56d-f277371a3870,28,286,20241017,332.49,24,2024-10-17 12:40:00
e1f82347-599a-4f1b-989f-ea71fd011229,33,530,20240815,50.34,8,2024-08-15 00:46:00
64334875-3633-4b80-9e42-7ea542b595e3,37,4,20240918,718.11,22,2024-09-18 09:55:00
2c205916-b0d7-423b-bf9b-eb9fda6a21ef,18,371,20240701,1905.94,17,2024-07-01 16:35:00
b3316312-0833-4f63-b2c6-537dc8b341fc,25,589,20240823,309.82,21,2024-08-23 06:30:00
05b89685-7782-467d-939c-a5759dd963e0,44,396,20240926,1421.64,50,2024-09-26 13:15:00
8a039565-f869-4e09-9197-19e6a141028c,43,965,20241025,875.44,44,2024-10-25 09:52:00
3db92073-5863-48ad-813c-0dfd6970f1aa,50,440,20240921,800.68,13,2024-09-21 22:58:00
fc2f8ab7-00cd-4754-aaed-4d0d748e9ed9,35,905,20241104,1579.16,22,2024-11-04 08:59:00
f8204a51-50e6-4058-a785-d9bc18ffd6c5,24,526,20240902,784.01,47,2024-09-02 08:56:00
50e193cb-932d-43bb-a3c4-503c74b4c044,8,940,20240812,653.54,8,2024-08-12 21:39:00
b94c6ecf-a1b2-41fa-ba2a-f7ccde59c98b,34,435,20240605,76454.1,39,2024-06-05 00:54:00
acda04c4-ee69-449b-a0b5-407718c1fdb0,42,23,20240723,1888.59,26,2024-07-23 12:02:00
4ed14c49-4074-472e-aae5-b32aaebecfef,5,925,20241101,437.15,9,2024-11-01 22:46:00
ee53599a-dc74-44db-a1c6-09ca189ed176,9,521,20240624,306.64,8,2024-06-24 10:43:00
5f4e6936-6250-44d8-adcc-4e15bfc3337f,17,321,20240629,88.96,46,2024-06-29 15:40:00
2c0bc5df-0347-47fa-8c73-b3fba64c5916,30,628,20240722,1100.38,39,2024-07-22 15:02:00
adbb5197-25c2-4cd9-bdcf-db1ef75c7e59,3,669,20240710,571.28,19,2024-07-10 14:39:00
6a44829e-27cb-4deb-81a7-d4ff0577bdd8,3,388,20241031,1897.75,23,2024-10-31 20:46:00
170d6f52-1547-49a2-80ae-29d3651ae34f,10,904,20240621,182.0,10,2024-06-21 15:21:00
5a69c357-42fe-444a-8de5-ff1b6a888ea3,20,656,20241126,173.09,2,2024-11-26 01:19:00
36e40d31-285d-4a2a-8d5b-3f614bacdaf0,15,643,20241122,1246.78,12,2024-11-22 22:44:00
754afb47-3015-40dd-a2b9-9e1308a00a90,21,472,20240816,549.79,23,2024-08-16 19:56:00
db0ca213-9022-4cf3-bc66-92cf2eac3777,5,388,20240921,1283.52,16,2024-09-21 14:17:00
a2cbd267-2123-4788-bebe-fbb1e7e9f3f1,4,962,20241031,1401.36,48,2024-10-31 03:16:00
60689988-34ec-4f91-9e0f-a5357c621a79,36,511,20241007,48019.45,4,2024-10-07 19:02:00
d3831622-6345-49c3-8e85-1696a655c88c,47,241,20241113,569.03,16,2024-11-13 18:40:00
ce94b5f9-4821-48c0-9137-a47581bf1bf3,38,810,20241104,1515.16,3,2024-11-04 20:08:00
82ffb8e5-ee42-4413-a2a7-a4dde0dea56e,46,142,20240926,654.91,7,2024-09-26 12:04:00
6147ece2-d54d-4b0f-ba81-714ad07c2933,31,711,20240701,1210.08,7,2024-07-01 06:55:00
d2ee0413-3ee8-4726-9704-d3bf5ea85650,31,680,20241124,1098.59,8,2024-11-24 09:16:00
25598ca1-36ab-4102-a068-024b455ed1e9,24,393,20240829,54255.61,23,2024-08-29 18:25:00
883609df-c5d7-4920-96dc-d6c3e44ac7b1,5,293,20240720,1942.31,14,2024-07-20 21:46:00
327e5b17-6d17-4ed0-be8a-a5f85099e4ca,48,313,20241109,140.62,30,2024-11-09 19:00:00
3eeca6a6-7b32-457a-b649-89ffb100952f,37,663,20240708,523.78,33,2024-07-08 01:01:00
7ae632d2-5044-4aeb-9e73-a782f5bacecb,46,838,20240827,1464.28,31,2024-08-27 22:06:00
75823ab0-cad6-4b1d-920c-82e2a99fba2f,6,609,20240823,1140.76,26,2024-08-23 08:29:00
ca3eea64-dfd2-4073-9210-564f52ae8c99,12,493,20240818,123.57,46,2024-08-18 02:37:00
42bd7e66-4b4f-4e1f-b27e-22c476befa80,1,819,20241013,1714.16,11,2024-10-13 20:40:00
1d980b2b-1725-4679-a96e-ce49eedb189b,32,197,20240908,1671.65,15,2024-09-08 05:27:00
cb1074c0-86f9-4a0c-b898-04da4f2615f6,11,888,20240602,645.87,38,2024-06-02 01:11:00
e7746932-131d-4a74-997a-c73878796c17,31,13,20240605,1199.95,33,2024-06-05 17:22:00
d2e6311d-010f-49dc-81c5-4cf8c03722ef,48,193,20240831,1698.4,39,2024-08-31 20:31:00
31bb6339-2e7e-4dcc-9111-d0e16e5c1cde,21,885,20241125,624.39,18,2024-11-25 15:26:00
657b7047-0f99-4c6b-a5f6-88773210b062,35,231,20240911,1141.42,37,2024-09-11 00:17:00
a692d751-92e4-4b76-b9bd-561d84f7dbdb,8,874,20241015,1184.5,42,2024-10-15 01:49:00
9c4e1d5f-10e0-44e7-9c5d-c4f0b3abddd8,30,493,20240908,1311.25,25,2024-09-08 02:48:00
51072cf5-2619-43fd-b3c7-b4b1d580d0ba,38,373,20241125,1360.55,18,2024-11-25 02:51:00
716acc67-0e6a-483f-83b7-cd5ca4d6b207,12,270,20240701,934.22,26,2024-07-01 13:00:00
27d6783b-5aee-4cfa-9a6f-8a3affd61dfc,17,362,20240724,308.29,35,2024-07-24 13:06:00
5469a0ff-8fff-4a51-8a5f-47b014b7533c,38,783,20240619,1882.57,18,2024-06-19 12:47:00
392a6b60-c613-46a3-80e2-5bc4865fb7db,36,826,20240817,1734.52,22,2024-08-17 05:07:00
521e75ba-5899-4a9a-b0de-77685cfa85af,44,900,20240826,1788.54,23,2024-08-26 21:58:00
3d4a11f1-6be5-448d-93b8-b0dea3f9257d,5,489,20241030,576.55,13,2024-10-30 06:56:00
13e5624c-f1f7-47d7-819d-6b429c2cde33,9,270,20240723,1856.79,2,2024-07-23 10:56:00
e64368f2-db99-44f3-b04e-97bb27841acf,39,448,20241124,1055.35,41,2024-11-24 17:22:00
e5b3b662-24fc-4d4f-aed5-edaf649d0a14,27,909,20240706,1439.15,37,2024-07-06 14:49:00
0b0b4af3-4e81-457f-b668-7eeefd25a99f,21,130,20241127,1533.47,10,2024-11-27 00:55:00
76c317f5-39ca-49b0-8eb6-85d66aea5f8a,45,858,20240707,1183.97,26,2024-07-07 09:54:00
395500e3-39bd-4b26-800f-5b86ac1ff54a,6,645,20240719,950.84,33,2024-07-19 00:54:00
eb752243-3df9-4318-9de1-8724d883b621,50,806,20240602,893.29,50,2024-06-02 21:16:00
dcb63ccf-ba12-4adc-a2d9-198cd154b47d,35,753,20241108,143.24,50,2024-11-08 23:30:00
d88fbee4-4cc4-429e-b35a-ad44a9660e31,20,278,20240809,959.74,42,2024-08-09 09:45:00
22f45168-be86-428e-b00f-962d49e0aa95,14,19,20240609,1723.36,8,2024-06-09 08:06:00
5a937222-76f8-4b48-a904-1ceb1ea6cc72,21,468,20241107,1345.71,38,2024-11-07 05:28:00
c44ffa56-19d5-4f7e-bf38-3d4880c33cfd,27,348,20241025,1008.91,2,2024-10-25 05:46:00
f45c56b3-a04d-4495-a046-3d3c2a770309,23,517,20240624,1857.78,42,2024-06-24 01:12:00
9ca0e2c9-8243-493f-8079-0a9e531e8ec7,26,650,20241112,1793.33,31,2024-11-12 13:32:00
070f8e38-d9e5-4e21-ba3e-312b022b5275,17,372,20240711,152.25,2,2024-07-11 02:34:00
9a0f4d18-2bab-49ec-9ba3-1dd248ee385f,23,370,20240722,1429.11,28,2024-07-22 23:08:00
50a30f1d-eadc-474c-b573-7cb286da35a2,24,489,20240715,239.36,25,2024-07-15 10:39:00
4639fac8-9b59-4b06-b14f-d1a0a9a08dae,37,998,20241012,61.76,24,2024-10-12 20:31:00
41b44043-4ac5-4757-9f41-7829e23bfdd9,34,468,20240905,997.14,42,2024-09-05 11:43:00
e2f1cdaf-870d-4f14-88cb-13c1c94a3258,17,543,20241103,350.68,30,2024-11-03 23:15:00
b8b8c8ac-2885-42eb-a724-9e9fefc08fd5,26,70,20241014,861.17,9,2024-10-14 16:13:00
32a4a1c3-c452-4222-8c91-aacd3542a326,27,334,20241006,1403.67,32,2024-10-06 19:37:00
bc0df93c-6372-4380-816c-db342099bc80,9,804,20240925,391.41,5,2024-09-25 12:28:00
433977c8-49d5-44ad-a383-1e4dee1fd694,50,188,20240917,1688.32,41,2024-09-17 23:33:00
99cb2006-f460-4c2a-b98a-ba6c9e3ae97a,11,18,20240708,182.28,45,2024-07-08 17:40:00
f5f00643-a716-4405-afa9-9adcd41ca832,24,370,20241009,883.98,2,2024-10-09 03:48:00
b52f152a-ca52-4e9e-b605-4a6c2c8edfaf,12,135,20241016,1806.53,4,2024-10-16 00:21:00
5797c0f4-48ec-48a4-bbe9-9eebc697f19d,26,649,20241124,1754.71,42,2024-11-24 20:01:00
5dadc02f-f609-4282-9768-770b50cea572,16,896,20240905,1342.79,2,2024-09-05 15:43:00
33d95aec-90dc-41a2-939a-80abf0ec14f1,34,530,20240714,1182.62,50,2024-07-14 13:30:00
fab67962-0788-4f2e-9c2d-68d6eb86d92f,26,795,20240930,1095.71,37,2024-09-30 14:44:00
0ed89438-a3c5-4c5e-83b0-c664c60cb4cb,16,378,20240923,94.44,15,2024-09-23 11:32:00
9f24314c-059b-48ee-bb6e-c0ab3dbec835,2,848,20240829,1610.22,46,2024-08-29 16:50:00
caffb001-43a0-44ea-8b76-ddbf180901bf,19,355,20240712,795.29,18,2024-07-12 22:00:00
d15da940-681b-4bfc-82d3-4ae0541524de,20,673,20241104,1190.17,6,2024-11-04 05:06:00
c3350a17-fcc1-4fe0-9c1b-7800253e5276,45,260,20240602,1859.92,25,2024-06-02 04:32:00
8ad6d7e5-560d-4fd1-a294-caecad2dbf20,37,713,20240912,1159.87,43,2024-09-12 17:19:00
d0ee44d5-045e-409f-b4cc-534c606025a7,16,427,20241030,1061.66,17,2024-10-30 07:37:00
db76eb1d-58b2-498a-ae0e-857a11fa39cd,13,312,20240601,186.29,13,2024-06-01 16:09:00
fcbdf904-079e-4887-9fde-21fc979aff7a,26,148,20240823,869.49,42,2024-08-23 13:31:00
7494f039-545d-4934-ae4d-3368639c6c14,29,376,20241018,160.47,37,2024-10-18 17:40:00
8d6b417a-c71f-4fba-a2b7-03b5f2bacaec,4,822,20240604,198.52,30,2024-06-04 19:40:00
4477343c-4b92-4816-a8e7-b544e451ed64,3,71,20240817,370.4,37,2024-08-17 16:56:00
2b25adf0-8ec3-4cc4-90a2-4a7212f14d34,47,730,20240901,1565.38,49,2024-09-01 18:20:00
cb70c6a1-46e9-4831-8b2e-f377c1ef432d,1,955,20240812,941.5,30,2024-08-12 12:42:00
95849765-701b-434f-828a-c83f63aa1c3c,33,335,20240831,834.61,9,2024-08-31 03:48:00
64718c3c-5eac-4ee8-a6cf-81d055513a37,43,832,20241023,1291.87,50,2024-10-23 22:50:00
8c1048ff-9058-4be5-b72d-dbcacab13080,11,591,20241117,359.34,37,2024-11-17 06:22:00
df7e7b43-1dd9-4dc8-b5fb-13c3e162e696,17,363,20241115,1016.29,49,2024-11-15 10:29:00
5ed96759-fea5-4f7d-bcf4-2b4548b5fc6d,11,864,20241004,598.45,35,2024-10-04 13:06:00
7c744ae8-1b0c-43de-bbad-a2294f6b195d,24,131,20240605,1905.39,27,2024-06-05 16:23:00
17328130-35f6-419d-b102-39021b87190a,9,873,20240725,942.32,15,2024-07-25 09:22:00
c5cded1b-bf23-49b1-928c-c57adc1aeb99,4,743,20240706,1059.53,12,2024-07-06 07:48:00
eb269cb9-95cf-4351-b552-f6323c22c5c9,4,892,20241103,1029.07,9,2024-11-03 06:41:00
77fc0e50-d9eb-4dea-9cd2-e3f4a10b8097,35,241,20240828,1775.18,14,2024-08-28 20:31:00
fd9d3702-0f9e-4a78-b19d-8c87de91815b,1,273,20240904,750.49,27,2024-09-04 11:41:00
199dfb11-3673-4b12-b650-1946c0926320,4,401,20240829,351.74,19,2024-08-29 20:43:00
b6355a24-d033-49ca-89c3-601e338886f7,28,750,20241111,1412.54,27,2024-11-11 05:02:00
ada2da84-3a0a-4c50-97aa-26509fa7d6c8,25,290,20240728,359.6,13,2024-07-28 23:45:00
97b59012-55ef-4904-a4da-42f62834ac6f,32,330,20241112,1628.54,26,2024-11-12 07:49:00
88ba04c8-4740-43b7-9a3b-47e3408d83b9,31,656,20240803,1461.56,43,2024-08-03 10:17:00
4c4a6975-6069-4336-8b80-35a2b98b8630,37,342,20241006,547.28,9,2024-10-06 12:44:00
cb65c420-7439-4a52-b31f-4cb82968f01e,44,914,20241106,1652.15,15,2024-11-06 09:23:00
c34728a1-c608-43ed-ae80-ccd73e44a5ea,23,796,20240823,1510.65,18,2024-08-23 01:28:00
ec75f0b1-608d-4247-87e0-f3b138490563,34,792,20240811,909.49,19,2024-08-11 05:55:00
6e42e2cf-00ce-40d0-8791-9276d82a36b9,2,619,20240913,278.6,14,2024-09-13 17:43:00
8786b302-5e72-41d7-9f6e-9ac55645620d,6,71,20240624,1818.02,48,2024-06-24 00:29:00
18e1e16a-730f-41ef-9d7c-f7bc3b9980b0,45,488,20241122,564.54,46,2024-11-22 22:48:00
84887363-3e5a-48a5-9710-5bf6d2446a72,23,618,20240801,893.14,42,2024-08-01 11:09:00
28d05adb-a3b9-4e3b-9480-5f412a2f8b34,2,293,20240712,676.96,20,2024-07-12 14:48:00
4f6761ec-7383-4e17-be11-f4f9030ac9e5,32,379,20241117,359.95,16,2024-11-17 00:44:00
58a2da81-75d7-417f-844f-52411012f28a,25,819,20240930,590.37,49,2024-09-30 16:22:00
18679c30-893b-49db-b7e2-c82c42ebfcba,16,245,20240729,1288.9,37,2024-07-29 02:32:00
44f7073b-eddf-4a41-b74f-d0d3bc7e5c59,48,139,20240912,823.47,42,2024-09-12 12:52:00
ea7e06eb-7ea7-464a-b1ab-2077d2bff481,44,34,20241021,1190.37,4,2024-10-21 03:05:00
32e578cf-c7f5-4b3a-b2d5-a970787e5aee,27,509,20241121,1600.02,29,2024-11-21 04:43:00
a6b663b8-1fcc-4e8d-844f-d37d0433ad8f,20,680,20241111,1688.39,18,2024-11-11 13:22:00
31ab3160-c250-4bf5-a791-a2835840a335,45,959,20240816,1181.33,1,2024-08-16 02:22:00
84b6f5f7-536a-45d2-9c3c-956cc2bf3fd2,27,786,20240913,697.16,15,2024-09-13 05:17:00
faa54cb4-0fbe-4336-bcac-c268ed7808d8,37,701,20241013,773.53,31,2024-10-13 09:19:00
92a02a3d-8be4-4fb7-a0bd-9624f39e6f81,13,23,20241014,448.68,18,2024-10-14 00:55:00
72da6c37-cae5-4403-9a7e-1eab3083828a,50,22,20241109,1630.54,32,2024-11-09 03:20:00
4b38e831-951b-48b1-8e48-bec21ad008d1,23,859,20240831,300.52,30,2024-08-31 02:34:00
250adf2d-b703-4afa-8f37-a86ca5a47627,22,485,20240820,992.07,14,2024-08-20 03:18:00
053710fc-8518-4ead-b997-e59d42866522,31,127,20240604,946.23,42,2024-06-04 11:57:00
bce5c630-20a1-4853-b53e-bcdc350f2a21,45,203,20240720,1286.91,30,2024-07-20 14:59:00
0aebe123-924f-4431-afda-bd5f31613dba,44,779,20241022,80.41,13,2024-10-22 14:23:00
3436649b-6caf-44eb-9e2e-86c84be9b5db,22,148,20240618,428.08,30,2024-06-18 14:29:00
af6ccf50-1511-4e05-acff-4a2e74a56d70,9,247,20240712,1088.19,35,2024-07-12 03:41:00
8dbc0b5a-7074-4391-b7ba-1090bd66a05f,45,130,20240626,788.65,42,2024-06-26 17:28:00
a892ed5a-5288-4ea9-a542-f98c6267c6c5,36,306,20241114,796.75,36,2024-11-14 05:15:00
60ac13b6-b050-4147-afe5-79b49da5040e,44,295,20240818,822.05,40,2024-08-18 19:54:00
63c81660-34f9-4d1f-aa2f-e8f45b4bddf2,3,345,20240916,1689.77,26,2024-09-16 09:07:00
1939bafb-3ebf-41c6-9145-516087e3dec5,32,129,20240717,1937.46,10,2024-07-17 07:52:00
90abc5ab-b68b-41ed-919a-9b3d8bb8c91c,41,408,20240712,1848.25,47,2024-07-12 08:28:00
be73f97d-18e3-4532-beb9-74a96c19b305,40,759,20240623,1138.72,42,2024-06-23 16:24:00
6a20023e-84aa-4bfe-bf6b-29a7b1c89a1f,22,918,20240903,1997.09,24,2024-09-03 09:18:00
69625d0f-3716-4b70-9f7d-585c22902d5e,6,802,20240711,234.23,30,2024-07-11 11:39:00
03513fa6-777d-494b-9502-5db4bade3559,47,317,20240806,54598.26,49,2024-08-06 07:12:00
fb8d5514-e868-41ac-9d73-a6af805c5d78,40,728,20241017,1530.96,5,2024-10-17 12:10:00
792b9d57-788f-4831-aa2b-24767d715d4f,4,690,20241017,283.05,4,2024-10-17 10:01:00
7d514510-2818-4b37-9bfa-0c70c8873bbc,5,536,20240916,375.91,27,2024-09-16 16:17:00
23e23796-11f1-43ee-b2ec-d131ee71b8b7,42,63,20240711,1039.35,24,2024-07-11 06:05:00
9a0a257e-2889-446f-af97-9657ea21a673,50,841,20240821,61.77,13,2024-08-21 05:41:00
5230d564-a9bd-443d-b66f-f53f0f135720,18,834,20240812,1220.91,46,2024-08-12 20:53:00
356fefe8-3b21-4615-81e3-fc577d08b1c6,42,330,20240706,1026.2,19,2024-07-06 13:48:00
cb3cf9d9-0461-467a-a81b-dd6833b64674,31,301,20240718,797.55,47,2024-07-18 21:19:00
1f6acdb1-04b9-4ef7-9225-7219007a1d7b,36,819,20240904,1305.13,23,2024-09-04 23:37:00
27b6cc2b-ff6e-49c3-9399-c527985dfae8,35,978,20240712,1537.69,8,2024-07-12 02:47:00
6cfefb63-63ad-4bd5-bee9-48d3852b1a46,17,112,20241116,1903.21,14,2024-11-16 05:50:00
1e7ed340-f8f8-43a1-bd6a-ae43a141b974,27,219,20241031,334.07,12,2024-10-31 18:00:00
4de68adc-64c2-43eb-9cd8-49f066a93943,37,318,20240617,1265.58,9,2024-06-17 10:43:00
2e8a0e30-59fa-4ec6-ad28-eda71ec09236,49,499,20241017,1377.88,34,2024-10-17 10:27:00
6b2f07a1-cb21-4353-ab08-682204ebfd2e,16,515,20240614,412.71,45,2024-06-14 17:18:00
82c08aa3-8da7-45e2-8f59-a251c1c50f31,34,149,20240814,1524.92,34,2024-08-14 13:38:00
0a8abcbb-a046-4a82-9a8e-5319067db384,10,286,20240827,319.23,21,2024-08-27 13:26:00
53ace1fd-7e1e-4299-a467-1208b0fbf11e,13,555,20241016,1668.01,30,2024-10-16 08:11:00
8efcc909-e1d7-4063-a25c-1db8df97892b,16,858,20240606,1090.97,36,2024-06-06 11:11:00
282f2926-5805-4e35-9623-02b92d6db2be,28,191,20240620,913.4,45,2024-06-20 23:54:00
584b3dcf-1a75-4b7b-bf81-17e8cbb116bb,39,631,20241104,408.72,28,2024-11-04 02:16:00
59447141-a647-4bef-a68e-e4b487ea6c4a,27,44,20241110,1332.75,11,2024-11-10 11:17:00
2b42c0ff-4c89-4039-b511-b9bdbb39d7bf,14,367,20241017,1156.08,13,2024-10-17 15:49:00
15477c20-072e-4722-9e1b-61f545907d44,27,692,20240811,1792.81,37,2024-08-11 13:38:00
b24c0a11-81b7-46ac-97b3-065d3abfa0d2,31,302,20240801,1649.59,32,2024-08-01 04:20:00
4b27a3d1-55fe-4fe7-a168-7dac1d72d252,23,356,20240918,260.44,26,2024-09-18 12:58:00
78447b25-894a-4d2b-9466-233d936598fe,36,251,20240831,1548.46,20,2024-08-31 12:14:00
8c1c1d9e-7ba0-4495-a0c7-97a3041d9a6c,42,378,20240603,1158.77,8,2024-06-03 21:59:00
bf40986f-c281-4cd4-a430-ae6ee2fa199f,29,721,20241113,530.8,39,2024-11-13 02:35:00
2da45ba7-1c9b-4a3b-b86c-43dbe16ff5b5,3,179,20241019,1481.17,46,2024-10-19 17:36:00
bcc0a6c4-9b7a-496c-86f3-9cf1bde9165b,6,77,20241009,713.81,12,2024-10-09 03:41:00
0c0486b6-7a60-400a-9982-bf458a521b8c,11,856,20240909,683.55,40,2024-09-09 11:33:00
5ad8c1ef-2595-4fd3-85a3-d4bd01d2abd5,8,856,20241008,1837.09,9,2024-10-08 19:00:00
7e5eb9c1-7654-4bee-ab2c-725e4095047f,24,411,20241004,1373.19,3,2024-10-04 10:06:00
0eb79fd5-6af7-495c-b429-02995cd4cbd3,21,485,20240918,1602.22,31,2024-09-18 02:56:00
fe7f49e3-0e53-4f6c-9567-d2381ec37f1f,7,642,20240614,1802.87,5,2024-06-14 03:26:00
c701c433-320d-4b64-82dc-2e9c5ba2951c,11,432,20240724,280.37,38,2024-07-24 15:22:00
d090f22e-baa9-4657-91b6-dd8a6e33a6a2,21,742,20241120,946.78,17,2024-11-20 11:35:00
78314a8a-0ffd-499c-84cf-329e8647646d,38,854,20240805,660.56,35,2024-08-05 09:13:00
fd32695d-51ff-4f1d-b07a-838c39a75ce8,8,605,20240611,971.78,41,2024-06-11 15:46:00
a3ce9e68-2a47-4c8d-911f-872a955e6eb2,4,166,20241123,418.68,24,2024-11-23 22:25:00
118cc023-9a7f-487a-8e9e-3240ca39ce3d,25,341,20241012,221.93,50,2024-10-12 03:56:00
ca7d6ebd-f4c8-459f-b683-9e070b1f36ac,19,32,20241010,1816.14,49,2024-10-10 21:56:00
c2e2effd-fb80-478f-b916-38345afbcfe0,32,950,20240902,1095.77,46,2024-09-02 23:40:00
0a62d904-c5a6-4393-ad1a-a63cea5096c9,38,574,20241104,1749.98,17,2024-11-04 15:56:00
62abbd96-fe69-4908-8150-4627f7a8389b,27,115,20241102,1422.34,27,2024-11-02 06:11:00
2aa9ee37-ef9b-41a8-aa2c-3cfc71ab9208,13,545,20240627,1964.15,10,2024-06-27 19:17:00
3e773fdf-f5ee-46ef-8de4-802c33db3e1a,38,998,20240712,1700.63,41,2024-07-12 08:12:00
c75e41bb-d766-4baf-b880-ae74d186ca40,40,508,20241105,627.82,13,2024-11-05 14:18:00
af2febe4-776f-42fc-b36f-8435ba9b6ec3,22,406,20240728,804.86,48,2024-07-28 09:55:00
895579ac-0732-4dc8-8eb0-8d0509b0b93d,18,470,20240608,647.75,17,2024-06-08 00:05:00
6dd95609-e237-4287-ba23-531f7228ace3,28,378,20240731,1716.86,18,2024-07-31 20:42:00
e02951bb-d720-4d71-97a5-252eb2f2bf8b,46,332,20240903,1406.43,9,2024-09-03 20:53:00
e5f18b30-6b28-418f-949a-e59b239da7e8,27,914,20240724,1255.77,17,2024-07-24 21:13:00
25d55438-253c-4220-922d-86db6acaaa88,4,476,20240627,1862.31,23,2024-06-27 03:24:00
fc4f96e1-85a8-4196-87b8-19d1c6c7cdf0,26,64,20240602,1278.43,38,2024-06-02 17:21:00
cf0efa7a-5458-4a6c-ab16-bb3b66d58c60,9,736,20241115,816.89,32,2024-11-15 02:44:00
c1a44190-c691-4d3d-a708-d1bcc6d8f046,36,599,20241112,395.62,17,2024-11-12 15:45:00
934d2b7c-f974-4c04-8bb5-ee6e749ad540,48,576,20240824,838.78,37,2024-08-24 08:43:00
9e60de99-a271-4a20-a4c9-3107c568f7ea,12,398,20240712,413.63,32,2024-07-12 01:27:00
1697467c-8055-4cf4-a588-38402040881c,1,784,20240807,1899.84,39,2024-08-07 01:21:00
cc303c83-95ad-4106-bc61-f80c00e30473,38,11,20240929,536.52,47,2024-09-29 21:36:00
36fb04d3-546c-4cdc-9557-8ce15a5b1229,40,532,20240712,881.96,18,2024-07-12 18:28:00
ee41afc6-ba36-40e2-9512-3dcca6fbe0ae,19,538,20240621,1608.17,49,2024-06-21 05:43:00
2a349339-0b38-451f-8326-5a3ebb7436c9,32,54,20240908,115.18,44,2024-09-08 22:32:00
ef9c1db0-f0ec-4ded-bcfe-4f8470a0de91,44,869,20240706,1087.8,24,2024-07-06 13:01:00
1bdbce9c-60e1-4588-8f19-40602250a303,35,496,20240726,1014.56,38,2024-07-26 03:07:00
2d93ff19-6c30-4075-9f82-b6ca8d2008f6,17,36,20241102,1092.36,3,2024-11-02 20:01:00
f51acd7f-f7d2-470a-8941-908e9a982bab,9,725,20240616,1407.63,30,2024-06-16 08:18:00
fd0137ac-be01-400e-a675-f07d8518af40,42,319,20240721,1179.97,4,2024-07-21 09:29:00
b1b83882-4eb0-48f3-8170-62a0ba7914ff,24,178,20240924,676.88,41,2024-09-24 01:28:00
50d9e043-8a08-4147-bc75-e5deaccbb48c,19,133,20240813,957.07,7,2024-08-13 06:03:00
9defb804-4e53-425e-9394-7da1648175f2,28,324,20240805,907.92,12,2024-08-05 15:53:00
0058b608-9cdb-478d-9b33-4e564f69c5d5,3,572,20240802,1525.18,38,2024-08-02 18:17:00
87703616-c786-483f-b8ab-04a095e18766,47,843,20240725,1903.62,35,2024-07-25 22:26:00
b6f5c4f6-31bb-400d-8c9c-b009b7aa9b7a,26,717,20241019,1075.71,12,2024-10-19 17:45:00
d36853a4-4500-40f0-b87d-4a366ae05608,28,943,20240628,218.36,46,2024-06-28 22:40:00
36678da5-f74f-438c-a17a-cdc0c82a6c45,25,524,20241121,231.55,27,2024-11-21 03:12:00
e360be45-35b7-4f9d-ac1f-4561d9d3bc4f,5,17,20240911,165.43,16,2024-09-11 12:34:00
dce1139a-a1a3-4448-bb16-6acdd6a4f679,33,621,20241111,731.71,37,2024-11-11 23:51:00
b8f84737-eb00-411c-882a-02517383e739,47,581,20241114,1401.22,44,2024-11-14 09:02:00
09338b83-29e6-4d6a-9495-9c3aabd83335,8,900,20240924,378.07,30,2024-09-24 14:35:00
c0d9263a-2a21-4e56-92b4-e00e9a802f3f,24,92,20241105,808.18,25,2024-11-05 10:24:00
9e4624e1-67fb-4443-a6e6-9109bb31f296,6,757,20241022,377.32,15,2024-10-22 04:46:00
a78fdcef-8e0e-4f92-b10b-43de5d255db8,11,386,20241126,798.69,21,2024-11-26 01:45:00
29437294-188e-41d5-a214-3e03c4051c66,23,141,20241109,305.61,2,2024-11-09 04:00:00
23ab84f7-fce0-4362-9e24-3d73b6cb87dd,16,826,20240706,1422.49,32,2024-07-06 00:17:00
5ac251f5-0098-4c9e-b26a-d6cc9c5e4eef,42,362,20241013,248.51,47,2024-10-13 05:43:00
3dcf818c-00c0-4791-8ef3-55034a928d87,4,989,20240804,689.1,8,2024-08-04 02:18:00
2f10ae89-eede-4357-93a9-81eb8050d4b0,33,38,20240810,461.69,15,2024-08-10 01:43:00
8796f76a-78e3-4d0c-b6ce-71cc1c9499b3,28,96,20240620,1197.64,3,2024-06-20 08:46:00
93674073-e022-425b-88a1-78ab7ffcfadd,33,818,20241005,319.83,13,2024-10-05 02:05:00
85827511-1c59-4cfd-9c59-5c7e7d1fe91a,9,868,20241023,796.59,45,2024-10-23 13:58:00
c0125be7-bf08-41d1-b71b-a51fe0d7ed7c,3,206,20241128,132.03,18,2024-11-28 06:44:00
02e9a9fd-1fa7-4686-8ed9-b4d1afff44fa,41,784,20240910,454.69,17,2024-09-10 04:58:00
ed54fdde-662d-4712-b2f0-4544a6522ebe,36,621,20240802,1018.32,3,2024-08-02 10:26:00
2d4eb72e-2d0b-48db-9573-b7d87b9426ba,39,947,20241115,693.96,50,2024-11-15 19:16:00
0a165075-169c-45f1-97aa-f67ee4aaac84,40,578,20241005,1710.46,22,2024-10-05 01:12:00
166fa0ff-026d-49d9-8d8c-d79a494c8e3c,22,512,20240830,1120.59,25,2024-08-30 18:25:00
0a0e2a5d-3c54-49c8-857a-fb5de0f785d1,41,994,20241107,263.03,2,2024-11-07 20:53:00
bd162848-f1f2-4513-8ab2-f2d1089e51bc,18,702,20241010,450.8,25,2024-10-10 15:41:00
63e6285d-8e38-4c85-9ab7-0306f7191194,40,890,20240826,853.87,36,2024-08-26 11:13:00
1ec79534-877d-4376-9911-9e3f83762206,12,974,20240826,983.1,5,2024-08-26 14:44:00
6a13f0c6-ca40-4dea-965e-c8db5cb6b84b,43,324,20240806,1023.07,30,2024-08-06 07:03:00
0696877f-6456-4c27-be8a-3d552661fbac,15,710,20241120,783.61,29,2024-11-20 15:55:00
1b68d509-19fa-4b23-afc0-b091842694de,19,889,20240915,143.64,48,2024-09-15 14:48:00
7a16c82b-1ef3-4957-a1cd-cd1a0b8c028a,40,661,20240904,1996.37,31,2024-09-04 20:38:00
b4e7c987-2de6-4677-a246-d8883b13be17,16,294,20240706,130.39,45,2024-07-06 19:15:00
c64ff9ad-1866-436a-a897-6fd6e5ca6166,1,135,20240921,1641.22,29,2024-09-21 07:53:00
00c57d74-0fee-410c-8ef5-6821362e9b64,35,797,20241103,1827.71,28,2024-11-03 16:59:00
0161806d-e337-47f7-9385-a6baf4c53e5f,8,195,20240810,1109.46,24,2024-08-10 11:18:00
1357a907-5077-4c1e-9a67-9d75229eea78,20,918,20241106,1683.04,5,2024-11-06 19:11:00
045975c4-0895-41a9-99a8-1c5d5add867f,49,322,20240902,1410.62,11,2024-09-02 08:17:00
58cdfc32-a860-458f-ad9e-4480780f21b2,42,927,20241015,1399.81,37,2024-10-15 15:58:00
9ab1aa39-e5c6-49ef-be93-ac63e4115855,34,227,20241018,297.63,11,2024-10-18 10:48:00
d7e4ef7c-3bc6-410e-ad55-424ce08b5100,41,329,20241118,1010.26,11,2024-11-18 20:35:00
70671f44-d233-4ab2-ab4c-ad5b0c31ff17,1,428,20241017,629.05,34,2024-10-17 19:40:00
93abda4b-2660-4295-bed7-1cad582e1247,20,2,20240814,1659.79,39,2024-08-14 22:44:00
84c6eedb-1dba-4a24-94f9-1cc53a64491e,19,390,20240827,881.81,46,2024-08-27 05:08:00
1f0723d8-47a2-43e5-81d0-9d19d9d9d633,42,154,20240609,1821.94,17,2024-06-09 13:29:00
23e7d547-8f8f-40d4-8fe0-38cdb67d6e59,31,324,20240618,1738.61,2,2024-06-18 08:04:00
1fe1b79f-0e8d-47c3-ad95-eddf76febb7f,46,778,20240807,1375.63,42,2024-08-07 03:28:00
78b679bc-be3f-407c-8a6f-4837945c0149,7,426,20240716,1578.84,10,2024-07-16 05:20:00
2765d8c9-d8b9-4df8-9137-b2bbd43f77a1,1,429,20240918,1192.61,14,2024-09-18 12:51:00
098f9e15-d508-435c-a121-f7b4618c2474,9,627,20241101,787.51,25,2024-11-01 14:49:00
70904324-d105-407e-b081-eeda8e34ecb0,25,418,20241124,1728.51,23,2024-11-24 22:42:00
41a13c99-176f-41e8-b6e6-a4ca012fdd7c,39,675,20240802,1836.48,8,2024-08-02 08:43:00
35bccbcc-1cb8-49e3-94dd-b8c5509f28cc,30,670,20241103,190.12,9,2024-11-03 08:43:00
6473ba79-9215-4a8d-832a-038e99b87a85,22,910,20240926,1040.21,7,2024-09-26 08:28:00
e0ce8d47-4c2a-493d-ac0e-f56e4bcd6fc0,49,481,20240610,735.31,35,2024-06-10 10:44:00
4acd33e6-a933-4f86-b69a-158bfb70d9ea,25,420,20241024,1657.02,11,2024-10-24 19:57:00
5817afd4-d49b-4405-85d2-84996b992c59,44,279,20240625,199.65,43,2024-06-25 10:03:00
48c422d9-69de-4a4d-bdca-192ea45bcce2,27,568,20240820,1136.7,36,2024-08-20 11:54:00
d710cc76-753f-45cb-96a3-cfc02979360c,18,443,20240719,695.37,18,2024-07-19 12:15:00
834c929c-cb4d-4bd9-b901-d1827a6f11d9,33,326,20241024,275.01,29,2024-10-24 00:53:00
2bf08f83-b425-4a4e-a6c4-ea8fc8c423ba,30,616,20240802,662.26,48,2024-08-02 08:58:00
f77d712d-2937-4ef1-9a71-76c19515793d,28,920,20240828,1560.42,25,2024-08-28 13:05:00
f889e96b-2b46-4687-bfa8-6874b886e7cb,22,941,20240829,28741.27,25,2024-08-29 19:27:00
a5dfbe22-c4f7-47c6-bb90-fcd7c7307224,40,885,20240619,1277.6,38,2024-06-19 14:54:00
d449f17a-1845-4fcb-ad09-b0380fd7b169,42,803,20240920,1415.43,24,2024-09-20 08:11:00
d95beee2-d0cf-45f6-94cc-f9db0307d321,12,601,20240903,804.86,13,2024-09-03 07:59:00
2cadb3b4-d2cb-4c1e-9605-2d544355a8b2,41,492,20240615,644.39,32,2024-06-15 04:32:00
bd262f2c-314c-4c32-aeb7-8b9bcd768d82,2,355,20240723,621.98,35,2024-07-23 17:13:00
1349f832-5626-46bd-a5f0-45d0b5be542d,14,709,20240815,488.95,38,2024-08-15 06:54:00
e1576643-a1f9-4f2a-bb19-0d9854eedf3a,42,176,20240627,1690.74,31,2024-06-27 09:08:00
31145b26-0d13-4185-bc3c-f346ff659a5b,21,190,20241014,837.42,21,2024-10-14 23:56:00
7d2d583c-b364-4b91-aeda-7717ff774dcf,47,683,20240719,162.81,48,2024-07-19 12:00:00
9303ce0c-253c-4fde-92fc-e7be27f1f855,39,42,20240919,1210.3,11,2024-09-19 09:06:00
4b290127-e15e-4097-aa2c-8c6d857b0c47,37,289,20241124,1534.22,24,2024-11-24 06:54:00
bfd4beff-18ef-4c92-a28a-2faa6169a82c,26,251,20240912,72.59,14,2024-09-12 16:59:00
716b8e00-4c7c-4955-818f-4cb387d8487e,45,36,20241025,1394.09,34,2024-10-25 04:41:00
fcf3e568-0239-4bc9-90d3-6204f2bf6d62,27,160,20240906,377.05,45,2024-09-06 13:13:00
c160fbf6-6ee0-4361-aa4a-1d30dcafcbc9,39,626,20240924,642.46,21,2024-09-24 00:18:00
e86c9dc5-75fa-4d70-9b64-3c6373ffe462,11,143,20240912,649.78,49,2024-09-12 17:14:00
b620a361-5668-47d5-b91d-515047466b9b,35,97,20240625,1237.63,3,2024-06-25 13:20:00
920fd5e7-9a2e-4e93-98c5-07dfc61e662d,28,359,20240904,578.56,34,2024-09-04 20:05:00
8c3785a4-de42-433f-90f1-acd010c514ea,50,446,20241106,1327.96,15,2024-11-06 10:45:00
3c77a9f2-a246-42b4-91f3-d719682a1cb2,5,248,20241030,854.64,12,2024-10-30 20:22:00
66522477-edeb-4746-b065-ea243b8320db,20,683,20240627,785.55,23,2024-06-27 23:50:00
92dda7b4-1d10-4105-bf4d-2b23cc504bdf,24,537,20241123,1924.64,45,2024-11-23 09:16:00
4d4f233f-9466-4527-aded-4df0db3caa9c,35,855,20240826,1156.74,31,2024-08-26 22:15:00
ef6c50f9-41e0-41a1-a85e-961fa4cff1e6,32,889,20241029,826.18,2,2024-10-29 23:31:00
8f02863e-cb36-44c4-b4a6-471e73c9fc7a,44,611,20241107,311.43,21,2024-11-07 10:58:00
d6cf0933-93ca-4bcc-8168-0126a1b79eb7,13,769,20241003,1666.93,30,2024-10-03 00:34:00
26cd779c-8700-4abd-988e-88b3eee94495,6,384,20241004,1809.59,26,2024-10-04 07:11:00
c8b2882f-a3ff-41bf-ac91-912314df4457,23,486,20240927,1052.75,48,2024-09-27 19:11:00
fd032cb3-ded4-402b-b0f2-e7f87c8c6a55,48,829,20241008,700.62,45,2024-10-08 12:48:00
ae47dd22-d63b-49b5-be30-ed2891c6eefb,48,385,20240720,1305.49,45,2024-07-20 06:14:00
00419d03-eac5-42f5-9caf-f92282f54aef,3,128,20240819,1569.65,35,2024-08-19 11:42:00
b494a991-3d25-4a8e-a1b3-4b763f27d51d,36,920,20241014,1542.84,49,2024-10-14 23:43:00
92160984-fe7e-48a0-8fd7-08fc775bf8f2,14,991,20241011,540.59,48,2024-10-11 16:09:00
248ca4da-0e14-433f-9dad-64205499cea0,10,762,20241116,1948.02,29,2024-11-16 15:32:00
8e0e3d88-d290-488f-84c1-ef5a8584dd02,7,292,20240721,420.47,16,2024-07-21 04:48:00
d92b5716-1238-4c1b-9a54-009d4f01d1d6,12,940,20240605,747.62,10,2024-06-05 17:27:00
5f8a0457-c847-457c-971b-a84442c5ecdf,47,793,20240804,104.31,48,2024-08-04 10:08:00
99b97ae0-385e-4035-b762-b1c667bfb155,3,519,20240621,310.08,48,2024-06-21 06:12:00
e3d43065-72c4-4876-beff-f63f98176f98,18,565,20240827,1852.6,45,2024-08-27 22:25:00
fafd2331-0149-4dec-a473-d90401bc2530,5,286,20241109,429.67,25,2024-11-09 00:21:00
b393bb55-446f-41de-8fd4-f3fbc47cac4c,47,748,20241120,1379.41,36,2024-11-20 19:19:00
c0c462be-43e1-43e5-ba7f-b13e94aa23f3,9,372,20240707,1674.35,4,2024-07-07 00:46:00
dc218959-9b71-4f63-8b36-108ae9771368,45,380,20240812,1535.45,3,2024-08-12 09:57:00
4e2afaf6-47de-4021-aac4-0085c930a9fe,35,751,20240904,636.91,43,2024-09-04 04:01:00
60168c85-e54e-4941-bd05-467c82319838,11,781,20240802,1227.42,15,2024-08-02 04:19:00
1e15a2ed-e512-4a09-bc55-5f1186a53558,8,742,20240701,937.81,14,2024-07-01 21:45:00
018094bb-b7fd-4f2f-82ef-11062005c056,34,246,20240611,1248.66,11,2024-06-11 01:01:00
dbdd0cfd-a932-47c0-bd83-e602f53d699e,10,227,20240901,161.99,45,2024-09-01 10:10:00
f61aa8d4-8c22-4d6a-92f5-a43f4d9338e7,3,190,20240818,1417.17,24,2024-08-18 06:23:00
487b61ee-079a-4255-ad02-def5bfdf1b9f,50,919,20240827,687.32,44,2024-08-27 05:36:00
e8d511f1-f806-495e-a789-98979a629495,43,301,20241116,1058.15,2,2024-11-16 13:32:00
7b046e04-9411-4f67-8f48-fa7893f9dcb0,44,651,20241117,1658.45,31,2024-11-17 08:14:00
16dab9d1-48c4-4ed3-befd-f69eb428a0a5,31,110,20241012,75.53,15,2024-10-12 14:57:00
125f002c-8968-44de-ac9e-04cc95ba0918,26,515,20240915,1154.55,34,2024-09-15 04:53:00
ac585347-9b60-4f37-88e5-c35763fd5cf1,26,115,20241120,848.17,25,2024-11-20 06:42:00
8cfd91a0-c7a3-46c2-b7b7-5be1b620d699,10,802,20240724,181.41,26,2024-07-24 12:29:00
172a1b63-f0e4-43a8-896a-8b189ad9c5d1,7,266,20241029,1737.18,11,2024-10-29 14:38:00
81d70e67-4b4a-4f5f-97bb-580cb1708080,36,108,20241111,386.59,7,2024-11-11 19:12:00
6bb59cd7-0ce0-4ba7-b342-bd5f1d9526e3,26,749,20241010,1451.09,40,2024-10-10 19:48:00
9e8babc8-9cb6-45a5-9602-c1ce51ea2f9a,31,680,20240703,1887.62,39,2024-07-03 12:24:00
bfcce8dc-0e80-457f-b996-deef35f9536a,12,627,20240619,48055.78,24,2024-06-19 02:40:00
cc75e6ef-df19-4e87-bf2a-c04e06a37b4b,27,108,20240915,284.59,17,2024-09-15 02:20:00
7fce84ad-32be-4bb2-ae15-8841e24f6231,22,353,20240814,1855.33,2,2024-08-14 09:09:00
f7770c7f-146f-4b99-bfd9-83d401fce387,3,773,20241104,1563.85,1,2024-11-04 22:37:00
d8864480-78aa-458f-a922-349626b0db8c,6,419,20240913,155.78,8,2024-09-13 23:43:00
924f3fbd-1705-4aab-bb12-3cb9a00c7d0c,7,581,20240621,1970.42,29,2024-06-21 01:51:00
01c7e06b-4275-471c-8c4b-ab68491a8440,17,798,20240604,819.26,39,2024-06-04 13:08:00
aad67ad2-c78e-4ef1-ab31-5d509f26949d,31,759,20241105,1160.04,21,2024-11-05 22:50:00
b3f619ef-44a9-48e3-8f64-56bb0a7333ee,23,9,20240914,1555.62,6,2024-09-14 11:12:00
f988fd87-e8a5-4d49-884d-0402aef928ba,38,741,20240810,562.81,10,2024-08-10 19:41:00
0d6ca165-f7f8-4936-9406-7329ca495b6d,46,594,20241106,1824.22,15,2024-11-06 19:45:00
bc757373-60d3-4dd3-a23a-721e3e63e4b7,12,554,20240724,694.27,35,2024-07-24 19:09:00
09488ce1-650e-4713-ba0b-218409508da2,15,26,20240804,906.32,17,2024-08-04 19:44:00
81ed51ba-7388-4be3-a71b-5b0da45ee36e,7,608,20240614,1092.43,8,2024-06-14 06:21:00
7f13c62d-b5d8-4faf-b298-e54fe8b6c32f,38,938,20240903,1454.29,19,2024-09-03 22:57:00
3099057d-ca42-4a51-aefe-3df7459b682c,35,634,20241008,1131.91,16,2024-10-08 02:49:00
25dbed7a-acec-48fd-af3d-898c6d654ca5,16,287,20240918,881.0,8,2024-09-18 15:15:00
0b90bdf7-36b4-4ff6-9850-77d66dc455ef,29,102,20241127,631.7,27,2024-11-27 18:18:00
c8b9416c-f6da-4781-9e71-e3f347ab590d,9,71,20240819,1999.41,23,2024-08-19 10:59:00
910ee2a0-6fb1-4364-a26d-b0d5690911cc,2,131,20240812,370.92,27,2024-08-12 12:47:00
a2cc208a-2bbd-4050-82d5-cfe4d4fd383d,7,336,20241025,1244.47,42,2024-10-25 10:04:00
9a599927-c525-4c7c-a72e-28eeeddf099b,42,486,20240619,1929.7,27,2024-06-19 04:57:00
bac4e5fd-5cdd-4f02-a7ca-bfb895856668,50,421,20241027,1791.82,16,2024-10-27 07:59:00
b923ee1b-8287-4d77-9c3f-425b1e9778c4,32,531,20240612,730.27,42,2024-06-12 02:44:00
e1e63dbc-40ce-4c0c-b3ca-fa47b488c33c,28,738,20240808,1053.54,26,2024-08-08 05:57:00
cb8dc920-80e2-4ffa-831e-24913185e52f,22,524,20240909,236.02,40,2024-09-09 22:17:00
1211e396-a71f-4c91-ba81-2e3904a7356f,32,712,20241028,473.41,23,2024-10-28 23:37:00
fb450213-68ae-4495-bbec-e67083ee004a,37,221,20240629,1616.55,50,2024-06-29 19:28:00
e8c984c1-6e06-4f5b-b974-f12f81d2fc1a,41,411,20240714,722.61,25,2024-07-14 19:42:00
ba438edf-15c2-45a1-8dbf-ab14210aefee,7,835,20240916,713.14,45,2024-09-16 11:59:00
27666fa0-1643-4651-8aac-162f5360ca57,10,498,20241023,1919.44,40,2024-10-23 05:27:00
dd8f7e4d-2bec-4a9a-a9be-2d36558d69f2,50,645,20240831,603.85,30,2024-08-31 17:42:00
c0254229-958b-436a-88f8-55c8dc5135c2,21,576,20241107,915.72,45,2024-11-07 22:55:00
8ef2f52a-4e06-4c1b-9372-b72bd13803ca,14,828,20241027,928.01,23,2024-10-27 09:50:00
d3bcaf83-fb26-4d20-afe9-694cc5984224,25,103,20241118,1924.96,47,2024-11-18 22:59:00
2dc40515-c12c-4026-999b-2f276cb5ec27,17,302,20240612,1410.59,31,2024-06-12 16:44:00
a369c752-4d01-47ae-8b8e-a585292d5bda,6,11,20241016,845.28,16,2024-10-16 01:01:00
da18dd60-f3c6-45bd-be66-21e79a3ebae2,30,639,20240830,1505.21,17,2024-08-30 11:09:00
98b85814-2830-4823-bc14-162e247607a9,49,682,20240920,1301.86,12,2024-09-20 12:35:00
e3807716-92d3-4aba-8412-323dfb5a57a3,5,393,20241122,543.0,16,2024-11-22 13:32:00
5758a4b1-3d07-467a-974c-556ab7b5093b,25,351,20240904,1299.95,34,2024-09-04 06:35:00
e2ffa35d-0274-400a-a26f-065575855a99,1,888,20240612,1995.25,31,2024-06-12 04:06:00
a8ea246a-9152-49a7-990f-6c90e3a171df,41,17,20240919,772.0,5,2024-09-19 03:08:00
716a334b-cb34-4239-8a2a-ad42948f350a,37,76,20240618,865.95,8,2024-06-18 16:57:00
fac56078-d6d3-4728-b7b8-e52d9e27b094,25,246,20240731,1716.43,10,2024-07-31 16:34:00
c5461852-86a7-44fd-bfe0-4a1b5d569036,14,40,20241101,1862.78,2,2024-11-01 13:45:00
7275b06c-e8dd-45e9-bdcd-86a20a865bf8,10,417,20240915,1586.37,42,2024-09-15 21:31:00
2b192945-34bf-4ee2-a2ed-18d46a04be98,3,344,20240707,954.08,9,2024-07-07 12:57:00
c35f4771-255f-4ab5-8fe5-38358794785a,28,724,20241114,95.31,18,2024-11-14 23:27:00
fe0f3f56-1fbb-4914-8834-2cbdf32f768f,27,555,20240811,834.22,48,2024-08-11 09:18:00
e63c0d44-48b5-46b3-a9a8-d9a5f4ea980e,39,842,20241118,1902.83,9,2024-11-18 09:11:00
9c2d3d3f-93f4-40f7-885b-ee392c4737e6,10,728,20240905,582.44,11,2024-09-05 04:29:00
75ea8aa4-a849-4dec-a1d7-58afcca9b401,5,965,20240919,167.99,13,2024-09-19 21:00:00
ef0aadc9-4b28-40a6-90a2-8adc87e47489,11,211,20241117,459.53,5,2024-11-17 11:40:00
308ec6d1-fd78-4bdf-9fa6-eff31d92d0ec,49,433,20240918,1236.49,12,2024-09-18 06:06:00
276e894c-57af-4dd6-ab88-6219ec6e7100,19,757,20240724,147.8,44,2024-07-24 10:12:00
9ab87edf-4478-4914-820f-12d46be001a1,42,534,20241104,787.94,4,2024-11-04 14:39:00
9888d48b-06ca-47c6-bbe7-b7c7243313d5,28,90,20241114,1872.2,20,2024-11-14 14:28:00
3a5845a6-102d-4331-8203-5e89b874cfd8,42,970,20240705,1400.15,16,2024-07-05 15:56:00
f44d0ab0-3a96-402b-997a-8cc32eb25ceb,31,116,20240829,946.3,12,2024-08-29 04:06:00
106a16bf-6f25-4ed2-b5d6-7eb74fc7fde9,12,199,20240730,748.62,16,2024-07-30 07:16:00
b9416ef7-dd48-42f4-9493-178bebcdacc1,2,907,20241114,608.57,15,2024-11-14 22:13:00
afc6b721-badb-4636-a582-7b51598c5f37,1,970,20240828,1160.64,12,2024-08-28 09:48:00
79d0f668-3598-418c-a2a2-2f77c17b0f9d,30,178,20240825,618.46,37,2024-08-25 18:24:00
fe6a71d2-75d5-43b8-a806-1cffdd13dc94,6,480,20240715,620.25,6,2024-07-15 11:09:00
ef5683fd-b82d-4dde-b548-04e77e8a3e76,28,840,20240622,171.8,20,2024-06-22 04:31:00
493295d3-0f19-4998-9cbd-82e12cb2efdb,16,531,20241030,1698.83,12,2024-10-30 04:30:00
d52318b6-bd78-4d44-ac79-b9caad4d1c83,19,682,20240818,55.29,44,2024-08-18 19:45:00
e757a3d4-1019-4ae6-a8ca-c259964966c4,9,602,20240731,72.01,43,2024-07-31 13:04:00
fd68694a-df5e-431d-a19c-8c203072b16c,12,728,20241029,1776.51,23,2024-10-29 11:39:00
ee640d50-9d1f-4865-be92-d74703bc9b13,41,508,20240728,788.44,13,2024-07-28 03:09:00
e4d348db-947b-4bd5-9864-ea29b44a50bd,43,798,20240611,973.28,9,2024-06-11 06:01:00
5da7a6de-903c-4d4f-82f4-8b7e478e8288,24,722,20241028,274.4,46,2024-10-28 11:56:00
a01a059e-d538-458e-9b66-2d35323ce09a,45,877,20240804,326.23,33,2024-08-04 04:10:00
dbad1a76-e671-4abe-b214-33a47d952a14,10,597,20240612,719.52,23,2024-06-12 13:56:00
c8b13fce-26ad-4269-ba7f-782644902340,45,26,20240814,781.59,6,2024-08-14 19:10:00
86bacff0-e16e-456c-bc59-a96414de9320,30,183,20240630,1760.89,30,2024-06-30 07:41:00
2ffdd4eb-f0d0-4504-a100-6f5964ba430e,41,651,20240626,1130.55,2,2024-06-26 18:18:00
6b4facfd-466a-4362-bae1-14c2eb5f3f18,17,117,20240614,1107.99,8,2024-06-14 08:03:00
65724ac8-9d5f-4674-9cac-148d021b2ef2,7,473,20240922,1390.33,10,2024-09-22 10:06:00
e6f854bb-c893-4ca3-ae8a-16ac2c833735,41,196,20240904,1509.86,25,2024-09-04 16:35:00
3fdbdc1a-3e85-4fb7-b1ee-59e880c3a836,2,552,20241123,1395.63,5,2024-11-23 17:43:00
affd683c-f3d8-48ed-9793-e23a7caa906f,28,742,20240626,541.7,4,2024-06-26 11:13:00
7a8e0547-8feb-4afc-8b87-260a8f2cde19,28,735,20241112,302.9,3,2024-11-12 11:20:00
2bd81455-42c8-462c-9d7d-ad296183a257,8,568,20240816,1957.29,32,2024-08-16 04:22:00
e31783fc-bbd6-4278-8adf-e71484dec5c7,28,699,20240910,1584.72,42,2024-09-10 21:21:00
0ee68cb5-67a8-4196-8a16-87eb44492a75,7,728,20240809,455.28,40,2024-08-09 15:06:00
fe218c3b-8e37-479c-a4ed-17f62f941d27,48,274,20240829,547.4,49,2024-08-29 01:53:00
e26b59b1-ae71-41eb-b655-4113fa60a4e4,10,686,20240709,725.11,14,2024-07-09 22:45:00
3942d892-90e7-4777-9a68-5a6b463cda8a,40,313,20240821,1781.21,22,2024-08-21 21:23:00
74ecaae7-7185-4bbc-b650-3ca8ced8c853,39,247,20240913,1941.17,17,2024-09-13 13:51:00
0a283431-7c89-4221-a686-5714ce50f0a0,17,784,20241115,709.78,46,2024-11-15 22:26:00
3b4d42c5-b8dd-47f9-82fa-8790a12e5d16,16,966,20240927,1123.0,33,2024-09-27 00:35:00
b716edff-ac14-4150-a40a-0ed4539b424f,33,903,20241029,137.02,31,2024-10-29 23:48:00
90ab5469-b13e-4fca-9ed4-159772a648c2,37,592,20240727,794.46,48,2024-07-27 22:17:00
6bc34dfa-ef63-474f-9651-af676cdfb300,39,529,20240925,1264.85,20,2024-09-25 01:30:00
a4f0e186-f5ea-4bd4-91b9-11ed90aa7960,42,268,20240921,20319.92,17,2024-09-21 10:14:00
4561f8d7-f124-4afd-b21e-dcd13b66fe62,25,924,20241105,1894.16,42,2024-11-05 19:38:00
b6ba7c42-46a4-4692-bb43-02473440e889,32,204,20240714,233.17,11,2024-07-14 00:24:00
bf3651a0-92a1-437f-b39d-de574065bb8b,34,339,20240914,1969.8,15,2024-09-14 10:16:00
6aff6e43-912d-4b27-910c-f5d94fbba299,27,104,20241125,644.11,2,2024-11-25 00:06:00
15743758-89f0-44f0-8688-a69b390c55d9,14,751,20240810,1311.21,23,2024-08-10 12:18:00
3d0d1f18-d5a7-4758-8899-2cae48f6db25,9,364,20240618,1086.55,42,2024-06-18 02:25:00
2e19bbd7-dfc4-4b43-a118-dd7af7190e35,8,564,20240816,1353.5,44,2024-08-16 01:41:00
25f51794-d86a-4931-b48c-d2c20664b7db,11,864,20240911,1580.27,19,2024-09-11 21:40:00
58150657-30ff-4ec5-a0cf-87b39bbf137e,12,821,20240926,483.56,13,2024-09-26 03:56:00
3498987e-623b-43fb-bdc3-c553fac954e5,24,648,20240801,407.83,50,2024-08-01 17:23:00
f81d33df-eeb4-4c4b-b8f3-c0939acbbfa7,6,94,20240920,130.69,25,2024-09-20 17:55:00
7e72b2fd-64a2-4913-b90e-52464edbd8f8,45,906,20240930,503.23,32,2024-09-30 11:53:00
a49e9a16-fa3f-4002-8d09-af15c3bf9639,1,462,20240701,175.76,27,2024-07-01 05:15:00
cd04f85c-fc82-42a6-aeec-6263260d3f7c,11,460,20241026,321.6,31,2024-10-26 13:02:00
9eab07d7-5673-47db-9bec-88fc6a931828,43,495,20240826,1742.24,25,2024-08-26 18:47:00
dbd4d42e-c5c2-48d0-b7c8-e9993ec93e7b,33,562,20240802,138.29,47,2024-08-02 01:19:00
73d2664a-1cea-4f94-b792-b2203cd23a75,19,946,20240817,804.95,7,2024-08-17 20:16:00
04dc8814-5fe6-4d9b-8fdb-71d82a4954cc,17,496,20240915,46066.78,36,2024-09-15 18:50:00
c87334a2-900f-439f-b602-0ed4ccb39945,27,676,20241120,1867.45,21,2024-11-20 17:23:00
7219d682-cb21-40bf-a093-475f7715b271,35,898,20241107,1278.62,13,2024-11-07 09:19:00
68f84b26-1a06-4042-9d08-1ce16c87a41d,2,228,20240610,1426.97,39,2024-06-10 03:24:00
12146316-d841-48cc-a062-eaad264c2ec1,1,321,20240624,785.93,44,2024-06-24 22:33:00
e8225d2d-a5b5-48d0-981c-315e040f2bd1,8,332,20240708,669.2,27,2024-07-08 02:12:00
1d4f072f-2983-4d8d-8907-6741b152da54,17,981,20241106,1867.81,7,2024-11-06 15:23:00
0d5cd330-543a-473f-a39d-cefa59086dc1,49,759,20241027,201.71,19,2024-10-27 12:12:00
fe40841b-0a4b-4bf6-bdd2-7f981826329c,24,989,20240816,797.76,33,2024-08-16 22:25:00
a159a1e1-abe8-4f3c-86e4-78c809948981,28,108,20240704,829.42,35,2024-07-04 20:18:00
9295b62a-8cfe-4ff8-8353-89e0f188e5c4,28,191,20240805,68.86,1,2024-08-05 14:44:00
f4cd11cc-4b9e-4490-9962-64f8816878a4,44,828,20241027,731.31,15,2024-10-27 06:55:00
25c5f248-c54f-4c3e-9113-d1c9e4ec732e,25,331,20240913,969.9,27,2024-09-13 00:42:00
8b263b2b-e896-4a73-8dd5-3f7bc6d385c8,18,46,20241119,1439.16,17,2024-11-19 12:04:00
175e16ea-308b-4bd7-9bb6-4cd00ac1c03b,19,779,20240719,392.13,50,2024-07-19 15:54:00
4ed174f9-e384-49f4-bc87-8188111272e7,9,63,20240805,368.39,50,2024-08-05 14:06:00
6532cd68-06df-4417-975f-9148ceac08f9,20,919,20240704,1801.81,21,2024-07-04 20:37:00
b3b1bcb0-f6c3-4533-80b8-a7be65ac03c6,10,667,20240820,1895.86,1,2024-08-20 18:05:00
0d373f10-91d6-4a64-ab45-643407006b1e,24,300,20240717,1606.24,49,2024-07-17 08:47:00
b733f2b7-3319-4fea-a7cf-7d8c88a0d7e7,43,98,20241117,1171.87,17,2024-11-17 15:22:00
d4dc0b45-af4a-4dc6-87ac-ece4abf240f5,44,558,20241007,1017.45,34,2024-10-07 11:07:00
19a483fd-7b36-47aa-8ec2-5b2ed50553b0,43,650,20240922,742.52,23,2024-09-22 01:31:00
28045d91-5048-4e5d-bd92-bd4402e974e2,48,732,20241030,595.89,15,2024-10-30 09:38:00
541e2ba9-516b-43db-9ba2-cd87520c6fe9,8,589,20241023,776.2,27,2024-10-23 08:33:00
37cce866-0116-49c6-a959-f563c114a47f,25,199,20240718,1899.6,47,2024-07-18 14:33:00
26a469a5-3fba-4b36-ab05-08ff5f2c38d9,35,215,20240727,1231.43,30,2024-07-27 22:01:00
1c5684a1-5594-4bf7-abec-cbdd16716f2f,21,884,20240820,147.03,1,2024-08-20 02:06:00
2f3948b8-94c7-4ddc-be78-eefc1517ebc5,33,872,20240926,753.68,11,2024-09-26 06:31:00
6ae85778-5eea-4325-9eab-976c8b3f721f,19,636,20240924,946.01,27,2024-09-24 19:38:00
8774c6e3-6ec9-4fe7-a09b-707d1e6fd0d6,40,960,20240908,290.28,41,2024-09-08 16:08:00
36606390-3b96-47c3-b89e-42abea799865,40,218,20240709,1893.57,9,2024-07-09 18:44:00
bccdf064-d488-45ea-8c04-4a88c5a1f6c3,36,990,20241006,1506.63,40,2024-10-06 08:51:00
efaf1dba-80ca-4673-a8d8-95576e66113b,14,102,20240913,654.62,49,2024-09-13 23:36:00
ebf43e0e-2a60-4cdb-bc92-71919c141611,43,978,20240608,1770.01,3,2024-06-08 14:05:00
5a2db340-50a3-4c44-a653-2996e850559d,48,237,20240721,1371.89,23,2024-07-21 03:26:00
13ca38a8-7988-4939-9931-8853d0df6055,12,322,20241103,1035.36,36,2024-11-03 13:34:00
a1be46da-450b-48e8-80ab-875f5ddf181b,2,34,20240922,539.54,48,2024-09-22 14:28:00
d4249a13-fb85-4379-b743-6118d69d34c6,39,679,20240731,954.04,44,2024-07-31 15:00:00
ae5b8cae-863a-41a6-b429-fcf80588ed48,28,813,20240628,804.95,33,2024-06-28 08:09:00
86d181b3-2394-477b-a317-695213bfc5d8,43,454,20240727,1467.7,19,2024-07-27 09:03:00
e6ee77ea-745f-42ab-afd4-2574e371663e,46,370,20240824,158.39,26,2024-08-24 07:44:00
1fa527ce-c1a9-4add-86ba-cc9253ba349f,26,98,20240725,1089.68,42,2024-07-25 11:07:00
bc5c55fa-5f49-4e5f-a56b-890ff80a0b9e,48,133,20240729,523.21,30,2024-07-29 06:28:00
910c7d33-3d70-48ba-b1db-86bebbabc29e,14,320,20240607,907.82,18,2024-06-07 10:28:00
fca9868e-e21f-4df7-98d4-9f7f9adde21c,28,558,20240730,454.83,45,2024-07-30 20:47:00
cef7b0a2-d344-496a-9bbc-fa9cd0ba2a0b,45,686,20241103,1671.53,39,2024-11-03 21:08:00
f64b9deb-d914-42e0-8344-0bc1fe022c5e,19,25,20241102,1156.79,27,2024-11-02 22:17:00
42440d21-8c0f-4eb6-863f-72496b9b0224,41,576,20240619,32522.53,11,2024-06-19 18:54:00
1ca57679-1db9-4c40-9985-96393d7f7ff2,3,779,20240624,841.43,2,2024-06-24 03:23:00
36bc53aa-cc20-4b70-9dae-59423b41eae6,37,327,20240909,1775.21,43,2024-09-09 00:00:00
e86cdcd0-9d08-457e-b697-5db166bd9b80,13,206,20240819,550.12,47,2024-08-19 10:40:00
e6f5ce75-9bfc-4d33-b399-22e539b155cc,25,732,20240805,481.14,19,2024-08-05 21:37:00
81b091bc-a73b-4600-afd4-a7838c1399ce,29,201,20241001,1495.99,48,2024-10-01 04:43:00
5a1fe8af-8aa1-4cdb-bf9f-2ea3244cfbb1,15,263,20241106,852.36,36,2024-11-06 22:46:00
0ceebddf-60f6-4286-8b53-cb6c654adfe7,19,210,20240825,1966.51,19,2024-08-25 03:00:00
ccd45b71-f82a-4c12-94c1-d6bfa0909d9c,45,877,20240831,56.2,17,2024-08-31 03:45:00
6e8d75d6-4afb-491a-b4bd-ec33f5199d97,28,122,20240712,1504.98,29,2024-07-12 21:34:00
7fa1d0ba-a95d-4d82-b6c3-fdc4b013fc49,3,969,20240705,354.06,24,2024-07-05 17:05:00
79409fe7-296d-46d6-8c1d-b065fcb074f0,28,316,20240626,581.11,46,2024-06-26 17:40:00
5e9ba3ba-ac65-48dc-b6c3-39f911c36a49,46,832,20240618,485.11,24,2024-06-18 00:22:00
ba9c0914-c184-41e1-b6d8-cee666b4174d,15,237,20240613,1541.18,48,2024-06-13 20:05:00
b67fc8fc-fcf0-47c9-828f-51a3de654267,49,428,20240828,1513.18,39,2024-08-28 13:37:00
0c9989a9-7666-4b52-b6fe-0c906c148c7f,36,494,20240723,1914.83,14,2024-07-23 17:57:00
51dd793a-382b-4f8e-bced-d45a353e25ca,39,852,20241030,210.16,45,2024-10-30 13:54:00
2b52fda1-af9f-4878-8d93-fca7154ac21d,22,482,20241024,1936.91,38,2024-10-24 19:43:00
f2701fa8-e371-4ae8-8f5b-c6ec2a81a172,15,599,20240712,324.15,19,2024-07-12 19:36:00
0af10dc5-ddaf-4dad-8a7c-6646b2825df6,27,390,20240720,1461.87,25,2024-07-20 06:00:00
396b2059-c3c7-4721-be8e-13ca6a8af24c,35,791,20240703,526.47,3,2024-07-03 19:20:00
17b60438-c67f-402f-aff5-a2b6f7985de8,38,297,20241018,1072.04,34,2024-10-18 16:52:00
33c7ac4e-429e-4b99-bff4-9b4e947b9908,37,153,20241101,1257.09,8,2024-11-01 13:08:00
ee457f1a-1251-4e58-ae70-8755f7f2455e,47,194,20241015,517.56,12,2024-10-15 14:36:00
4511975a-f5f6-4e57-9e10-195abc920f74,37,303,20241118,544.33,8,2024-11-18 08:52:00
31301430-6b1e-40e0-ab61-44dcb1ba136b,36,309,20240829,1610.31,40,2024-08-29 18:53:00
83ce8b46-54ea-4814-b4b3-436042489f22,27,837,20240911,1426.84,15,2024-09-11 14:27:00
f2835983-7e41-43da-a96c-1762065cd2b4,41,862,20240602,1176.36,12,2024-06-02 04:11:00
bd744319-0a36-47e6-a6cf-faca780a318b,24,234,20241028,1558.74,1,2024-10-28 12:58:00
467eac9c-fc96-4a89-83d6-89508c990016,39,873,20240703,90.79,9,2024-07-03 05:13:00
204c0664-65f7-4dc5-b32f-24bded7cc59f,21,735,20241001,1353.52,35,2024-10-01 02:36:00
1025ebb4-eba2-42c7-9d7b-b0ece425c582,28,40,20240726,1847.67,46,2024-07-26 07:19:00
0e7717fe-119c-4ed6-b5fa-e0b383485e0f,6,101,20241121,916.7,46,2024-11-21 10:34:00
6ab428f2-4642-4094-9b6c-15a9f4128042,20,855,20240715,1334.35,2,2024-07-15 11:40:00
90b669a8-656a-40d6-a62a-103e990457cf,28,208,20240609,963.31,14,2024-06-09 23:24:00
1115e0c3-c4d5-4342-b011-d44f1f5f5f42,46,460,20240825,1771.94,29,2024-08-25 16:18:00
03fcb6d9-34ae-42ba-a5bd-c4818cfd8a56,39,880,20240626,901.79,11,2024-06-26 20:06:00
943e4d27-61d6-4a61-b9ea-a9d2deb76cae,2,692,20240905,1954.22,22,2024-09-05 05:51:00
556d514b-111e-40ea-bb26-b5696b1b566d,34,436,20240911,339.2,7,2024-09-11 09:23:00
57dd6149-884b-4816-abbd-3deb14554e02,40,346,20240702,1601.96,39,2024-07-02 03:42:00
4e65817c-7e8f-479d-bb9b-86d8ecd738b9,11,773,20241114,1002.84,16,2024-11-14 06:39:00
3f86bee5-e71e-43b8-92e5-7acced5c2f98,49,809,20240712,1803.23,18,2024-07-12 16:34:00
9db1a78a-ccac-4f19-86b0-8e89a6e1b47e,6,663,20240726,1486.87,7,2024-07-26 13:18:00
6aa6b960-7b27-4251-83f0-56f9341c7eec,11,978,20240603,892.16,33,2024-06-03 19:01:00
a2b565a9-35ec-43b6-ad6d-d67456eee36c,11,199,20240825,880.33,28,2024-08-25 18:49:00
563c0d4e-9370-4ad2-86c2-9f5bd157d982,26,375,20241101,806.12,35,2024-11-01 16:05:00
80b06e31-1069-4aba-ae40-fca563a2465e,5,504,20240824,1094.44,26,2024-08-24 09:13:00
4b24bf27-ed08-4d1d-bd1c-3e1ec52528d0,3,661,20240714,882.33,12,2024-07-14 15:42:00
89a710c8-12e5-4fb3-910e-f0fbe0df47d7,37,285,20240607,179.73,24,2024-06-07 07:00:00
f734218e-6feb-4707-994c-2fb7151248ef,29,525,20241114,1654.5,25,2024-11-14 05:23:00
d1ed7cec-43b5-4f38-a8a7-9cf3507b67b9,6,577,20240614,1243.19,40,2024-06-14 12:33:00
9b8a2d68-b0ee-4a6a-9118-02a9a909489b,13,882,20240915,197.71,42,2024-09-15 13:16:00
19b599a0-0e76-4b37-a881-21a57668d2ff,44,280,20240724,1664.78,41,2024-07-24 18:45:00
cb6591a4-7f58-4bed-a0ad-d3b681dd07b2,46,831,20240613,489.37,30,2024-06-13 04:36:00
bd17583c-d842-427d-be27-27861cc76dbb,17,776,20240811,230.87,36,2024-08-11 20:02:00
c8e5ad7c-d518-4ef9-a143-900300a725c1,2,95,20240902,1282.19,4,2024-09-02 18:43:00
e2affdff-82cb-4a9d-a2f6-3b5767ac5dd9,43,252,20240605,1484.83,49,2024-06-05 03:08:00
092a82dd-ad3a-4d42-8f06-0cc99db6c8f8,33,265,20240602,1224.13,17,2024-06-02 18:34:00
45787a00-ea5b-461c-b857-0ecc39b7c0d3,7,251,20240831,97.79,15,2024-08-31 21:06:00
2cc5c6ec-6970-43f9-8106-19d53195bb9e,9,842,20240927,1749.56,5,2024-09-27 19:43:00
e073ade3-4f09-48f1-883a-a594f8a7124c,33,944,20240807,1573.03,14,2024-08-07 11:02:00
5358b435-82b2-4eaf-81e5-4639a5d9ad29,43,841,20240923,1772.69,40,2024-09-23 15:16:00
2d81b5e6-b5a7-4d6d-afff-553aeda18021,11,325,20240724,1598.64,8,2024-07-24 05:51:00
a812fe55-9294-4c11-9d8a-dea5c81ce883,38,808,20240808,1599.27,47,2024-08-08 19:33:00
61df70a0-521f-42fc-929d-654fb809286c,27,454,20241024,492.8,18,2024-10-24 09:54:00
00ad1484-611a-4c1b-89e9-ef9c4d3ddb05,44,835,20241008,564.09,4,2024-10-08 04:33:00
ca15e7f6-7b5c-43aa-8a0a-f65e29ad1413,6,234,20240606,1650.6,22,2024-06-06 13:47:00
3736c6ae-7c73-498b-a170-f053d9da8071,6,769,20241120,1846.91,8,2024-11-20 22:57:00
0b8341fc-5ef8-40fb-97ab-c9e1a34c40c3,44,215,20241005,1881.19,36,2024-10-05 04:25:00
49cc8f60-a466-4812-8250-36ac941c3721,43,32,20241018,633.91,28,2024-10-18 15:37:00
0a00dade-cf6d-4da6-9448-4edaaddda0ed,47,235,20241105,1715.31,28,2024-11-05 14:40:00
00a9891d-4353-4a08-983a-1145a0343bd7,41,695,20240918,723.4,43,2024-09-18 02:57:00
41698ab2-716f-4af2-bdd7-03eca5b381f7,28,186,20240616,1069.85,47,2024-06-16 12:10:00
099dbab7-8bad-488b-ad9f-3aa0f721ef37,37,376,20240630,819.93,48,2024-06-30 06:05:00
a2ad4c67-619e-4e31-b53f-7f2ded585db5,8,684,20240620,141.84,41,2024-06-20 23:37:00
c40ca9a7-51d7-4e41-946a-31c4fff7948e,28,737,20240607,1541.75,28,2024-06-07 16:10:00
0e7082ed-2bac-44ba-8079-bd8ea9462e35,25,494,20240822,1017.69,9,2024-08-22 22:08:00
00c79630-b63d-4e99-9357-c858eb13495e,8,489,20240714,1366.74,19,2024-07-14 22:56:00
ed379eef-5e65-4454-b24a-8d33b0021c91,44,618,20240921,1322.56,11,2024-09-21 08:06:00
e83d16ab-acc1-40c7-b2a4-86a06562a802,13,536,20240806,1038.57,43,2024-08-06 02:09:00
1d5813c9-ccb1-4404-86d7-44f10adce7d9,16,23,20240830,792.29,16,2024-08-30 07:14:00
ae0d2898-9489-4da9-8f47-a719efd1ca15,28,76,20241109,342.84,12,2024-11-09 06:33:00
428998fe-d1da-467e-a458-27f6e0a102e8,49,197,20240906,110.56,40,2024-09-06 03:24:00
548c4a37-fed7-4f22-9382-eb9b776a6e7e,5,79,20240922,1785.82,13,2024-09-22 13:32:00
ff8620af-feaf-44db-b2cf-8318fdd56aa8,38,461,20240812,1963.8,10,2024-08-12 16:41:00
73bb0633-1a4e-4d91-8003-5a3bad3d3776,6,817,20240720,363.53,7,2024-07-20 15:08:00
e2ec0078-4b66-47f8-9d40-edabc339eab8,32,234,20240814,1462.36,8,2024-08-14 13:03:00
d8924e3d-051d-4480-a8ab-61e03ccddc12,10,877,20241109,1169.42,41,2024-11-09 18:04:00
431d7c97-ff58-42f4-9525-8f2f266f5694,14,114,20240722,103.07,26,2024-07-22 16:00:00
707ad9f5-2c53-4413-ad8d-1b62cc04f971,13,127,20241023,1200.24,23,2024-10-23 03:37:00
d960a47b-0be6-4de5-85a6-f161d129491b,2,857,20240928,90.7,44,2024-09-28 15:03:00
d2e12a0d-7023-44b1-9985-d7311d4cf67a,17,959,20241007,1636.67,47,2024-10-07 23:41:00
ec92442b-e6b5-43bf-98e1-2cc600293f96,25,208,20240924,1139.92,43,2024-09-24 04:26:00
20c2a8d8-cf55-43dc-9c2b-900e13315a65,19,777,20241110,1170.9,6,2024-11-10 06:34:00
6c7cb57b-0992-48d9-ae2c-3860dae9578d,45,902,20240916,1788.9,32,2024-09-16 13:50:00
b377d989-9cd5-4742-9ea7-e0d427437d1e,30,527,20240706,1108.3,5,2024-07-06 05:41:00
4c8190f8-bb0b-4dc5-aead-9870d337d76d,31,491,20240709,1166.34,6,2024-07-09 13:42:00
d584c55b-94ea-4009-8a24-bca72a777c38,25,643,20241001,111.1,49,2024-10-01 15:13:00
0f533782-571d-4de2-aa94-0532584ec20d,6,748,20241023,676.48,37,2024-10-23 17:58:00
1e5ea4a1-d921-4dc3-a478-0f20421ac951,7,735,20240603,764.86,15,2024-06-03 10:09:00
003c929b-c7a7-451f-8c29-b8e40bbf4668,15,734,20240908,325.77,10,2024-09-08 01:34:00
968fd2d2-286b-4664-80f8-c8b30a829ab2,7,972,20240609,1323.82,10,2024-06-09 16:02:00
06a60f5e-239c-45ef-a0a1-2d67d3cbee6b,39,892,20240630,1762.34,26,2024-06-30 01:36:00
8e720692-97cc-487b-b4ae-b846399f09fb,27,338,20241007,1716.67,16,2024-10-07 05:47:00
132482e5-3fcb-4736-90de-d3baf8baa4f8,25,229,20240909,652.95,27,2024-09-09 00:40:00
f041f8d3-bf6a-433c-9f8f-0646b0286d32,4,873,20241003,1428.12,47,2024-10-03 09:43:00
fbceb353-57aa-4ae4-b50a-6b994b34d842,35,429,20240726,1894.61,6,2024-07-26 19:25:00
f21267bc-412a-4efc-9b16-e56b523f9fdb,13,450,20240923,1969.46,28,2024-09-23 01:35:00
2367dbbe-33cd-44a2-a275-7f00edbe39f3,27,719,20240614,994.1,39,2024-06-14 10:00:00
2001c5d9-bac9-473e-94b7-184272e59e00,5,755,20241023,1513.64,9,2024-10-23 21:22:00
aa1a982e-5bd2-4dc7-8665-4d923e918b24,41,755,20241115,372.22,47,2024-11-15 10:05:00
8d9c31bf-33c6-49ab-a1e4-067fb100bc4e,34,662,20240714,1793.68,41,2024-07-14 04:09:00
f441c476-aae5-4798-b20a-3a9e17fd9cc4,35,201,20241031,1392.05,44,2024-10-31 08:28:00
f79f5797-2328-49a0-aeaa-4a26eb2a36d6,17,241,20240925,71.66,20,2024-09-25 13:29:00
cb76824e-feb0-4dd4-8deb-b2f9e35c38c2,1,652,20240811,1826.74,9,2024-08-11 15:52:00
edd8b3ae-ec62-4f25-b06a-9ca337b97bf0,40,596,20241111,1882.99,8,2024-11-11 23:19:00
cc467a0a-abe0-4698-87d7-497236a96132,43,785,20240709,895.46,29,2024-07-09 02:28:00
c386aaef-514e-420e-981d-d691d63edbf3,27,515,20240620,1875.66,8,2024-06-20 15:10:00
565f0c82-c3ff-4b3a-a6d0-ed1fc76052f6,2,399,20240929,481.75,11,2024-09-29 18:11:00
2c4a1585-1458-4c97-87a9-1136213e1f28,40,543,20241128,337.33,18,2024-11-28 04:04:00
04a0a935-d641-4d8e-9ae6-c0b8d45a62e6,31,194,20241120,1506.51,6,2024-11-20 02:36:00
7ba2a3f6-f1ab-4ccf-a147-44572f16f089,11,484,20241105,128.68,7,2024-11-05 10:28:00
152af5b5-cc94-4cb5-b92e-aa33c941f0ee,45,549,20241030,223.91,42,2024-10-30 09:41:00
80ff8399-45b9-43b1-8b85-2d32682938d2,6,618,20240819,1988.93,26,2024-08-19 14:56:00
4755ffd3-b155-43b5-bdd9-5b636f0030fc,3,190,20241105,772.49,2,2024-11-05 13:57:00
55f66d30-1d05-4f6a-bb99-c90776c376ba,47,952,20241110,808.53,34,2024-11-10 09:21:00
656f723d-0be4-4c01-aa66-840e0fe21924,20,209,20240627,1593.2,4,2024-06-27 12:08:00
eb518b77-262b-4d80-af01-92696f8fe67e,38,890,20240720,1204.01,7,2024-07-20 01:30:00
4f5bf184-cb64-4a2e-bc46-547112ec93a1,36,869,20241007,1616.78,22,2024-10-07 14:51:00
ced0ad36-348d-46af-85d8-b9845b7116a8,30,321,20240705,1625.14,49,2024-07-05 01:35:00
e3fc5391-5f20-4def-8cd5-1a0ee0fa0543,50,554,20240830,1098.27,23,2024-08-30 03:01:00
318a97e6-53ed-45fe-a99a-992a04b3eae7,49,544,20240621,1806.02,40,2024-06-21 11:58:00
aa34634f-23a9-426a-87be-df0fc9ed0a17,32,999,20240615,1375.05,7,2024-06-15 00:50:00
e9d38290-a0e1-46bd-a624-911e416570e9,20,279,20240611,857.48,2,2024-06-11 15:03:00
63c39e95-9f59-48b9-93c1-f8398fbeb9f8,16,452,20241126,173.96,39,2024-11-26 12:21:00
3989535a-b153-4d6a-90dc-44c3ba31cf8c,5,910,20241111,1948.82,4,2024-11-11 07:26:00
a00e8511-d9a2-4499-b2f5-8c912ebfc780,21,74,20240620,1499.88,44,2024-06-20 14:13:00
81145821-747b-4d59-b690-b96665fd95b7,9,106,20240603,875.86,49,2024-06-03 22:04:00
c91c85a2-c465-4813-b853-77a8e15bdcd0,44,26,20240915,1636.75,45,2024-09-15 21:30:00
f102a18e-65ad-4963-86cb-5aa48ccc2838,1,675,20241111,484.6,18,2024-11-11 11:51:00
157c9d91-96bc-4918-baca-7ee850f73dac,46,77,20240601,1787.35,9,2024-06-01 11:43:00
a9130054-a382-4602-b251-ee22a080fddb,36,846,20240805,891.16,46,2024-08-05 02:16:00
1f40f258-268e-4d20-8831-2a1981d6ad68,45,490,20241121,1701.78,38,2024-11-21 22:59:00
38f9fa3d-8a08-4ae4-b0ff-3c9bb52d6a47,7,340,20240811,1121.65,22,2024-08-11 11:05:00
76805f2d-fe75-4f87-9c9a-e252eb6d32f7,7,377,20240603,1834.93,34,2024-06-03 00:01:00
f68aead9-582f-41fa-8375-3979f2aee086,34,425,20241114,567.3,18,2024-11-14 09:40:00
3c4299aa-0367-4a23-b4ef-9f9fc83d81a6,2,51,20240731,1197.09,14,2024-07-31 15:23:00
3f0eed8b-c00b-4371-8726-38c9a74552a7,14,500,20241109,658.13,36,2024-11-09 04:47:00
64781c76-d941-4129-9f52-210e4842883e,33,435,20240726,1451.53,47,2024-07-26 21:20:00
48094c1e-173a-4702-99b2-058fa6cae675,39,827,20240808,416.97,43,2024-08-08 16:13:00
5e87c99f-7c22-441e-8c7c-fe1d69f2e255,35,394,20241028,171.25,1,2024-10-28 10:09:00
5785a694-1478-402a-ba82-b1b9287304cd,42,801,20240904,1710.54,10,2024-09-04 04:12:00
c8950bde-90fe-4fe1-9ea0-ab3494b21cc3,49,51,20240705,359.83,13,2024-07-05 01:29:00
4b7c9ad9-c100-4db7-bc73-595e29116e68,5,551,20240913,1676.03,8,2024-09-13 16:30:00
1510fa90-527c-45f4-952f-15395c36e091,18,24,20241005,835.54,14,2024-10-05 16:33:00
1b417d57-7a4f-4f3c-b432-58670799c79d,28,786,20241110,823.33,30,2024-11-10 13:22:00
bd4331e1-74f6-4f6e-9bfa-a78c4b5eb714,39,689,20240921,293.68,5,2024-09-21 23:45:00
46d3704e-7443-4e7e-92d8-42dddfed92e5,40,782,20241017,1258.59,32,2024-10-17 12:12:00
6b946e66-59fc-4142-8e06-69766bd16cf8,50,494,20240830,1920.22,12,2024-08-30 13:36:00
205f19c1-6b06-48a5-ba33-aa85ce22213e,41,208,20241003,81.05,18,2024-10-03 01:56:00
f1ccb8e9-d23b-481f-aef7-985dd8e18eac,49,100,20241008,1762.39,9,2024-10-08 08:45:00
3f57bbf1-9b26-4467-861e-4b62dff3f343,25,542,20240729,297.31,34,2024-07-29 09:36:00
30e9c9d9-d030-402d-a04f-5b2cf4d90679,6,766,20240820,1204.65,24,2024-08-20 19:12:00
aa8bbf26-d9b8-4f78-8292-e9cf34aa9a37,29,427,20240928,1473.76,26,2024-09-28 00:33:00
803264c7-0e91-4fb3-b7ad-b28bdd114b7c,35,514,20241124,1585.75,6,2024-11-24 08:37:00
544c977a-5f68-47dd-8de9-04c20cae3f99,28,884,20240715,522.24,31,2024-07-15 06:52:00
f1e3042a-be98-4b84-98ec-f76e766049f6,45,334,20240825,1451.14,43,2024-08-25 11:04:00
02b6619a-4fe3-434d-addf-ff0586cc54fb,28,163,20241020,643.42,36,2024-10-20 21:47:00
52d25956-7066-48dc-990c-7bca8d3781a4,48,215,20240616,1248.36,46,2024-06-16 23:01:00
13244350-3686-4fba-b0ef-09ab9536b2ba,11,495,20240922,388.18,3,2024-09-22 01:43:00
0ab22d48-a3f7-4930-8be7-f3cfa5f6e22a,15,156,20240705,1505.55,41,2024-07-05 09:15:00
5ba571ef-1e4b-4a50-a2c2-ffc2e12f96f9,32,672,20241013,1964.58,36,2024-10-13 16:46:00
94704cb9-37b2-4276-af43-94493dafe12f,23,253,20240725,1378.35,49,2024-07-25 07:09:00
b136b832-4442-4bf0-b13c-b91d9b02801e,10,151,20241127,1933.93,34,2024-11-27 15:43:00
30145aa4-55b3-40d6-91a7-1d63d5d30567,15,861,20240924,1350.68,38,2024-09-24 19:49:00
93265d48-7dbe-486a-b70b-ab792bd16360,49,345,20241022,309.82,31,2024-10-22 21:04:00
e1012766-2503-437c-b6c7-ba28f084dddb,22,448,20240627,1875.82,5,2024-06-27 09:09:00
700aa4f3-3078-47e9-a6c9-88bdd2468d7b,48,678,20240714,339.17,8,2024-07-14 11:50:00
68df1ac7-3411-4110-a7ee-c578cc426831,21,48,20240629,1962.43,50,2024-06-29 23:52:00
a1506970-d8c7-47e0-847f-cb28b1b8e722,10,261,20240721,111.03,42,2024-07-21 23:44:00
6c9fdb91-8f1d-497b-af6a-b7a0f9f7d63a,25,343,20240811,1435.89,12,2024-08-11 19:40:00
33fb7d6d-aeff-497f-b6e3-478ba00b06e5,2,232,20240605,260.4,20,2024-06-05 05:16:00
8bfc1cef-fd2e-4c23-98aa-22afa3abd899,28,185,20240904,1410.5,21,2024-09-04 00:56:00
92aa5d63-f407-49d9-b67b-619276248a0c,22,311,20240609,1112.71,34,2024-06-09 22:16:00
f96bce66-aad8-43ee-a2cb-fdff904d2b96,1,571,20240629,1643.24,9,2024-06-29 10:10:00
db1f1ba9-60b7-40e8-93d3-aee7c493a7b8,5,748,20241109,1480.59,15,2024-11-09 18:36:00
57bf9599-1db7-4970-b027-328b3f612bba,20,29,20241031,342.43,48,2024-10-31 06:42:00
0fe65700-3d77-42c2-a4f6-336ea9918625,29,372,20240827,1771.07,40,2024-08-27 01:09:00
fc85b40b-97a9-4a0d-a929-a5dac02bb3f0,49,421,20240904,1732.13,25,2024-09-04 00:05:00
16c1a8aa-539f-4565-b1e4-1a97d2bf5289,3,354,20240607,1267.25,23,2024-06-07 20:49:00
a7c81ed8-e1dd-44c1-bba7-7e545f0ca5ad,3,447,20240902,1076.81,46,2024-09-02 22:03:00
7b2f5966-deca-4d1d-bfb6-918cdbd2d828,45,431,20241102,880.19,26,2024-11-02 22:32:00
bafa276e-84b7-4fa1-8fae-a46633f812f7,8,987,20240928,840.49,29,2024-09-28 17:29:00
bdd41b21-e755-4655-860c-5b92bfc6623d,35,734,20241103,1594.18,43,2024-11-03 10:09:00
18d2c176-87b5-4654-9bda-89e75acfe74c,4,696,20240624,657.25,45,2024-06-24 10:21:00
1d7e6509-2e88-40cb-89c4-a5cc523b9420,46,565,20240722,706.27,18,2024-07-22 03:04:00
bed582b5-c078-4596-bf72-405968e72839,18,904,20240815,185.36,30,2024-08-15 02:52:00
9a2e311d-0dbf-44a7-a1a6-171b417fef9c,5,558,20240601,1312.92,44,2024-06-01 20:32:00
5165b01b-3bcc-4267-b641-83fdf6813dcf,3,688,20240827,94.74,13,2024-08-27 04:31:00
ce5b086c-2dcd-4137-a5bf-c5483539e22d,31,872,20240910,292.53,17,2024-09-10 22:23:00
8436849e-e99e-4a9a-a983-da6511eea8bc,49,248,20241011,813.2,43,2024-10-11 01:59:00
8640c0ce-c4ae-4fe8-bd35-bd628e9a00dc,38,7,20241015,1351.81,44,2024-10-15 10:05:00
37291220-44e3-488e-be3b-6cdc06396b18,35,571,20240822,67.31,2,2024-08-22 09:51:00
b16fe855-0ad7-4900-b126-e55976ea6a75,35,8,20240606,1630.88,11,2024-06-06 23:49:00
3a34b05f-9566-4603-9b38-48767492eb58,9,376,20240710,604.19,24,2024-07-10 04:45:00
6f1fd815-a5e0-432d-8f65-35952e94def3,33,940,20241127,954.47,7,2024-11-27 15:28:00
a6fe7151-a6f3-4f75-9115-87ac6e64e467,15,650,20241008,249.98,20,2024-10-08 10:01:00
6fa71518-7073-41be-8ebe-7b9d7479c768,39,955,20240710,783.31,20,2024-07-10 02:59:00
00c7521d-0d91-4ba7-ad53-f4efb7810e8b,29,380,20241015,533.6,45,2024-10-15 07:44:00
38280b2f-ae30-48c5-b87d-db8da487de3a,50,176,20241003,1122.87,17,2024-10-03 17:16:00
7fe8f6a6-c93b-473e-be9d-62282cb9d99f,50,989,20240723,879.01,28,2024-07-23 19:39:00
3a94e21e-b4e9-47e1-b326-4efd87599fd7,2,179,20241107,140.21,32,2024-11-07 02:50:00
4d59200c-4f8c-46cb-80b0-7da57bff71b5,4,958,20241106,860.48,44,2024-11-06 11:41:00
fbaec00a-3260-4ed9-b4b1-6d6fb113d277,26,290,20240702,630.34,39,2024-07-02 07:45:00
6fefa587-5535-42e7-ba2d-ecad7ce03eff,2,113,20241103,1883.97,9,2024-11-03 21:33:00
2969011d-1e26-4edc-976d-2cb76a52d8ff,18,11,20241106,232.82,28,2024-11-06 01:59:00
f9e5a9f7-c2b5-41c0-8f75-3d1e3170b9a6,18,732,20240917,1092.01,35,2024-09-17 15:10:00
10360c31-c684-4b25-ab6b-43892e2110b6,40,314,20241025,1386.03,27,2024-10-25 14:10:00
9e5fb301-23d2-40d9-9697-ce8531341380,25,739,20240716,1329.36,9,2024-07-16 16:27:00
40e04192-f767-46eb-92f9-f19e1ab38f38,30,131,20241022,1244.19,28,2024-10-22 08:06:00
8cb38822-65da-4119-ac08-617defa970b3,49,852,20240927,711.9,9,2024-09-27 12:38:00
fdfa6928-bb3a-4d86-ab54-d170d9bf3dfc,5,558,20241004,934.79,28,2024-10-04 00:16:00
b7e7a85c-3ac4-4f07-95b4-99dd9ba08ac9,21,5,20240610,1519.07,26,2024-06-10 02:30:00
d043313c-536e-469a-b7d2-609c15392244,25,77,20240812,1819.42,48,2024-08-12 03:22:00
47d5b743-b1be-4f73-ba1f-0c229a5a9821,41,174,20240824,1405.21,37,2024-08-24 16:51:00
f90acc0e-0c7e-4f59-b208-0d4bd0f20c48,9,950,20240706,1873.93,19,2024-07-06 23:34:00
e6c84608-67ac-4f56-942e-d77e2879785e,2,317,20240607,1121.45,41,2024-06-07 00:45:00
ca53fcf9-dd1b-4c6b-b165-66826d54fb43,26,774,20240607,1274.62,46,2024-06-07 06:34:00
12be18c2-8742-4db7-80d3-0e1a6bca1d13,49,707,20240928,264.03,46,2024-09-28 03:16:00
d3ee7861-9eeb-4e3f-950f-cb8a303068d3,34,582,20240723,278.53,13,2024-07-23 16:39:00
575afcee-76f5-46fc-b6e1-6bc9df464a71,45,213,20240809,1407.34,9,2024-08-09 09:54:00
740a6cc4-96cc-4281-be61-44ad1feead89,43,760,20240903,1010.65,19,2024-09-03 16:47:00
2230619c-8640-4a0e-917f-3cbaf14367c6,19,824,20240720,1609.45,46,2024-07-20 04:08:00
97328f2c-b8b5-426e-bb32-da1cf0b86fc4,1,647,20240602,198.44,42,2024-06-02 06:58:00
267f028a-eae9-44ff-9cbf-51d9fa64702e,39,739,20240901,750.82,40,2024-09-01 20:50:00
9ee5561a-86ef-4c89-b2fc-bcaf24152a8b,14,294,20240824,126.44,38,2024-08-24 00:01:00
fa47b21a-7b33-4890-9ed9-dffd481ddbe7,6,621,20241117,1281.52,3,2024-11-17 03:38:00
54eeb6cf-1dad-49c3-bac1-c479001d75f1,11,614,20241016,59694.33,8,2024-10-16 07:11:00
4c2ad30d-0619-4ec6-b79d-57b5478ab9a6,29,14,20240828,1286.95,28,2024-08-28 14:03:00
a41daf4f-339b-4d20-a2aa-80176aa2f9c8,14,85,20240929,1570.67,50,2024-09-29 11:34:00
4142cefc-3548-4226-a4af-d4bbcc2d0db0,42,821,20240805,799.48,36,2024-08-05 13:37:00
1ea4d9b5-9f35-49fc-8a24-a85406bf529b,10,695,20241104,541.36,40,2024-11-04 01:37:00
c3126e65-d81f-4a8a-96dd-186c4e4a9343,49,315,20240609,1542.66,29,2024-06-09 11:13:00
92f7c97c-de90-42bc-a940-78e0a657cf30,31,831,20240820,196.38,27,2024-08-20 01:02:00
a788d715-d050-43ed-9cb0-db55748d607a,10,878,20241113,1037.91,35,2024-11-13 11:18:00
6dc792f6-040b-468d-ac3e-e2b39ebdda3f,47,196,20240610,199.19,33,2024-06-10 10:32:00
63bdbc20-4f91-40d4-ac6b-17ec45581ce9,27,755,20240719,1223.62,35,2024-07-19 06:24:00
cb8b934c-5701-46f2-a302-ab1e1a14364a,12,973,20240811,200.7,39,2024-08-11 08:12:00
58e94446-f789-40e4-8118-cf8a93e2ad3f,35,452,20240804,77.58,39,2024-08-04 16:38:00
7af5e2de-3146-4210-911c-f14ce39d0381,30,913,20240628,645.49,20,2024-06-28 20:57:00
2d4062f2-5346-4021-bcb2-5793cff5251c,35,143,20241110,1394.51,16,2024-11-10 01:28:00
3a0a0f05-bc5d-42b3-aadb-6212ce52b207,6,42,20240902,862.84,44,2024-09-02 23:06:00
1c91f335-7aba-45e0-8223-d68d9703a4fa,17,890,20240807,1583.75,36,2024-08-07 00:51:00
95035dc4-3d63-470c-a6fc-c6908e3b5f4d,19,835,20241029,192.42,21,2024-10-29 13:56:00
5a399571-dade-48e3-8935-8ef29a207f2a,19,595,20240719,496.91,2,2024-07-19 06:23:00
cfb82ee7-d0bc-483d-8d1c-e3b9b5d130c1,47,952,20240621,402.57,14,2024-06-21 02:41:00
f5bd5bf6-e7dc-47fd-901f-6fb472faeb16,28,566,20241010,1692.53,4,2024-10-10 21:37:00
9ec4bc20-7340-495b-a7f4-2de58ee07489,25,625,20240804,1626.36,29,2024-08-04 19:18:00
310363da-cf73-4c45-adbc-eff829ab52ff,35,695,20240818,1385.22,1,2024-08-18 15:26:00
855de022-f5ee-4e90-8b17-99ff52a62ace,14,183,20240909,1107.1,22,2024-09-09 19:45:00
f575a18c-8e36-4942-b7c6-72bbc9df3743,27,280,20240914,154.83,27,2024-09-14 12:09:00
2a738076-897a-49a9-b850-372521d430ba,28,132,20240620,682.99,44,2024-06-20 07:59:00
d73a33ef-bc61-4d98-9a9f-bb30c4ddfd8a,10,846,20240901,655.75,30,2024-09-01 16:45:00
7bcb5e0f-bc4d-4f13-9da4-db7e9f535313,32,456,20241124,1875.03,28,2024-11-24 11:08:00
456e102d-049a-4d7e-99d1-e5340b8de2ef,26,819,20240903,1294.25,42,2024-09-03 18:35:00
cd89f176-622b-4dff-8afb-960b4efa4908,6,548,20241022,1663.54,4,2024-10-22 12:20:00
b4c27439-6e7e-4446-80d8-31bcfe17fdd0,35,535,20240719,1747.11,36,2024-07-19 15:16:00
5ec6ba81-6a64-4ef3-8f56-a514d6cf2dd7,34,925,20240623,1141.16,20,2024-06-23 03:36:00
3cdb9aa5-a12c-40a7-8fba-4e0afcee48ea,6,917,20241027,1796.13,3,2024-10-27 14:05:00
9fc4f010-524c-4d5b-bed1-b7cb9305bd81,10,513,20240807,1714.84,33,2024-08-07 06:17:00
ee835448-1b76-4b5e-8ae0-2bf435581a39,24,551,20241112,1645.14,49,2024-11-12 14:49:00
bfab2ba9-f7f1-4139-887b-6e9c97a4e8a9,5,846,20240623,567.86,39,2024-06-23 17:21:00
b81a905a-ab31-4de5-b540-64db20106a6e,14,965,20241006,1137.72,30,2024-10-06 09:57:00
ec66ddad-5f5c-44f6-b21a-903c3fd4d63a,30,473,20240820,1589.95,4,2024-08-20 05:59:00
d0e5fe54-af9e-4182-8541-7c2d34a88404,8,532,20240913,50.18,2,2024-09-13 23:49:00
1e2571ec-ee02-47d7-96f7-5ab23e1812e7,39,883,20240604,1094.84,35,2024-06-04 23:17:00
9e1b48ff-6a29-4fcf-9539-4543630dd1c3,29,784,20240920,286.06,13,2024-09-20 08:22:00
e4273109-4ee6-4c1d-bc13-1183e0f7e8e5,10,724,20240619,1143.77,18,2024-06-19 00:01:00
c8ee7a23-1778-4f5f-856d-2e941bb4195c,24,267,20240819,756.05,18,2024-08-19 00:48:00
db84c197-9454-4b9b-9eb1-3a28476c18b4,15,978,20240622,63.24,35,2024-06-22 01:32:00
54c2697e-1bb0-4d37-b97a-fda3517bb15b,47,635,20240802,176.7,14,2024-08-02 15:51:00
aee24492-41be-4e39-9e58-a2b926afd7b2,43,802,20240716,849.12,3,2024-07-16 11:14:00
99f2940b-81a3-4b27-8d30-029f064cf220,48,680,20240712,914.15,45,2024-07-12 04:47:00
18958f7a-9124-4a31-82a8-66d3cf2559e7,19,604,20240927,1627.41,10,2024-09-27 11:52:00
5b279e9c-5e0c-463e-b800-d0d189e6c6e4,3,609,20240821,515.89,35,2024-08-21 16:29:00
3b1bed20-31b7-47cf-8700-165b636e1ca9,27,116,20240828,104.8,27,2024-08-28 07:13:00
38b19013-1560-40df-9a73-92db5b800a3b,48,905,20241014,658.62,27,2024-10-14 21:41:00
9f093271-5b05-457a-834f-4844169982b4,21,906,20240724,1236.76,11,2024-07-24 10:25:00
41de2f10-bb7d-4b3d-96ec-2f78559961ad,31,778,20241021,45129.07,50,2024-10-21 22:52:00
289a9d56-8eef-45f4-bd9c-13ba11de5d76,14,761,20241125,1571.04,34,2024-11-25 06:41:00
63373d9f-84f2-4809-bb6d-d8898307635a,32,560,20240907,1339.37,18,2024-09-07 18:01:00
405eb421-765b-4d97-8de8-7dfe6d6d56b3,45,312,20240620,1150.68,42,2024-06-20 07:50:00
d63b9aa1-9c2b-4376-ac28-25741fbc87c9,16,341,20240711,1234.73,23,2024-07-11 01:31:00
774aaedd-58b7-4f5c-8db2-b8ac1f413212,12,436,20241013,1556.65,16,2024-10-13 11:32:00
3e88cbe4-1793-4adc-a95b-8457d5a2167c,5,89,20240904,1945.2,14,2024-09-04 18:54:00
8ee1f33e-b2b9-4df2-8bab-c99b16881f94,9,251,20240714,63.83,43,2024-07-14 13:20:00
7641e1d4-1e7b-4518-a433-393bfd710cdd,34,973,20241006,1167.26,42,2024-10-06 01:03:00
c52a5ff2-65a3-4049-ad21-31f310f4ce45,34,322,20240602,1693.62,11,2024-06-02 08:40:00
8175bd9c-9ba7-4edd-88a5-e7755dc9e502,18,80,20241110,1444.01,11,2024-11-10 12:36:00
01a231ba-7766-454f-a2c7-ddc28a4b69e7,48,583,20240906,1395.48,39,2024-09-06 05:40:00
b705ec48-4826-4269-9e1f-659888525023,38,256,20241004,1487.29,46,2024-10-04 17:00:00
be0fecff-97a7-483e-b7b0-b607efc61895,25,638,20240615,1605.25,8,2024-06-15 06:23:00
8e5d301b-4a14-4ae9-95d5-23454207cd71,20,259,20240705,1456.83,29,2024-07-05 06:10:00
915b8c66-ebb1-48e9-a588-a7e87d9f25ba,8,82,20240811,201.38,39,2024-08-11 04:37:00
f249f1ec-3302-4704-9098-777599f74f73,2,641,20240901,1597.29,22,2024-09-01 17:09:00
ba40408f-0d20-438a-9039-bf9a43348a05,44,803,20240906,1228.69,24,2024-09-06 07:33:00
2edca8a5-c477-45f4-a3df-b2657d16e702,20,773,20240923,1330.11,14,2024-09-23 02:17:00
58af4f19-ee48-4a83-aa67-1942561fed65,8,672,20240803,56885.82,45,2024-08-03 02:43:00
d77e0232-8cb4-40fd-a3c1-60d0267ce85c,29,360,20240911,1888.73,37,2024-09-11 06:37:00
2922d479-c76b-447f-bbfb-45f2f806a697,20,640,20241020,210.8,10,2024-10-20 09:13:00
12740697-8744-4392-947e-0c791b0b1219,36,231,20240615,363.9,38,2024-06-15 20:05:00
10c601b8-b9f5-4a5e-be7e-9211d4a0d388,5,131,20240624,382.71,13,2024-06-24 22:02:00
48a786e1-bb2e-43d2-a77c-bd34c1b41637,46,644,20241030,1142.12,27,2024-10-30 16:11:00
c676fcd0-0ba8-4cf2-a31f-4bafdc362c3a,19,163,20240817,624.12,48,2024-08-17 01:56:00
8d06066f-9686-4a15-b6f7-4acdd666b5f5,50,393,20240714,654.16,47,2024-07-14 08:58:00
60b3b943-378c-4267-9347-4c6685408242,17,837,20240720,1935.47,46,2024-07-20 04:16:00
c8e4c307-1902-4657-a45b-2f4b69f974bb,19,900,20240704,1595.05,47,2024-07-04 23:22:00
320ca741-45c9-45e9-9561-21cc5df7857b,20,780,20240928,1484.21,26,2024-09-28 16:54:00
0edbc8ae-363f-4209-ab50-7e879aa48641,15,453,20240803,1435.88,20,2024-08-03 09:38:00
cfe66d56-e1e1-4efb-84be-42d752344025,43,279,20240613,549.57,34,2024-06-13 19:24:00
319c4c13-f669-4846-8eff-ae3dfd18f001,28,81,20240630,356.87,7,2024-06-30 09:34:00
aa90777d-b997-44fc-aa25-073126f581b6,27,607,20240902,790.62,6,2024-09-02 16:37:00
7c689c9f-4470-4927-8079-4a980d563956,7,228,20240727,650.49,50,2024-07-27 01:55:00
fd53f631-b034-4e8a-9649-c35a6d0f575a,49,279,20240811,1688.92,44,2024-08-11 22:27:00
4fd1c120-237b-46f8-9fd5-ac8a9b49f0d5,13,425,20240808,1586.16,6,2024-08-08 21:27:00
c1be3cbe-497b-4173-b579-6e5b87611835,9,99,20240606,409.57,20,2024-06-06 19:56:00
af16e847-05dd-4c1a-b81d-7be44c0b7f0f,27,368,20240802,75.69,42,2024-08-02 16:53:00
8af234e6-0d6b-45ce-ac31-8d6c4097e72e,39,651,20241111,1428.38,50,2024-11-11 19:13:00
9490f36b-2bb8-42b9-a584-de69e6d794d4,18,863,20240624,1403.66,3,2024-06-24 06:14:00
4e2f21e3-5bba-433d-81f3-a72489bb605a,29,342,20241013,292.61,6,2024-10-13 03:09:00
a21cd27a-2d57-465d-9a03-f865d839370a,14,415,20241005,1507.6,10,2024-10-05 00:26:00
f75505ac-f4f0-4cc9-84cc-c0a6dd9b535a,19,636,20241122,262.53,35,2024-11-22 20:37:00
b27794a3-c932-4e13-b2c2-59e988624397,31,379,20240625,1851.23,32,2024-06-25 15:36:00
32ca4592-76af-41a8-b7ee-b89e13987077,13,978,20240823,458.2,27,2024-08-23 18:21:00
a6ca032b-a8fc-4a45-bb1b-788137b336c8,4,531,20240605,565.71,14,2024-06-05 23:41:00
081771bf-cea6-4caa-9102-04aa15cef614,6,638,20241106,481.11,18,2024-11-06 04:11:00
d01fca78-0609-4341-a192-854e2b69937b,29,883,20240803,1056.26,33,2024-08-03 18:09:00
8357bea1-b54f-4b14-bc4f-caf7d85e0b0a,6,435,20240615,689.89,36,2024-06-15 18:19:00
71b4eb09-cdc9-472e-be47-d09f6d7bbe51,47,273,20240827,1626.39,43,2024-08-27 06:27:00
d4106c97-4507-429a-a2db-2c918183be76,40,496,20241012,530.72,28,2024-10-12 03:43:00
5385717e-7648-4cdc-be6f-07f97ed84546,3,163,20240704,816.44,30,2024-07-04 17:42:00
96632a4a-9d67-41cb-a589-92d96be4fdf3,32,544,20241126,167.5,28,2024-11-26 16:36:00
3d08ed8b-407f-43cd-95ee-268a9d6fb78b,27,166,20240704,1613.21,28,2024-07-04 22:10:00
9132c8d4-802b-4f3e-bcab-e986e762d92c,25,255,20240911,1702.45,49,2024-09-11 19:26:00
f4bf879c-d176-4c9a-bd4d-c52c39ac032a,8,484,20240609,654.76,40,2024-06-09 00:05:00
5b967252-ca0e-45b8-9e5a-12c50f8657f2,36,555,20240909,1803.64,46,2024-09-09 22:44:00
32015b8b-075f-4398-a7c1-d3f615a4a763,9,96,20241117,1333.71,38,2024-11-17 09:12:00
b30a8f88-1423-45e8-ac83-28944dd7e59a,1,574,20240728,1001.4,25,2024-07-28 00:18:00
a4ef5c2d-53a7-4fd8-bf52-e140e9f2d762,44,265,20240603,1618.07,32,2024-06-03 22:40:00
b03db841-e5f3-410a-8247-792a3993c11e,4,116,20241106,883.33,16,2024-11-06 23:28:00
b51b55d5-8839-4426-8777-218d8717ffc5,16,187,20241120,359.48,21,2024-11-20 13:56:00
379637e5-f551-46ad-b95e-3acf83bad997,21,14,20241009,1343.67,12,2024-10-09 08:15:00
3d00b48e-99e8-4484-9438-d74eb8c312c4,24,686,20241008,1256.96,8,2024-10-08 18:40:00
8a5d6c9c-1440-4ab3-9c12-0c8acbd10257,19,995,20240726,1348.17,40,2024-07-26 19:31:00
f986f81d-db27-4de1-b0f0-022b61a3b738,7,549,20241014,1360.82,7,2024-10-14 21:20:00
e606ce78-a1c4-4aa3-838e-1b8c311285e1,33,285,20240923,1447.08,43,2024-09-23 23:14:00
a3baf516-24d6-456d-8436-d8cc3bd32cde,50,965,20241015,1577.28,16,2024-10-15 21:16:00
24647172-7a2c-4edf-be4f-5f02317d1918,24,287,20241005,220.09,29,2024-10-05 08:41:00
fd71c238-effb-4831-a6eb-3e4eae63f056,49,667,20240805,1874.82,15,2024-08-05 04:43:00
3df5cc40-d011-4b44-8547-2489fef79c7d,38,24,20241001,1187.11,18,2024-10-01 17:24:00
c6faef84-ab30-45f9-a08c-690b848c7f01,19,815,20240603,491.28,1,2024-06-03 14:38:00
99dfcbc3-307f-454a-bda3-c73e440f3c30,25,583,20240929,1338.12,22,2024-09-29 00:39:00
ff5a55fa-efac-4e8e-8521-241b4a832c5b,43,459,20240914,538.1,38,2024-09-14 16:31:00
02c039ec-df8c-4fc5-ad61-5097e0af28d2,31,998,20240701,838.22,3,2024-07-01 18:03:00
d4d9f001-783a-406a-8016-0cb96228145f,34,580,20240927,207.05,37,2024-09-27 02:02:00
b60edf63-c251-43d0-91e5-f68414352494,50,101,20240705,1994.04,2,2024-07-05 10:27:00
fbeab73c-5e71-49f7-99d0-8bf35fc7aeed,30,945,20241125,971.61,12,2024-11-25 11:32:00
52077b7e-ca0c-4d37-8dd6-307fb5e9e5df,30,454,20240913,450.69,18,2024-09-13 18:39:00
b34cc2bc-e1d0-416c-85de-46c3c2774664,17,807,20240917,1638.48,34,2024-09-17 20:15:00
d9e43653-8799-4c30-a432-1389564c8834,20,695,20241114,734.23,11,2024-11-14 09:39:00
75e6c728-9fce-47d4-b429-ee5a4a94df5b,40,626,20241014,1052.84,22,2024-10-14 06:04:00
e275d075-c92a-4b93-872c-0df29a1cfbe8,46,717,20240708,1354.92,2,2024-07-08 06:07:00
b037752e-7312-4b34-8ea7-13f73975a1b2,5,812,20240928,1322.0,37,2024-09-28 23:37:00
3be4cf4b-862d-4f44-8b6f-fec9e781fa07,4,921,20240610,1575.57,43,2024-06-10 14:19:00
ba8709a0-4eeb-4249-bf2a-6f030c852b0a,40,245,20241015,797.96,38,2024-10-15 19:44:00
84a4e90c-6cf1-4d78-9b90-7bd9026dcf2f,20,431,20241007,1031.87,10,2024-10-07 04:35:00
3604f11d-e150-4c41-a034-bc6bf1c34199,40,943,20240729,1619.88,37,2024-07-29 18:58:00
000ff0fe-892b-4bc3-a2da-3982afb4e9a9,37,399,20240801,970.2,35,2024-08-01 05:54:00
9f6bc2e3-13f7-41fa-bfc1-f4b36f847fae,8,289,20240807,1627.2,25,2024-08-07 17:17:00
f82e0301-c718-4b66-968f-5c6365435a14,1,548,20241119,1281.61,34,2024-11-19 16:56:00
8a524910-5ef3-4579-bf21-0d76b48bbeca,32,875,20240723,1042.35,41,2024-07-23 11:17:00
9dd660a5-9209-45ce-9821-fff156b636a2,38,530,20241031,938.91,44,2024-10-31 22:04:00
2b518a72-aca1-42ca-84d4-e6876eda7f9b,42,23,20240809,52.81,32,2024-08-09 11:50:00
5d5cf7b9-97a7-42d7-ad4c-49fe4e466f63,34,455,20241123,1273.68,34,2024-11-23 05:07:00
a5b572a7-e8db-4051-8201-f690fcca9846,21,959,20241008,1833.02,22,2024-10-08 06:36:00
befbde76-8b2b-4d4a-aedb-b1391b6abee7,1,814,20240611,1701.18,27,2024-06-11 17:56:00
709e7588-cec6-4eda-855f-e3d8e36d0ce0,34,402,20241011,706.14,26,2024-10-11 07:46:00
2fa2d956-5e37-4134-a95a-ff5224920010,26,73,20240804,1980.52,23,2024-08-04 01:41:00
873d1575-7388-413a-8bc5-85aa8ccff8ab,10,127,20240604,156.55,38,2024-06-04 19:30:00
8941927c-e5dc-4b1d-a89b-a978e88c2ee1,39,368,20240713,481.71,8,2024-07-13 20:20:00
68919548-6a4a-4c81-b5e9-036cd0c0cdd8,10,621,20241104,269.56,30,2024-11-04 16:57:00
ae9d372e-1397-4ece-a1b9-119c6caae001,20,130,20241003,1868.82,14,2024-10-03 14:10:00
d496036f-80d0-4cb3-8e4f-eca57656d921,49,117,20240917,946.81,7,2024-09-17 00:16:00
f30a200f-7d8f-41b2-95cd-097a5bd0c554,31,815,20240605,638.78,33,2024-06-05 17:01:00
9f12bcd8-55fb-4cb6-a576-2be1dac91248,39,667,20240830,809.9,50,2024-08-30 20:05:00
d1de7d67-d410-44de-972d-d3d5f02931b8,36,166,20240724,1777.15,21,2024-07-24 20:11:00
36419a19-a2ee-4e37-b8ae-f4c61207e028,19,583,20241019,1724.4,3,2024-10-19 08:17:00
9351950a-1850-4c67-9e81-6f5bec0e86e6,42,913,20240821,368.56,23,2024-08-21 10:37:00
6ca3aa1f-84eb-413d-b5e3-e0b219aff83d,32,725,20240912,1439.63,13,2024-09-12 07:37:00
4007815c-5866-4cdb-a064-b7b5dfead70b,45,892,20240923,176.74,4,2024-09-23 23:33:00
1013ed8d-9288-42f9-9290-ac19e0d1912b,43,752,20241008,1521.88,1,2024-10-08 21:35:00
aee2ef6b-5db6-4ed9-8153-b45e34b508c2,26,953,20240701,562.36,2,2024-07-01 16:06:00
5433e1d2-43af-4250-ae5e-14511d4e7026,24,176,20240913,1806.47,16,2024-09-13 18:44:00
d3dd5a79-d2ea-4606-9603-a6424affbbb6,43,234,20241014,1464.02,40,2024-10-14 13:17:00
baa0f515-ae73-4f43-bab6-e2b43596c18d,23,532,20241113,1108.26,5,2024-11-13 23:28:00
b647fc63-9fcf-47e1-9450-f3f73b05630d,36,635,20241022,942.6,4,2024-10-22 14:06:00
c66ce021-d5a4-4f68-8dfc-135fea929013,6,699,20241013,593.79,42,2024-10-13 11:23:00
6ae5621a-e541-475b-a0be-664e484d5fcf,27,695,20240711,1162.88,38,2024-07-11 21:01:00
37defa4f-45e3-4ef3-8b88-0f557fc94874,5,848,20240613,965.85,11,2024-06-13 05:38:00
6b440eb5-154b-4ca0-9fd9-991dd959f5c4,12,38,20240603,1800.88,21,2024-06-03 16:10:00
5b87581d-6210-4962-a0bd-cbd7bd532f80,2,648,20240925,1290.76,11,2024-09-25 21:11:00
4dab0a4b-6ab4-4d51-a42e-2d38b857b788,25,546,20240720,863.81,11,2024-07-20 00:59:00
e0539769-fbc3-468d-97bc-2fd94d396164,24,611,20241020,688.42,17,2024-10-20 01:44:00
5d307396-6f05-43f8-8039-527fd154c190,41,765,20241108,411.37,20,2024-11-08 14:01:00
2f7e4753-51b2-4f21-9ae4-8641e02bdcea,48,982,20240630,1366.3,26,2024-06-30 17:55:00
2dd8f866-2eb1-4e74-9ee5-f4ddd25a7c63,31,778,20240914,1203.56,20,2024-09-14 10:28:00
61703d3c-2952-44a0-a157-4751222128cf,28,3,20240711,667.98,40,2024-07-11 05:43:00
308c109d-b4ec-476b-bc0d-cffa8ccc738a,28,780,20240706,1215.5,5,2024-07-06 20:30:00
1b6f6799-1db0-4bd6-86ff-132bfa36b6ad,13,251,20241011,503.46,34,2024-10-11 20:45:00
6f56a3d9-a624-4970-8f05-a9d821e8ab4a,44,514,20240729,230.77,48,2024-07-29 14:40:00
cef07345-ba50-4cc8-8b13-a5e9864f4888,48,312,20241114,72.23,49,2024-11-14 22:58:00
017bfdf6-8e31-4b19-ab21-f7f516b51ae1,24,400,20240828,1384.13,21,2024-08-28 19:08:00
348a5356-c9a4-42a9-9d46-cf3bc9ecdf65,10,723,20241104,1370.84,15,2024-11-04 12:58:00
2205d646-f7e6-420a-96aa-3f1e200bfd2f,10,63,20241109,1840.98,36,2024-11-09 13:05:00
84480f77-6dfb-432a-8226-021f71bd8419,50,458,20241014,1847.8,31,2024-10-14 16:45:00
8e6d2529-715e-43da-82b0-991e3f85c493,43,266,20241117,1228.57,47,2024-11-17 00:54:00
00fc35d5-c845-4755-9379-4b1b8a7cfa98,29,976,20241123,1130.94,28,2024-11-23 16:50:00
399841d9-0b03-408e-9b38-39d813870b34,48,877,20240812,680.26,25,2024-08-12 00:49:00
21dfa24e-ae3b-4656-8500-4ad7105b5861,47,662,20240621,55.45,40,2024-06-21 04:33:00
6c7c9173-98d1-46e9-b12e-3cf1efa01dcf,8,272,20241110,1369.3,16,2024-11-10 18:03:00
528910e6-19ab-4001-93e0-d8957ea3c900,37,946,20241117,427.66,22,2024-11-17 10:27:00
7af2acb1-877f-44c0-9ec8-cca7c7742bed,3,648,20240722,1609.11,3,2024-07-22 17:50:00
27d06e30-6823-444b-b736-779219fc51fa,29,935,20240913,1556.49,29,2024-09-13 06:52:00
000868e3-ac6d-41e1-8320-4a82a2fb5438,2,31,20241024,1711.89,28,2024-10-24 22:12:00
397ef399-2ca4-48ee-b3ed-e7030dce1fe6,36,257,20241125,479.52,40,2024-11-25 01:32:00
023ca6c6-e38a-4a63-8c71-fcfcaabf178b,1,893,20240724,1357.58,34,2024-07-24 13:06:00
c580a935-6a79-41bd-9071-ba2f50da5f16,4,709,20240711,980.5,21,2024-07-11 21:59:00
5c097d9e-cb07-4397-ab7e-885a5a61ff2d,28,656,20240707,235.59,43,2024-07-07 14:18:00
470a9f8e-de38-4e09-8389-4e90d4ed1b34,31,919,20240814,1499.98,7,2024-08-14 05:12:00
4a123afc-a90d-42a2-a644-d08bb99ff435,30,534,20241022,792.82,12,2024-10-22 08:14:00
485660b3-dc61-4455-885f-f3fc7ecc5717,25,115,20240707,336.09,30,2024-07-07 19:33:00
f56589ad-b084-4e28-8eba-d467b87271f4,17,321,20241117,184.52,13,2024-11-17 14:00:00
e229758d-46e0-4f52-84c7-1672e680ebbd,12,32,20240818,1849.9,37,2024-08-18 13:20:00
3fe64ef4-851a-4d58-b3cc-de19753d47e5,40,923,20240920,220.42,7,2024-09-20 03:14:00
a6450648-2e62-4bc7-a843-33d51af23625,7,213,20240613,763.19,16,2024-06-13 10:36:00
84f5d566-4ab3-46e9-b152-b568e991179a,32,197,20240921,1820.49,25,2024-09-21 02:29:00
664ef663-6223-4ec4-bb81-44712d66bb36,16,425,20240615,1987.2,5,2024-06-15 01:05:00
988de3b0-150f-494e-bc0c-7d18eaec5acf,44,780,20241123,1196.8,2,2024-11-23 01:28:00
21254612-7b14-4696-9da6-c77a1aaee418,47,63,20240806,677.13,33,2024-08-06 22:43:00
5144a253-52b8-44dd-b404-3db200c0dc45,28,400,20240716,727.48,9,2024-07-16 10:16:00
67d64920-bc05-4cdb-8f65-1a6e040f79ee,50,19,20241108,1410.53,40,2024-11-08 00:45:00
7e584266-42d5-41bd-8b56-360439bb97b5,12,402,20241112,554.41,12,2024-11-12 21:04:00
c92e7aa9-c3bf-4774-912b-4dc5652a4c5d,32,405,20241024,978.7,42,2024-10-24 21:50:00
e72fbaf9-400a-4ae3-a27a-6e0f7416c5de,13,261,20241022,1431.3,11,2024-10-22 21:28:00
b38a81f0-455b-47e7-b88c-2b8cace8763a,32,349,20240607,1416.31,32,2024-06-07 20:41:00
c91c5fa9-5092-4539-945a-a8a963caa3de,23,672,20240911,306.57,8,2024-09-11 10:23:00
6a44ea16-720d-405a-93b0-ce7f19d896af,18,949,20240928,626.62,5,2024-09-28 08:04:00
719a02d8-596b-4576-8477-f0081fa93ff0,27,673,20240724,1919.95,28,2024-07-24 19:29:00
dc9e0083-1704-4247-a61c-f5e71d30cc0c,1,835,20241122,963.15,2,2024-11-22 04:24:00
2b514825-f430-474e-8818-215be8f7f4cc,18,70,20240928,1568.86,31,2024-09-28 14:50:00
d9935c05-2cf4-474d-a1f1-b672bacd28a4,16,793,20240930,954.51,2,2024-09-30 09:14:00
e25ef27b-721b-4259-a7e6-9b27f3315dd3,34,654,20240628,737.45,47,2024-06-28 18:20:00
4348d171-366b-4e8f-a6e9-65fea0e3f1ac,8,440,20240613,1648.55,46,2024-06-13 17:38:00
bd9ab8a0-c2af-431f-8485-9df028c65ea1,28,320,20240906,1794.17,49,2024-09-06 10:26:00
fa965b15-dee9-4c3c-b006-1548f0d48019,30,868,20240630,661.51,6,2024-06-30 01:04:00
3ad613ab-5bd4-42c7-ab88-eb921c690f9f,28,855,20241120,1506.63,15,2024-11-20 10:12:00
9d8a03c2-f4d3-46a9-b70f-bfe1ac306fbe,32,70,20240816,1424.73,18,2024-08-16 17:53:00
da9c9390-2e78-4333-8750-106b31ca36a8,14,768,20241011,1789.57,11,2024-10-11 20:58:00
90b3c78a-d65b-4c7c-bfec-a94e45d0b3f7,3,417,20240918,290.86,27,2024-09-18 16:47:00
aab90f93-9ee3-4e58-a53c-36983d0b263b,30,837,20241126,837.63,49,2024-11-26 16:30:00
eacd43ca-419a-4e4a-aaa6-4f7973e13f8f,31,305,20240707,1708.57,46,2024-07-07 01:41:00
00c7c8fe-ae31-4779-817b-89c310c10588,37,593,20241106,243.49,27,2024-11-06 01:03:00
77f35f1f-df11-43c1-bd97-45b6e4210a95,24,752,20240829,643.01,31,2024-08-29 06:33:00
4673771a-208a-450a-87fe-4bd6e4f55e9f,21,785,20240810,1105.36,41,2024-08-10 07:22:00
3ac1f0ed-e9b8-4503-af30-33e373b05637,45,621,20241023,1668.68,37,2024-10-23 06:59:00
b6897ce2-4224-4478-a322-302bf0656905,16,971,20241127,1115.27,11,2024-11-27 09:10:00
b2aaba0d-2351-4f98-9a01-505ffb1118c9,49,137,20241106,350.53,17,2024-11-06 13:33:00
364b54a5-df3c-4615-992f-a76097bcce01,30,386,20240820,1415.85,5,2024-08-20 16:51:00
ffa0661c-4792-4e17-aaf7-53679b684e8b,17,602,20240916,1043.68,6,2024-09-16 03:32:00
8ed557d9-2ece-40a1-96e2-7b68d2230d65,2,21,20240723,1363.43,15,2024-07-23 22:11:00
09237e01-9846-4596-91bc-f311835479a4,37,138,20240714,423.34,35,2024-07-14 21:58:00
147f34c2-c628-45ff-a62b-cf210d9c3a4e,7,720,20240927,942.74,17,2024-09-27 06:47:00
589e4b8b-0167-4376-b6ae-a924557601b9,5,954,20240606,991.01,13,2024-06-06 12:37:00
c81d603f-380c-447b-9b58-114a98c8cb34,43,620,20240728,1756.08,27,2024-07-28 12:02:00
ee538f23-ab61-4c63-9cdf-50fd975c22e6,33,624,20240913,965.39,19,2024-09-13 12:54:00
d4b8d1ec-25fe-4948-9619-127a536e6c3c,35,461,20241020,1774.51,7,2024-10-20 02:18:00
d9425514-2e3b-4ef8-bd4d-537765e6d521,27,824,20240615,1278.2,26,2024-06-15 22:07:00
1113dce0-f1e9-49db-aa3a-7d59a89ce3be,4,352,20241114,70219.92,27,2024-11-14 13:18:00
0daad802-bac1-4479-8266-8730b810694d,29,259,20240807,1163.58,34,2024-08-07 09:41:00
95f99236-5864-4670-b6d5-58fdb26c8f2f,30,524,20240630,240.75,35,2024-06-30 11:01:00
fd5d9b98-9c14-4e74-a99a-6c2c65b537af,16,503,20240712,987.15,4,2024-07-12 16:00:00
22295065-1e1e-4f57-9002-d28568359f97,45,138,20240929,1676.57,40,2024-09-29 08:09:00
d10f3591-5f0c-4d5f-b040-983406d74a71,38,329,20240801,511.4,21,2024-08-01 05:41:00
387e173e-2a24-4d6a-9061-76eddbb5919e,39,783,20240820,910.14,29,2024-08-20 14:16:00
b0df4421-9889-4a88-9327-4f6398cc0b5b,10,643,20241127,1476.11,10,2024-11-27 23:48:00
7886ff33-cf08-4613-92ba-cb9e5ed9c9ec,35,822,20240816,1358.17,45,2024-08-16 18:11:00
ed9ed348-e514-4e00-8fad-e4d99076bc5d,8,842,20241107,489.78,25,2024-11-07 10:04:00
1a936647-a4aa-4bc8-a583-ca281b68ff7c,34,285,20240721,1791.87,35,2024-07-21 10:57:00
2b893a87-540a-49cf-9a36-a987f36ca750,47,186,20241104,1096.19,28,2024-11-04 07:57:00
88d079f9-4d9b-44f6-acd4-c2d636580a1f,20,397,20240816,165.84,24,2024-08-16 22:39:00
7a71eb2b-2c26-4335-8912-9afe6b76dac1,45,518,20241105,1309.43,50,2024-11-05 16:30:00
83a26c9d-9eb5-4ad1-9171-75016b7b2c08,49,431,20240710,1453.51,47,2024-07-10 14:57:00
f34e8881-51ce-418c-93e2-d71edb278016,18,946,20240924,58.76,43,2024-09-24 19:52:00
915d20f9-c153-4031-9182-8cee681e0d96,7,298,20241109,1990.18,42,2024-11-09 14:23:00
fcb10b1d-84db-4088-9116-e1df12186042,19,887,20241023,1706.16,18,2024-10-23 19:13:00
185464ad-9a8d-448a-bfc0-0606dd73e702,23,707,20240608,1723.36,14,2024-06-08 04:37:00
724700a8-d3bf-48a3-bcee-d319935a6146,38,275,20240711,1528.57,18,2024-07-11 05:28:00
2af57386-92ad-4bfb-a51c-dbb28cebb44f,33,762,20240727,1771.43,47,2024-07-27 15:23:00
c66b9e42-59f8-4992-bf97-07edc66d91e6,16,219,20240628,301.02,23,2024-06-28 02:27:00
6b1b5bb3-1009-4a8d-a1cc-141858d24b0f,22,361,20240920,554.3,38,2024-09-20 15:36:00
54e0d315-85eb-4207-8aa5-47176feba2a7,26,988,20241124,1617.97,22,2024-11-24 21:35:00
b35a80f0-9972-4acd-967d-27fd45e3f8cb,12,468,20240825,1215.21,31,2024-08-25 01:19:00
0b940fc6-00f5-472d-9e49-d46420bc351d,14,715,20240729,988.02,48,2024-07-29 20:46:00
d8c12c4d-d097-4cda-9a2d-327619a8f954,33,660,20241005,577.9,21,2024-10-05 05:37:00
288995bb-cd41-4598-839e-8f4e4e6809b0,21,678,20241005,1849.52,31,2024-10-05 17:07:00
b80dc02b-b122-4603-bf39-6902625aa99b,42,286,20241117,1429.66,16,2024-11-17 04:19:00
3915d600-2c71-4a83-a0a4-2d158946758c,14,741,20240917,868.54,46,2024-09-17 11:42:00
13aee4d0-bf8e-4afd-ba60-448fc4f08819,12,494,20240911,1698.24,37,2024-09-11 01:27:00
7b3b4ff0-54d3-4a76-b902-2905f74bb220,13,73,20241004,181.32,2,2024-10-04 22:36:00
15797fae-0cf5-49fb-9fc8-ceae94ba882b,27,706,20240607,1412.16,38,2024-06-07 17:18:00
255d4af6-588c-4083-9f12-fb7a52c29b1a,10,163,20240711,515.77,48,2024-07-11 23:25:00
bdcf0ed6-59af-4f17-8660-896ee6225ae1,12,223,20240610,190.85,8,2024-06-10 20:19:00
b3b59919-9256-4d83-a47e-d8614b70becb,45,918,20240626,384.83,27,2024-06-26 14:54:00
46fab6f0-cc1c-499c-ace7-0736dd6483b0,32,546,20240920,451.8,24,2024-09-20 17:16:00
6e7080d8-0660-40f4-a769-928b0ca29950,40,404,20241107,1398.56,23,2024-11-07 09:48:00
19d9bb1b-4673-44bc-b140-f99207ef96a2,36,167,20240710,143.06,18,2024-07-10 04:52:00
233151d1-0a8b-4ce4-8907-37c4595ebfee,16,750,20240716,1169.69,25,2024-07-16 05:55:00
a87aff37-3fbc-4048-9b34-910d7644ad2f,8,298,20240616,1891.28,10,2024-06-16 14:49:00
cf03e00d-a5fe-40d2-b584-0e2e6cec025b,7,801,20240610,58404.74,36,2024-06-10 06:49:00
395334ad-ad40-4e2e-ac18-b0454e80ce4f,41,142,20240624,1947.86,25,2024-06-24 20:15:00
ed71b8ee-7a53-45f7-ad18-55e6f047b4ed,24,920,20241002,779.21,45,2024-10-02 06:36:00
5bbe1509-5690-4a38-be06-683347376906,35,613,20240627,58.26,46,2024-06-27 02:16:00
8cfeac6c-1de8-4a91-9fe7-35e531ec9644,42,127,20240917,106.55,50,2024-09-17 10:37:00
e275f5c2-745e-45ab-926b-902b215de0ea,9,649,20240809,127.48,50,2024-08-09 08:19:00
e8c7188a-8ee7-4da5-bdaf-e13ebe6e13b4,31,824,20241007,238.22,39,2024-10-07 05:10:00
8c0eadc2-d924-4bf6-9bfc-519cadcc4afa,25,160,20241003,1047.8,44,2024-10-03 03:19:00
3ee3bf4b-29cf-46cb-8111-ad8b111735e6,48,465,20240807,512.03,8,2024-08-07 13:06:00
9b39942e-766b-48d2-ab70-8e330f0053c8,4,676,20240708,402.09,50,2024-07-08 16:45:00
519165b1-6d85-456b-9e12-5f8df87feffd,49,754,20241114,1352.17,22,2024-11-14 01:08:00
9c2a7cbe-e296-4b0b-998b-5b067fd3eea3,26,256,20241116,1777.41,31,2024-11-16 10:34:00
40cf877c-0f26-44ea-a493-8573c941eaf7,30,720,20241124,1793.03,24,2024-11-24 16:07:00
83133d21-b7ae-4d76-abf7-ee3667b19a3f,24,411,20240920,1414.54,36,2024-09-20 02:53:00
96be2dbc-a9e8-4993-abe8-628e699085ca,21,220,20240824,749.21,47,2024-08-24 07:17:00
6f8cb987-2121-4885-a7fa-44b4e7be345d,49,966,20241021,949.97,38,2024-10-21 05:24:00
0fad83d4-4a48-4fb5-9082-d228d1b62228,19,619,20241021,345.88,9,2024-10-21 10:32:00
e35f5714-ece4-4231-befc-8763f79c57f3,46,309,20240709,136.14,14,2024-07-09 15:23:00
85449081-ea50-42f3-abed-8b0f67e119f2,26,412,20241008,1603.47,37,2024-10-08 05:39:00
a1a65de1-57b8-4af1-84c2-a9ea5d13021f,45,777,20240707,470.48,34,2024-07-07 14:39:00
bc7b3d94-1483-416e-81c5-cb228bc805f3,17,139,20240623,151.65,13,2024-06-23 15:44:00
d9275162-12ec-4cbf-941d-986ee58b29e4,16,605,20241005,464.81,46,2024-10-05 02:21:00
e4f6c57b-caaf-4b1e-997e-3326190c1aec,34,657,20240608,554.66,26,2024-06-08 05:00:00
7f533d45-f39a-4504-93bb-d10fe87d517a,32,234,20240904,1520.17,19,2024-09-04 06:47:00
5846cb60-2da9-4869-bace-a58baa5dfe13,37,671,20241102,1373.7,21,2024-11-02 14:44:00
d2025284-3ac2-4473-ab11-fb94937520fd,13,453,20241124,1064.8,31,2024-11-24 20:43:00
3a3790e5-80ca-4871-a15b-fb98a19285af,42,776,20240717,1688.49,5,2024-07-17 03:00:00
d7d2c4c4-bba9-4e8a-9a75-8c4769efe88d,47,846,20240705,468.87,1,2024-07-05 18:09:00
c93e0942-e34d-40df-b021-a8b4d396cb40,14,994,20240906,1451.89,31,2024-09-06 01:35:00
8f8032d6-243c-4900-b72e-5d74d6832b1f,8,392,20240906,1850.8,19,2024-09-06 08:47:00
999588e2-7c5d-4f28-951e-27aef757822b,33,973,20240806,1654.64,19,2024-08-06 18:10:00
c5936473-5fda-441b-9cd0-598f7f226c00,32,850,20240902,1221.04,20,2024-09-02 05:41:00
c34ec029-0a68-4659-8f49-54cb9466d35a,15,493,20240615,555.1,49,2024-06-15 09:51:00
ffa92e02-efba-4605-b965-1abe60480977,14,378,20240714,1034.27,14,2024-07-14 22:04:00
fdf69cad-bc6a-4f75-8439-2ad58491e4fe,17,318,20241008,358.06,47,2024-10-08 20:22:00
a5e18f1c-3c70-4dcd-a2bd-1e7c474b6d88,35,846,20240718,365.01,25,2024-07-18 11:00:00
b379fc57-aa63-4eba-85a1-76f30fcb0a30,28,634,20241024,1044.53,45,2024-10-24 14:08:00
8f626a40-3515-49a2-83a1-afdc82a16731,35,290,20240812,1836.47,33,2024-08-12 02:51:00
b56d2330-77bb-4f34-b164-9c7a08790f6a,22,544,20241016,1978.65,13,2024-10-16 07:41:00
cf4eb0a0-d1f8-4ddc-80f7-b1ea243fd9ce,6,928,20240619,1059.77,31,2024-06-19 20:54:00
f61d445b-f871-44ed-9bcf-bae683541336,15,256,20240617,187.6,33,2024-06-17 20:44:00
5d384597-540d-462d-ba3c-d8f83b8db963,40,430,20240731,381.43,35,2024-07-31 10:10:00
9a3e9445-3dce-4e43-9ec3-7f4856037723,1,233,20240630,1050.33,48,2024-06-30 08:16:00
c581dafa-0676-47d0-9f8e-3d889e5b6466,6,677,20240707,1385.82,40,2024-07-07 08:28:00
18ec8d63-34b7-4c37-8ff8-1201c922cb4e,34,861,20241121,1470.51,14,2024-11-21 15:04:00
bb0121d9-c8fd-4aa5-a3ce-6f79336301e4,28,396,20240918,1557.98,36,2024-09-18 01:29:00
f4b209b1-f985-401d-8ea3-8c52f86686b6,48,459,20241122,1258.66,46,2024-11-22 06:10:00
549fa62d-51bb-43ef-b9ca-618f78f101e0,22,200,20240820,468.17,34,2024-08-20 18:42:00
77dfc13d-c2d6-48ad-9844-4c2df4a38e65,48,840,20240620,630.15,20,2024-06-20 21:46:00
40f168ff-1bbe-41be-a3c3-23709a092091,13,772,20241104,957.02,49,2024-11-04 05:35:00
5910a9e0-f6cc-4ce8-a5b1-042b65bc1539,21,67,20240905,1159.22,15,2024-09-05 15:07:00
c7f0805a-c074-4a22-a729-c130144bbaa8,33,468,20240617,1756.29,31,2024-06-17 20:54:00
efb49d46-4eba-4ec1-8ef6-335561e87239,25,642,20240709,747.86,20,2024-07-09 13:11:00
bc89b847-2cc2-4a1f-9e35-91c17bd83556,23,836,20241001,1863.81,43,2024-10-01 02:03:00
700f9ff5-86f2-423c-98a7-37e3654d5afc,43,370,20240929,1431.6,26,2024-09-29 13:43:00
867c5b8f-bb9a-477e-8570-5a1cf1770e48,20,171,20240824,624.33,40,2024-08-24 10:29:00
f81bc9a9-a207-4d4a-afcd-ad6f73a339e3,36,146,20240720,509.96,3,2024-07-20 08:06:00
357a5c79-2301-4ef9-b929-53b9f6361901,28,121,20241006,1769.59,24,2024-10-06 05:55:00
75dc42d6-445e-4c06-a628-541dd8c21fca,44,159,20241126,51.62,18,2024-11-26 12:52:00
916a6933-3f76-4e09-b23f-ead9fba2a64d,11,673,20240927,326.84,30,2024-09-27 12:36:00
b46eef21-131e-4773-a137-948bcfa04486,31,73,20240804,1027.32,15,2024-08-04 22:25:00
8f1b90d8-4609-438b-a2cd-85eb9118b4a2,14,201,20240911,662.4,12,2024-09-11 16:32:00
d7fafcf1-434c-475a-8922-72fde7d4bf9e,32,456,20240615,414.14,10,2024-06-15 18:04:00
f5874e27-196e-43f8-a7fe-0e0bf0c37bbe,12,295,20240904,700.19,44,2024-09-04 08:38:00
422f6409-437f-49a1-a4af-229889a4be7d,37,875,20240610,177.17,37,2024-06-10 15:46:00
73030d22-2750-43a6-8e5b-16fe5a253a18,21,905,20240923,794.01,14,2024-09-23 20:15:00
630e706f-34cb-49d1-9dd2-edb8b11945b3,5,889,20240809,1787.45,24,2024-08-09 21:00:00
b8b4a175-050d-424b-b6c1-f306ebf9f7ab,6,475,20240617,1945.27,13,2024-06-17 15:12:00
a56c4e86-1f15-45b8-8f26-b154ad83759e,32,344,20240715,1048.17,1,2024-07-15 05:26:00
e5354966-7bac-40f1-aad4-661a193d86bf,29,563,20240912,329.08,36,2024-09-12 10:46:00
6066886f-e458-489f-94dd-9d13885adedc,39,473,20240725,399.31,32,2024-07-25 01:17:00
3f6d42b5-f796-4a45-a815-7b2993295d0d,49,433,20240726,1091.63,3,2024-07-26 02:10:00
27dc86ae-3dd1-4915-8385-554bb7755f48,47,338,20241020,1043.84,24,2024-10-20 18:13:00
8682ab45-49d3-4b0d-8cab-f338983bbe9a,5,372,20241006,200.43,33,2024-10-06 23:09:00
12ed7abd-ec00-4493-93bb-78d9fedb36a4,24,219,20240829,293.94,18,2024-08-29 23:20:00
d24a3cab-9393-448f-9662-5fcdd632dbf2,7,53,20240722,433.22,13,2024-07-22 15:52:00
5102f640-e11b-4b77-a9fc-0b4d539c1281,31,684,20241109,770.89,25,2024-11-09 09:03:00
d558ac16-efbf-45b4-bb15-b84223aa69cb,18,64,20240718,1731.22,33,2024-07-18 06:56:00
5a48f25b-b074-43b3-9c12-d1d8d95030a6,41,604,20241022,584.52,39,2024-10-22 16:58:00
c97f64ac-f96b-4fc5-b48e-c8eafeb26585,28,254,20241104,1269.04,22,2024-11-04 13:50:00
e1d46c48-0934-4454-872f-9160badd5cde,17,491,20240807,99.87,5,2024-08-07 14:02:00
2bdcf554-2899-4666-a1c5-3229b2e640e4,1,306,20240614,1963.78,10,2024-06-14 11:28:00
49e25044-9b05-44f3-a608-fe68eb07f292,12,981,20241008,473.6,38,2024-10-08 09:12:00
b2909d12-e0eb-4454-8d9c-6fa2a741ce4d,22,36,20240904,199.57,28,2024-09-04 21:30:00
1e6b2344-811e-41ea-9828-8fa6bdcd22fb,10,256,20240628,1880.28,17,2024-06-28 04:59:00
5971651d-abe3-447e-ad6a-69bd45491b0d,23,672,20240716,1963.96,39,2024-07-16 17:16:00
9cc87835-abea-410f-9261-338b06b9420f,43,574,20241119,1773.38,48,2024-11-19 23:48:00
44c4fcf0-19a5-478b-96fd-7376480e9be4,9,496,20240922,198.77,6,2024-09-22 17:28:00
50a6553b-c705-4a3b-b285-f45c0537adfc,34,313,20240922,1523.44,19,2024-09-22 00:28:00
ff50ab72-25f1-47b6-810a-b911405da89f,7,989,20240906,146.77,18,2024-09-06 23:31:00
066ee422-e137-44be-b43c-be6752dbb507,15,67,20240616,1354.1,27,2024-06-16 03:56:00
ebfd91ba-9d86-425d-a28a-9fdfcdc9f748,30,570,20240723,1375.87,45,2024-07-23 17:27:00
f758472c-96d2-498b-97a5-277d6793275e,40,183,20240705,1296.8,6,2024-07-05 05:49:00
ab0a268d-2705-46d9-9115-0343ab84ca3b,27,907,20241102,1721.69,11,2024-11-02 05:25:00
4a4efa21-54d0-4abf-92e6-5310c85ddf20,41,948,20241127,1218.27,20,2024-11-27 04:34:00
76b44ec9-c9c5-496e-b809-772ec1254c41,21,79,20240604,1112.54,40,2024-06-04 10:19:00
b0b37448-7ae8-4344-92d2-f16c2dfff8df,48,14,20241017,1519.16,23,2024-10-17 05:28:00
3dd199b2-796a-4430-83d8-67fe02278189,33,687,20240813,360.14,20,2024-08-13 03:10:00
b0ce63b4-b556-433b-8b30-9e85d373d32e,11,304,20240904,1824.35,7,2024-09-04 02:09:00
ff0713e6-c1fc-4ff7-bd3b-6027897e4528,14,187,20240625,1576.36,28,2024-06-25 20:46:00
544608d2-481b-48a4-8217-e7ef7ff23b27,47,480,20240816,197.07,50,2024-08-16 20:41:00
ed55064b-82ed-49dd-ad7c-8acc0786a84a,37,394,20240812,412.99,50,2024-08-12 06:51:00
11256f41-a6a1-4351-b4c0-3e06b608a447,29,378,20240809,215.15,27,2024-08-09 05:06:00
13a984d5-c692-4a49-9e1d-5a35cd0faf2b,50,725,20240902,834.45,27,2024-09-02 16:05:00
d4f59c70-b83b-4512-bcbc-df6011d21dcf,28,875,20240702,96.32,32,2024-07-02 02:07:00
42a32bfd-402f-4ee2-888b-85a9b6355d1b,30,243,20241022,897.3,35,2024-10-22 10:06:00
68f1ca5e-690a-40fa-9b7b-7bf08f204041,4,702,20240605,706.36,46,2024-06-05 14:38:00
daac795b-4083-4354-be07-ef6a9da604f6,9,832,20241107,1841.06,4,2024-11-07 07:10:00
06955829-f937-4f4e-9388-b45664580249,27,736,20240704,801.58,19,2024-07-04 03:18:00
ee828dca-0e26-4107-8102-7e548e8832fc,49,680,20240721,1333.75,17,2024-07-21 23:51:00
aae89e02-790d-48e7-b681-89f92f474430,17,365,20240909,1838.02,30,2024-09-09 13:08:00
058818b3-808c-4ace-aed8-c70a90548188,28,14,20240702,1739.55,38,2024-07-02 00:35:00
e41363fa-f302-4b09-9f2d-f10a503c7259,33,393,20241002,292.74,23,2024-10-02 10:12:00
fefda6b1-9024-4b56-9de7-620060b81fbb,15,755,20240923,1877.53,46,2024-09-23 04:41:00
7991133a-fa86-42e8-85ef-c0e1c8a15225,1,59,20240924,1302.87,37,2024-09-24 13:41:00
6874c44d-a054-4bb6-bf64-0f5c6ba5ff5c,19,873,20240909,745.9,47,2024-09-09 02:50:00
82ce5d75-dfab-457f-8627-4d5508b44220,38,257,20241105,788.28,28,2024-11-05 13:50:00
45cc4d7d-dea3-4939-a072-ca14b95caeba,21,318,20240612,824.73,4,2024-06-12 18:15:00
c6d91022-4d96-4f56-af7d-de19cfdea9e0,9,129,20240709,1884.22,16,2024-07-09 19:42:00
3782f2d8-da41-4349-a169-d047b235d3a9,32,965,20240819,298.99,40,2024-08-19 07:39:00
e260458a-d95d-425d-841d-3765b1e2ca85,13,2,20240807,1088.2,49,2024-08-07 21:32:00
decbc7a7-8546-4c5b-be36-48d28e96b5ce,47,241,20240919,1317.13,5,2024-09-19 06:03:00
64635747-fd32-43eb-8dff-57f5c8934557,49,622,20240928,840.84,27,2024-09-28 16:27:00
ce5e0f2d-68b1-418d-9460-b5e3e6c7ec52,35,42,20240908,269.77,9,2024-09-08 07:14:00
0efa529f-466c-48e1-a548-a2fac72f3658,26,622,20240620,765.19,31,2024-06-20 14:18:00
4e7c27c2-6f6b-4be8-9047-ffacce1de699,6,24,20240822,1192.33,30,2024-08-22 20:32:00
66f337d2-73f6-44b1-a13a-0c409b0025fb,48,772,20240826,1890.65,22,2024-08-26 23:01:00
cbd0d698-c221-4f79-8a24-2d111f30a3e4,33,835,20240722,296.29,49,2024-07-22 00:35:00
260270ea-6bd9-4255-9258-20baf36511a3,10,773,20241119,1090.13,8,2024-11-19 10:32:00
684160d1-a3dd-487d-a35b-9b73eb41a339,25,415,20240613,58.97,23,2024-06-13 00:44:00
f88de71b-7c53-4742-907b-6bd1585c0533,7,700,20240613,162.35,1,2024-06-13 03:25:00
9bd7a757-9516-4396-b498-d1753dfcfd00,15,20,20241031,1883.67,28,2024-10-31 23:08:00
708ea15c-7dd8-45ee-af8d-ee8cc57b4bf9,44,371,20240814,500.14,3,2024-08-14 11:42:00
3a725b07-f901-44b8-b09c-015a6ff5498b,34,967,20240928,1625.32,37,2024-09-28 08:53:00
e98659d5-107f-41e1-bcf2-36992de77e0e,14,407,20240917,852.31,18,2024-09-17 17:58:00
829d27a1-8b43-4d8e-90ef-c64f1657ade1,47,654,20241011,1642.06,20,2024-10-11 15:24:00
93214770-5b3c-4eed-8bf1-a99d217c9118,49,663,20240709,753.91,30,2024-07-09 23:53:00
e0a705b4-922b-454b-9e95-f1297caf392c,2,138,20241115,1313.55,36,2024-11-15 18:34:00
3395b558-b874-496d-8d65-b4758eb140e5,36,606,20240828,1275.82,44,2024-08-28 01:38:00
f20029da-45c1-42ae-ac2b-2ee6d72f6107,11,864,20240604,962.53,32,2024-06-04 06:48:00
016f0a68-cd15-425f-ba52-bb81a60df3f8,11,475,20240930,804.84,25,2024-09-30 21:14:00
60b33de8-155b-469e-b636-7f831235d750,23,350,20240603,1528.92,44,2024-06-03 10:36:00
348a76f4-4e7d-4a84-bfa1-7fe4aa21c541,6,352,20240731,701.5,24,2024-07-31 10:04:00
a0ba0e08-6bb5-4317-a8b8-d8cb4c6abe06,7,728,20240831,1463.85,22,2024-08-31 06:37:00
defba2bb-92cf-4787-befb-806be88fc335,34,677,20240627,1362.27,17,2024-06-27 13:09:00
b0a9b25c-865e-4183-a18c-b27e96eaf73d,21,623,20241115,443.04,39,2024-11-15 04:46:00
a6dcf620-e8bb-4876-94bf-64460f7f4792,14,381,20240903,674.47,48,2024-09-03 14:51:00
98d9deda-a657-4ca8-8484-4ce78f7cc157,39,609,20240919,111.02,9,2024-09-19 13:18:00
a46d7b7f-5368-4f26-b025-74ad29a8ef72,17,636,20240719,1356.89,22,2024-07-19 10:58:00
06cf9fda-30d0-4593-91c8-ac29ccd9de38,21,622,20240617,743.37,15,2024-06-17 13:19:00
c189f627-dfc5-4df0-94cb-7ead06157dbd,23,863,20241121,1333.23,32,2024-11-21 09:14:00
d5cf3915-1656-4082-9cef-4f97ee6f069b,26,372,20240808,1277.28,15,2024-08-08 12:08:00
e4cc95a6-4f47-4ca6-a3a7-b7d9cfc2d112,37,65,20240719,143.11,29,2024-07-19 15:59:00
3c644360-3b00-4025-9536-c8eb89e1cecb,3,745,20240615,1764.3,34,2024-06-15 07:12:00
814a11ed-f08b-4ded-b36c-a82390493bce,49,717,20240803,807.55,45,2024-08-03 19:45:00
71c2fc97-f1e6-410d-9021-c0f9f2da4a07,40,92,20241116,858.72,33,2024-11-16 22:32:00
142cebe9-ca56-446a-8918-6e6355009e8f,16,645,20240617,1084.24,34,2024-06-17 07:28:00
6c55dd19-4343-4068-841f-d6a15aba497b,28,465,20240806,1895.45,48,2024-08-06 19:47:00
a9cca405-4632-441b-886f-6777afb138ec,38,742,20240825,1135.44,32,2024-08-25 02:22:00
ca205d41-8020-4b7f-aa7d-5e92463c8ed7,37,186,20240625,774.54,39,2024-06-25 15:15:00
6fdc7241-101c-4d0b-958c-ea396f146d4e,20,574,20241001,183.74,6,2024-10-01 10:04:00
1175cb99-e569-4d2b-be6e-b5c28e62a6fb,43,319,20240722,720.16,31,2024-07-22 07:17:00
93fd4aa5-7767-4c3a-9b0d-6508fdff9de6,24,861,20240626,1993.99,17,2024-06-26 14:42:00
c972b149-efaa-4011-89a0-1930e1fc86c4,31,306,20241014,971.23,17,2024-10-14 19:42:00
38975c7c-6746-440e-aa62-01d5ffdb7d10,35,607,20240629,1454.37,2,2024-06-29 20:46:00
75635671-dd43-42b6-8ec0-dc552f0cd340,17,441,20240719,1481.62,14,2024-07-19 19:00:00
14599363-fd7d-4d8c-a31d-2ec119c77a4f,17,361,20240906,172.63,33,2024-09-06 05:48:00
901f1880-f3b1-4b79-adf4-a379c5776df8,22,860,20240711,723.58,32,2024-07-11 19:12:00
642475b3-6e02-485a-80d6-37a22f1bc1ee,28,920,20241115,158.29,33,2024-11-15 02:53:00
d3f6adab-92da-40bb-bd02-ae9504ef26e6,46,766,20240815,1991.93,17,2024-08-15 02:27:00
0ff952ab-8a56-4eda-9abc-344f43374075,4,132,20240713,1942.79,4,2024-07-13 02:49:00
5218b4fb-7acb-4897-97b5-add645bccd35,37,152,20241018,1646.52,20,2024-10-18 06:50:00
6b7e2f4e-061a-4cbc-86ca-51cac0d55480,49,971,20241116,1131.44,3,2024-11-16 12:01:00
afac797b-c846-4d7e-be7d-d23d8b79a4db,46,778,20240918,694.99,28,2024-09-18 06:36:00
7354887d-6509-4886-9492-701eecc560ca,39,757,20240922,1253.25,17,2024-09-22 18:59:00
1cd53c3f-6d6f-49c2-8da7-b2c8d06d4286,21,915,20240911,181.63,20,2024-09-11 19:48:00
002ca2de-aa7c-4cc6-9519-7203f05b2de5,7,1000,20241025,1660.51,41,2024-10-25 00:03:00
6581825e-6040-4760-8ae2-ecc6204f89dc,33,400,20240621,769.19,34,2024-06-21 20:50:00
87c6bf0e-2669-42b9-b2bf-e82ad356a4e0,1,23,20240608,395.07,27,2024-06-08 11:05:00
35d8c9c6-7f1f-4f67-9680-e27ab8e72a48,7,222,20241022,997.04,36,2024-10-22 15:11:00
d105e19b-35ba-40bd-ac81-e4c66ecc4f4f,6,989,20240813,1768.1,6,2024-08-13 09:51:00
a0f64663-b5a3-4cb9-b1a1-60e52960433a,28,235,20240714,384.45,1,2024-07-14 00:32:00
0e3230c8-ff6d-4359-be05-46d5debd17e7,49,649,20240729,1468.54,11,2024-07-29 06:57:00
8adc10bb-920f-4139-8b76-8a36036914d6,28,713,20241020,71.32,9,2024-10-20 23:17:00
1f981215-8eb6-47d8-873d-ee4177d7ad37,30,118,20240924,318.32,40,2024-09-24 07:35:00
fa489f8f-1057-4032-84e5-4c5980f88bbe,22,149,20240927,1669.81,35,2024-09-27 21:16:00
7232a65b-49fd-45bc-a74e-8befa6478c2f,10,420,20241104,1535.97,34,2024-11-04 11:46:00
31a8ca64-17f0-4f79-bc8e-9dffcd51a65f,30,271,20241116,86.58,22,2024-11-16 17:20:00
f7ae2615-2253-44e1-843f-e2cf7f5b14a8,37,967,20240811,652.38,5,2024-08-11 18:01:00
77a60c0c-8826-4c91-9018-71efc616bb92,22,118,20241010,934.22,33,2024-10-10 09:43:00
f69cd90d-65c5-42db-92b7-3a227fbfb8ae,28,389,20240908,1071.71,28,2024-09-08 18:28:00
492ee9b4-c8cf-42b5-b1f5-c94559f5c4f2,14,555,20240712,638.98,17,2024-07-12 19:34:00
6f4c90d0-ec21-47d8-87a1-8a4fde80c4d9,43,898,20240714,1113.02,50,2024-07-14 08:13:00
fe11a0d6-02cd-48a2-96f3-cec1776b1280,2,940,20240612,1456.71,14,2024-06-12 12:30:00
93fdab13-8d96-45f3-907e-6a45212c56e2,25,969,20241023,484.96,20,2024-10-23 08:27:00
d400222c-e29b-4d9b-866f-fff64dd53d1d,28,800,20240913,985.85,41,2024-09-13 16:41:00
f54a9320-d2df-4247-8cb3-8b0df8b3f663,4,469,20240723,950.26,38,2024-07-23 17:20:00
59e68b30-7801-4068-a5b6-42a9190b6452,7,56,20240807,1437.5,35,2024-08-07 09:59:00
cc6c58e5-0788-4695-9e89-1418f1657cdc,42,813,20240925,787.83,50,2024-09-25 11:55:00
30e3933a-f129-4cbe-b0bf-f1b8973b3048,28,568,20240729,207.83,29,2024-07-29 17:50:00
fa212f8f-915a-4000-8905-0ce3ab216de0,30,974,20240728,1362.54,23,2024-07-28 18:48:00
bca35536-edb3-497e-9b31-072037c4d1c7,8,560,20240921,368.86,9,2024-09-21 06:33:00
373f74dc-3e4b-465f-a5ce-58308ebf4b94,50,12,20241107,1329.49,50,2024-11-07 03:04:00
ee5a6554-5b91-4041-9f4a-e44a768359e5,30,922,20241102,1393.42,44,2024-11-02 15:36:00
033ec2db-55f1-4498-993c-8bbe832e28ad,43,368,20240702,881.74,4,2024-07-02 17:42:00
51ec1f7a-37b9-4d9d-b4ab-9cf349d6a49f,21,852,20240723,1651.66,38,2024-07-23 17:51:00
3415cc09-7ab3-4196-84e3-8a8a5ab59986,26,844,20240728,1200.43,21,2024-07-28 20:07:00
b8aa8371-095d-4382-a5f3-fcfc1237c150,13,685,20241111,245.66,23,2024-11-11 00:29:00
19438685-4f6f-4400-ae78-5b63140dbb04,26,226,20240626,1458.62,34,2024-06-26 07:26:00
a1eb60f2-8290-44e5-9dfa-299a8bef7a28,30,29,20240614,1885.14,23,2024-06-14 13:24:00
b9db4a5f-d004-4477-bbb3-bc043d765057,35,425,20240610,225.17,38,2024-06-10 20:59:00
3f52bb22-f6c3-4c01-9f8a-28e075409cb2,30,90,20241128,85.11,2,2024-11-28 03:03:00
ab6a3f56-38d8-46f2-b836-24218663b393,10,561,20240710,1928.5,17,2024-07-10 05:57:00
d7192d52-0244-41fb-8036-3fcd5b3676b8,6,802,20240618,1772.7,7,2024-06-18 23:36:00
ea9d1554-d3bb-47da-8ba5-a3e80a2dd2d0,9,730,20240611,479.38,44,2024-06-11 23:37:00
2078d1e5-11e8-475a-b838-bc61c69adde5,32,256,20241123,937.56,47,2024-11-23 16:46:00
b732c9b8-c7c3-48dc-b296-de5676cd562c,21,792,20240623,1495.29,48,2024-06-23 09:17:00
53872dd4-8538-4b16-ab4e-08665277a953,2,786,20240607,1199.57,27,2024-06-07 02:15:00
6018d7b5-06b4-4f05-92f4-e893e9408489,50,100,20241107,227.72,42,2024-11-07 03:35:00
2dab71e6-26f7-4f5d-83b5-b1ad0f111a5e,15,199,20241023,1083.0,40,2024-10-23 01:44:00
d31c8507-ce7a-4ef0-958a-46242071cac7,14,492,20240611,1452.61,31,2024-06-11 06:43:00
464d84e7-e524-44c5-97b3-037abffdef06,40,874,20240725,392.05,28,2024-07-25 01:07:00
8fd4bf59-3204-438f-838d-bf85d1b4f6e2,38,656,20241109,1369.61,31,2024-11-09 01:00:00
aa625f46-553a-474a-8a60-8b4d7dee34a4,37,312,20241117,158.43,9,2024-11-17 22:18:00
a4681474-a500-48ef-9ea4-79cf96fff70b,12,230,20240619,1875.09,13,2024-06-19 08:25:00
d4f5e81c-23cf-40a5-b07c-2883822f100e,15,41,20240901,814.55,1,2024-09-01 23:44:00
e168dbf9-587f-4bea-b077-f3bf7e7fdffc,47,717,20240908,1604.76,11,2024-09-08 20:12:00
ef065a20-d6bb-42be-a525-0c72a2ae3bb7,10,137,20240724,204.57,48,2024-07-24 22:45:00
101f0376-aca2-4c49-b5ed-8007b61d7f5b,26,43,20240627,426.95,34,2024-06-27 16:52:00
48ae9ff7-9d4b-429c-ae6f-cef1892a177d,13,115,20240722,701.6,25,2024-07-22 12:01:00
bf0889b6-1ce8-4483-9ec8-6d1f157ef949,35,46,20240817,393.81,8,2024-08-17 18:54:00
e2794aaa-c326-4294-ab89-dde2617457c0,39,630,20241016,762.05,31,2024-10-16 19:57:00
2704bb83-d9ae-44ac-9afa-1f504573bc72,23,372,20241009,1977.19,45,2024-10-09 07:53:00
933ad15d-2f41-4701-8076-56fb50e5ff91,39,871,20240918,256.13,24,2024-09-18 20:48:00
1b83eb01-cd7e-4440-9ac4-6618e0643966,30,178,20240926,1349.83,40,2024-09-26 05:00:00
cc97afa3-a468-46a0-8f65-53c3c9ec12e8,40,475,20241125,91.94,27,2024-11-25 07:39:00
8dea6549-437d-43a5-a2b7-c0464950b3df,39,864,20240915,219.05,19,2024-09-15 07:26:00
091e0b02-3f79-4589-b567-4df57b637e22,47,801,20241022,288.52,13,2024-10-22 20:12:00
fe176258-f5cb-4de5-8740-7ffe99765760,17,242,20240821,1986.11,50,2024-08-21 08:42:00
28d08122-cde8-4aa3-80c5-6a7b3f48968d,45,811,20240627,991.6,30,2024-06-27 12:25:00
29c7122c-a2c2-4ce8-b4c0-c6dbeb5a3eef,44,307,20241106,800.44,3,2024-11-06 11:50:00
8b5616cf-eb1d-4f6e-bf5e-8d666a9d06c4,6,318,20240605,311.67,48,2024-06-05 01:07:00
7d8fc47a-296c-476b-8fe6-f2ffe085401e,34,6,20240709,1852.5,37,2024-07-09 06:05:00
3a446ea2-b4d6-46ab-85c2-4cf015d23975,45,382,20241123,1435.03,20,2024-11-23 00:06:00
2f61101f-b5ed-4637-9741-dca3febfd4b0,13,707,20241121,1600.99,12,2024-11-21 04:32:00
1f0c2002-88f3-43a2-b5a2-fdc66cf55038,2,783,20240827,673.1,45,2024-08-27 05:18:00
80887dd4-e62d-47c2-91aa-b27546d4a9f7,28,574,20240720,1203.67,41,2024-07-20 18:58:00
79faa37c-a7b2-4410-9397-52d4325fb7cb,17,111,20241013,506.39,1,2024-10-13 21:31:00
71e1c0c6-5e14-4355-8f4a-458f8bbe4ebc,50,72,20240815,190.37,30,2024-08-15 07:13:00
a7babe1b-bed0-4ec7-a102-4580c708598a,49,522,20241003,1643.76,25,2024-10-03 09:43:00
9345ca52-9810-42e7-aeb3-2809731b9bdc,16,118,20241018,1208.75,13,2024-10-18 02:38:00
2b09c1f0-1b1f-4126-9d5a-361e3ed5688a,7,451,20241010,1759.26,8,2024-10-10 06:13:00
f30c1ece-4174-46b9-bd82-506f01d3520c,34,862,20241001,1865.95,40,2024-10-01 09:42:00
1d850f66-3c30-42ea-bc24-4ca67716c2af,1,484,20241010,1141.68,19,2024-10-10 19:51:00
3d9b6b64-48aa-413e-9eb2-92a6690c9afc,12,709,20240726,1055.08,20,2024-07-26 04:06:00
df1f24e0-f67c-4765-9512-24ecb5d10ff4,50,662,20240915,963.74,18,2024-09-15 22:32:00
a2be1dbb-dcca-40ea-8467-fe03707f9de0,20,962,20241105,217.5,8,2024-11-05 20:02:00
db9a8d13-c596-4bc3-9b3e-0a8ce047ae11,8,688,20240725,769.14,14,2024-07-25 12:21:00
1b96cc44-f23a-4410-9ca1-de965ba1fe55,6,163,20240730,1127.17,9,2024-07-30 06:06:00
5c654842-844b-4ee7-b423-5d93a2c80b54,15,736,20240722,23728.29,31,2024-07-22 03:11:00
27fea07f-8f8d-455d-be77-fbcf6769d655,16,450,20241006,217.23,22,2024-10-06 17:47:00
564696c6-4cf3-42cf-ae8a-873cce65730b,35,130,20240825,1878.24,9,2024-08-25 15:37:00
57c3eff8-b6b7-4df1-a010-d3be6984291d,11,504,20241119,946.9,22,2024-11-19 12:27:00
1320e381-b553-4be7-a7ae-a8541c4bf3a2,37,865,20241007,369.26,43,2024-10-07 16:00:00
17ba8eeb-19ef-45db-9155-a44cb9f6d4d2,49,916,20241127,954.56,8,2024-11-27 01:19:00
8144e781-72c8-42b1-af74-5fa17f073e47,30,104,20241108,1253.98,4,2024-11-08 10:25:00
a85b3462-7217-496d-b49e-73950a71bc07,28,104,20241010,1864.22,15,2024-10-10 06:10:00
14b1d8db-88df-483c-b6b8-532b5f2089a9,26,807,20240905,115.54,17,2024-09-05 03:11:00
5593a6e4-9840-4b4e-b661-fe2beec98f11,35,739,20240806,1426.08,30,2024-08-06 12:25:00
f5616a6c-b57d-4479-b738-dd1f81a9b56c,46,917,20240802,337.84,14,2024-08-02 08:16:00
43e1fddb-7816-4df7-9391-d80835760c83,50,305,20241015,161.73,25,2024-10-15 16:43:00
0480a844-16f2-4c82-a892-a50d25df68a2,45,228,20241017,821.63,35,2024-10-17 00:06:00
14356ee4-251e-42b3-ba3d-1604ff03b53e,22,723,20240609,1694.22,43,2024-06-09 14:41:00
dd6ceefa-7884-4b7c-8b9e-0d9a954e6599,19,543,20241126,382.33,2,2024-11-26 05:36:00
d96ae8c9-345e-4530-b559-d3276917479f,11,446,20240616,1747.0,37,2024-06-16 17:14:00
d50cadd8-67f7-423e-9b6c-d671aaef27aa,44,898,20240719,566.99,28,2024-07-19 14:32:00
7112fda6-9392-4637-948d-74dcd3a1c042,33,886,20241007,949.57,47,2024-10-07 20:27:00
0f5d45d7-7726-496b-a1bc-36fa82d24f3e,39,968,20241019,1849.76,18,2024-10-19 08:21:00
e7979cbb-877a-4190-b69e-3ccd971f3e7a,10,453,20240920,1182.06,8,2024-09-20 21:44:00
e0e4bca5-271a-4132-8e09-2a7f24bae395,33,225,20241103,1975.16,4,2024-11-03 15:38:00
dfe89075-8b53-4926-9d28-3d169b558b9e,24,443,20241123,520.94,8,2024-11-23 04:11:00
69bef408-72be-4e31-96d6-a6a0b0154700,28,624,20240706,1809.16,38,2024-07-06 07:34:00
4b1a4603-8afc-4679-8143-6a9a22f9a736,45,367,20240928,252.74,30,2024-09-28 14:12:00
a048137f-1efc-4127-bdfd-d3cdd13eaadb,9,72,20240621,568.38,5,2024-06-21 13:22:00
fef0b91b-18f1-49db-a812-1ec2031a27f9,29,568,20240720,1680.04,9,2024-07-20 14:29:00
132941ce-0076-402a-ba68-66e81ad4d8c6,22,653,20241124,600.37,6,2024-11-24 04:05:00
5bfc9add-7927-449e-80e5-a3261ea776fe,10,319,20241013,1438.34,44,2024-10-13 19:39:00
ecab2ef8-e059-4342-88cc-9e4211aa4583,48,602,20240728,726.91,1,2024-07-28 19:16:00
144d6baf-87d9-48c0-9ed7-fa5b16c002c6,16,832,20240601,894.15,49,2024-06-01 23:00:00
c73041ba-d8db-449d-b5e5-86acde5e6932,32,583,20240916,252.22,41,2024-09-16 10:21:00
ec654766-e114-42e6-9f8b-5095ed2bf46b,49,47,20240829,209.1,5,2024-08-29 20:09:00
fc71f28f-2609-4a7d-ac39-95806a199312,14,244,20241101,1540.75,22,2024-11-01 07:48:00
f4d5d687-c468-4a6c-84c6-804228826489,20,84,20240719,1019.62,22,2024-07-19 08:39:00
31c81bc5-517a-4723-bf2f-bb16040cd24f,9,324,20241015,1768.45,40,2024-10-15 05:15:00
dab2468d-b553-4f9a-bc56-fb30808d83fa,11,802,20240610,904.37,27,2024-06-10 01:53:00
fe546ebd-9092-4bfc-a548-0d2889a40272,6,282,20241013,873.73,1,2024-10-13 08:29:00
34e98cf1-5e4f-44c0-a852-f1e0398ce48d,42,794,20241120,382.89,17,2024-11-20 14:53:00
b3815499-d5e8-42bb-8afb-9163783313c2,9,408,20240702,178.45,26,2024-07-02 23:44:00
b1433611-8a50-4358-9a04-80e13501c18e,20,860,20240711,509.59,47,2024-07-11 12:00:00
ab3ca401-3ff4-4803-b575-db1dd383a32d,33,394,20240718,1630.21,31,2024-07-18 22:54:00
7a4012cb-e730-4141-9531-beb26f9b10ab,18,342,20240811,1686.09,29,2024-08-11 19:12:00
693d1149-1bb8-49d1-9091-94cbf59acef3,8,182,20241013,1018.93,43,2024-10-13 03:31:00
48b5a4e5-f19b-47f3-876b-650399d8b024,25,574,20240614,506.01,2,2024-06-14 07:53:00
e373a57a-ed24-46c0-b3d3-2f25cd596e22,11,621,20240713,91.96,4,2024-07-13 22:55:00
9d575a8a-02a2-44af-af03-a75a3102025b,16,298,20240720,1255.35,47,2024-07-20 23:04:00
2858372d-20d3-4a6f-84f8-1efde62038fb,31,914,20240917,250.03,3,2024-09-17 11:32:00
45585087-c922-46b5-ba64-d0c55620801f,7,998,20240901,1128.95,47,2024-09-01 14:36:00
0dac8e08-b7cf-4600-8dc3-0392833d9a97,44,527,20241106,1434.87,27,2024-11-06 07:14:00
07060656-1793-418c-9441-7bb6284364a2,15,800,20241014,1975.1,46,2024-10-14 05:38:00
82d86fac-4ba9-4941-b69d-5853cd872d72,16,718,20240714,1216.65,47,2024-07-14 23:28:00
ddb59ae8-1d0b-40bb-a795-fe4677505188,8,676,20240805,1311.85,27,2024-08-05 02:50:00
e260ea54-6884-4dc6-8c1c-b96e1e11eda3,35,414,20241011,1802.27,36,2024-10-11 13:02:00
ae24082a-d1b0-4d66-9cba-c9c800bf4db4,41,853,20240818,512.75,25,2024-08-18 23:52:00
ded1aba6-50cd-48c5-bc9f-75aadbdd9749,32,929,20240708,53149.71,29,2024-07-08 01:31:00
6961c239-35fa-4034-b609-3f48c63e4138,11,869,20240826,1682.31,15,2024-08-26 15:57:00
40c79a85-2c1e-4075-9a97-4c79d7b720dc,28,56,20240903,878.19,7,2024-09-03 12:18:00
df7770f2-316f-4ece-b8c7-9d1ebc6bda12,47,518,20240817,1734.4,17,2024-08-17 03:21:00
0ffe5e42-4131-417f-bc3e-895c7d690c66,14,972,20240930,353.05,7,2024-09-30 04:28:00
c2af2970-7dc1-4ebf-8c02-fe2ab98cc378,36,265,20241018,481.5,14,2024-10-18 21:03:00
163ca8f3-3e38-4283-9ab2-408b526dd3a5,33,214,20240730,534.12,16,2024-07-30 00:53:00
c280ffd4-7d4f-480c-b2f3-12129c9a7c3e,8,27,20240619,1288.86,5,2024-06-19 01:57:00
e9f6213a-3948-4e4f-acb8-cb8b5e49bd2e,49,821,20240720,1581.2,3,2024-07-20 20:32:00
4269efcf-813d-4bf8-ad84-1c6df8cd355d,30,613,20241122,1390.57,25,2024-11-22 20:19:00
e6f3da20-d1ed-488e-ba19-08f4a95e03f3,29,828,20240702,1872.76,8,2024-07-02 10:09:00
2ccb9bda-2d8c-4e41-8769-3116887aadea,18,981,20240601,1934.39,1,2024-06-01 16:28:00
3797ec5c-793a-457e-a2d0-0d219d07ce75,11,708,20241105,1645.16,29,2024-11-05 06:58:00
bb186f7c-6115-4ea9-a792-aa55496eaa40,28,875,20240706,308.63,28,2024-07-06 02:16:00
e96e23ef-4c77-4e96-ab9e-20d6658431b7,1,318,20240623,1912.58,28,2024-06-23 06:28:00
798a32e5-b752-4611-b778-4641b8d7bafb,23,51,20240624,291.14,27,2024-06-24 14:54:00
2bd95756-bd26-4022-84b7-3369f651984b,8,534,20240720,1129.01,18,2024-07-20 21:32:00
41ac0a04-6556-4fe0-ac87-f096991738df,38,792,20240715,90.92,24,2024-07-15 01:35:00
a843a28b-ef55-486a-b073-e8bf446747c0,25,858,20240710,1974.45,40,2024-07-10 02:24:00
f93d7bbd-eacd-4411-a26d-a7b1583e3479,48,762,20240813,974.39,37,2024-08-13 02:02:00
0aac4f69-934c-4676-8f73-011b80d4978f,46,899,20240730,876.84,8,2024-07-30 06:46:00
cfebe7a0-9ff9-45bf-92a1-fc89db40ea3c,21,464,20240824,1567.14,16,2024-08-24 16:39:00
b7212805-7fff-4c7a-9187-289761433212,24,583,20241101,1034.36,23,2024-11-01 19:57:00
7c2cb7d1-3882-4935-9d44-33fa2926443b,8,548,20240927,1684.94,40,2024-09-27 20:25:00
5a935a3d-9ab8-4c36-a159-e87d5a4f152f,3,133,20240808,953.77,19,2024-08-08 02:47:00
d5b3e137-97e8-4020-815f-096bcec8f699,5,428,20240615,1603.92,24,2024-06-15 03:56:00
f3659021-fcb4-4ff1-a41e-a530c79eb1be,29,97,20241101,121.45,29,2024-11-01 15:14:00
5ccb5727-9d4a-4c9b-a94a-737b7004b479,15,323,20240612,545.28,41,2024-06-12 08:39:00
4aab4ed9-e76c-4732-8b5b-1ae283887caa,44,747,20241116,943.85,14,2024-11-16 15:02:00
fc9be487-d13a-4264-8afa-96398fd2492a,5,523,20241027,703.56,21,2024-10-27 00:35:00
45768c8e-1e06-4d00-9444-055e99888aab,39,491,20241013,1372.2,12,2024-10-13 00:46:00
af2ce044-b529-426a-af65-49247c419577,12,134,20241105,839.24,9,2024-11-05 20:27:00
e011b171-5b8a-4bc0-b645-30ab3fb08447,13,404,20240605,487.45,27,2024-06-05 23:36:00
60a28d3b-ccf0-4f31-b662-4b422c64ec52,9,194,20241103,1788.76,8,2024-11-03 23:39:00
e856b0f0-92d0-4484-ba56-d4f279d4e5c9,27,523,20240710,101.08,21,2024-07-10 22:29:00
e4486625-e513-49ad-bb91-fd3a022d9b27,48,570,20240620,1321.07,3,2024-06-20 21:23:00
4ba07a50-7f1e-4503-af05-95cd9372156d,5,381,20240731,1252.4,37,2024-07-31 09:54:00
bfb2732c-9e33-4b5e-901f-053afce81868,31,132,20241025,528.76,38,2024-10-25 11:15:00
fe5e1e6b-c70e-4b43-aa88-e3c941a9fc95,5,971,20240907,1385.94,31,2024-09-07 03:19:00
2034cb11-3016-48a0-aaaf-a1dd6f1af5df,36,599,20240809,544.44,17,2024-08-09 10:02:00
9258c14b-be89-412a-a472-533e68a86465,6,51,20240827,858.94,3,2024-08-27 18:03:00
08636306-9bbb-4a45-9ce3-55984602c96a,48,881,20240929,1573.62,3,2024-09-29 04:44:00
f6d804b4-cc32-4487-b5d5-5cc9ffddaf50,32,205,20240724,739.38,27,2024-07-24 03:15:00
42e96ce8-712c-468b-99b9-fde45e609a13,38,971,20241023,1495.33,38,2024-10-23 03:34:00
c1b45206-3554-4742-a0ea-6cec716b2359,1,557,20241120,598.91,14,2024-11-20 20:56:00
0dae647d-7517-496c-be12-c90bd96a7158,49,653,20240627,1532.54,12,2024-06-27 12:10:00
392856b8-beb9-4649-84fb-b9ccce3418a2,42,259,20240930,1941.38,20,2024-09-30 22:43:00
3949a201-aeb2-448b-8fe2-cc8adf6fe791,29,810,20240822,740.86,36,2024-08-22 12:01:00
d560029c-9699-4719-8041-3a7f39028c5a,11,37,20241107,395.24,8,2024-11-07 12:18:00
f4c80a87-6331-48a9-82dd-bb7160557be8,50,49,20240716,719.53,44,2024-07-16 12:17:00
6b7bf04c-2d70-4925-a195-050a56271a3c,14,669,20240721,1559.61,37,2024-07-21 01:30:00
75c88588-f71c-4f85-9895-b587949e283d,11,959,20240820,593.23,32,2024-08-20 11:57:00
26443c44-771f-49e0-a731-17f6f6fb8fd4,38,469,20240831,1036.3,46,2024-08-31 14:47:00
871efdba-62ce-4fae-bbc0-cab56a83305f,6,78,20240610,1203.79,18,2024-06-10 01:42:00
e29c9593-7798-4244-81ef-9a062904cf68,9,963,20240727,513.78,14,2024-07-27 13:39:00
cc973041-e27b-4e2a-95fd-94b2ea3df60f,28,47,20240720,1377.86,20,2024-07-20 05:44:00
4424d313-764b-47d9-99f9-ea649524a894,16,561,20240626,1881.54,31,2024-06-26 11:17:00
2c967968-f24f-407e-ac57-cde108f833de,37,373,20240916,1508.35,6,2024-09-16 16:04:00
42ea7039-565a-4273-8cec-c704a9d5366d,14,852,20240622,968.35,10,2024-06-22 13:08:00
9aad0b4d-3fff-46d2-81a3-5a24b5c098bc,19,153,20241031,1692.15,15,2024-10-31 04:05:00
194f94ec-f503-4e46-9ac8-c8f72c394cbe,8,143,20240623,966.87,38,2024-06-23 05:23:00
4eebc92f-ea36-450e-a2dd-2b52358724e2,5,306,20241031,1123.59,50,2024-10-31 10:46:00
b9d699b4-7ca6-4fc0-a0bc-3fe42c661b28,14,72,20240705,1866.13,42,2024-07-05 22:25:00
1138d81d-3d8c-4f76-af59-b6fe768797ae,32,57,20240809,1213.23,29,2024-08-09 16:57:00
0e12dcde-7f15-499c-b95c-6f73077ad6c7,35,578,20241101,1419.99,21,2024-11-01 14:01:00
b318bf53-b534-48e1-b99b-bec799f6940e,26,322,20241122,1116.85,39,2024-11-22 12:31:00
1aa4a9e4-ec7a-4c5c-9400-86cb5865eb46,11,379,20240816,1062.61,14,2024-08-16 16:25:00
3e007828-4590-4b28-9aca-b05d6bcd05de,18,895,20240928,1629.67,46,2024-09-28 18:27:00
a3aba913-151e-4e52-b842-6870479ea05a,8,363,20241008,1997.65,44,2024-10-08 20:10:00
26e5905f-bb86-4cb0-9885-469cdb360832,37,357,20240727,565.4,3,2024-07-27 23:51:00
a4544308-b94f-4fb6-bb2e-0f0bab412522,11,877,20240801,875.62,43,2024-08-01 08:32:00
ce4e880e-ec1b-4498-8047-50c4da1d5ef7,10,113,20241007,87.57,33,2024-10-07 20:02:00
54e23ddc-3e48-4393-9967-4f440f1ad37a,24,180,20240707,1762.27,17,2024-07-07 01:43:00
6c452345-c03a-4a7c-93ac-87af33e3b7b5,47,958,20240915,1495.9,16,2024-09-15 17:12:00
05c05e89-de35-4c5a-9b8d-8957f4a468b2,45,692,20241014,379.94,4,2024-10-14 05:08:00
eb4f75ce-4082-4b5a-8516-1b1ff8cb8e07,10,429,20241126,516.17,20,2024-11-26 11:29:00
4a3c6aeb-33b8-430c-a0bc-5dd3b2e64f14,9,542,20240928,272.67,43,2024-09-28 11:18:00
5fd1d036-7246-43cc-896d-68f11461541d,25,713,20240920,527.52,31,2024-09-20 22:48:00
cc9f4213-419b-42ab-9341-1a2b07771e8f,5,805,20241013,728.91,23,2024-10-13 13:20:00
ec65146c-9c3d-4d4d-8fb8-3f4b913dee98,18,946,20240816,265.86,5,2024-08-16 02:13:00
74a79f3e-493b-45da-9d32-3e342eba8215,22,785,20240906,518.8,13,2024-09-06 04:28:00
fa303427-52c6-4492-9943-eb0960e195e1,39,10,20241119,334.04,46,2024-11-19 21:20:00
4258277b-759b-43c8-bc91-db7c48f8e0fe,17,579,20240816,126.0,3,2024-08-16 01:46:00
7f43fe86-9d89-45a6-a450-1678129e45bb,17,719,20240905,1203.57,32,2024-09-05 15:29:00
6a992181-4163-4f0a-9efe-89b492f536f7,13,843,20240619,1118.12,46,2024-06-19 23:14:00
d8ab2a03-99e5-48ec-b5de-76e3c6c3f6d0,16,148,20240715,738.39,24,2024-07-15 03:14:00
c4099e3f-ba99-4b5b-bf5d-fa4ab5b0dc69,15,951,20240615,1947.9,48,2024-06-15 05:57:00
a0c8cdc7-1a70-4c05-8501-f2a1b3afe93c,14,884,20240811,1053.89,11,2024-08-11 01:42:00
dd7580a6-ce83-4cb6-a8e8-bed9df1bc340,3,971,20240813,1285.99,20,2024-08-13 22:52:00
e66f6059-5186-430f-84f1-e01af98e44e2,38,876,20240926,529.25,32,2024-09-26 23:29:00
3d0f8e16-364b-4b0e-8684-31df52e81e3b,38,332,20240602,1076.57,23,2024-06-02 00:15:00
b5ff4549-3c48-425b-ad27-9c0d924f364e,26,618,20240717,976.37,4,2024-07-17 23:58:00
bdd585d2-6a80-4f37-a51c-a2b7211a92e2,38,386,20240817,1910.24,2,2024-08-17 12:12:00
3a01a697-416f-4e43-adc8-3af9fee1bd93,43,251,20240914,655.02,22,2024-09-14 14:44:00
432abcb7-107f-476f-9a7b-d2c6c1607765,46,600,20240630,961.12,43,2024-06-30 15:59:00
c7308561-a00d-4ddf-b8f4-2346287da4f3,43,448,20240618,730.94,12,2024-06-18 12:09:00
571e43c1-0d7e-4db5-86a3-6cabd2eda770,39,891,20240623,1163.28,10,2024-06-23 03:06:00
17c14d83-8f4b-4dba-8c08-767fc318f895,27,755,20241004,931.24,12,2024-10-04 17:36:00
5ed1576e-5a2c-4292-9676-4706a6128e19,47,510,20241017,478.35,27,2024-10-17 13:50:00
ae818b8c-2368-4345-9b48-11d4c7e9af25,15,586,20241122,1272.62,34,2024-11-22 02:00:00
af218eed-9f12-4ce5-847c-b5eb117be084,10,932,20241111,794.42,48,2024-11-11 03:58:00
a4c79bc8-8944-451a-9dfa-a06968293a0e,12,119,20240902,1799.74,49,2024-09-02 12:35:00
c70baac0-8a94-4d9a-a727-8a6994b21897,13,858,20240623,1263.97,11,2024-06-23 23:46:00
c2682fca-677f-4697-9731-0d53383efc05,33,765,20241116,1119.42,16,2024-11-16 23:56:00
049917ab-4aab-41d9-8f7f-89071f88ba71,29,225,20241018,482.7,2,2024-10-18 09:07:00
a187d23b-d966-4066-a0bf-44267dcb8f66,18,606,20240710,652.63,10,2024-07-10 15:23:00
a202e7ac-6aed-46b9-a602-984abf41a84a,36,433,20240714,1942.78,18,2024-07-14 10:29:00
a92164c4-824a-409e-a8b5-e026e7dc46b5,40,90,20241027,1918.08,28,2024-10-27 21:31:00
d193ac6e-72b6-4980-a0bf-e103cf9b6568,15,565,20240710,74.35,24,2024-07-10 10:56:00
2ee4968d-110a-4177-9688-7307e076a432,3,535,20240814,77.77,41,2024-08-14 19:31:00
5699fc37-5af9-43bd-b255-e90223ebf2f9,20,475,20240622,1809.24,49,2024-06-22 12:41:00
49d4daaf-3135-4ce3-9d55-dc7a99cc00b3,14,874,20240628,1954.08,19,2024-06-28 22:20:00
3031db4d-a6d6-47c5-9177-523eb832def9,23,846,20240706,1368.72,30,2024-07-06 23:19:00
d6311876-b399-4a22-b3f0-de322f7f013f,29,439,20240730,1131.16,17,2024-07-30 17:04:00
a148aac7-01e7-4379-b041-b05ac4efd0ee,10,817,20240617,1146.23,37,2024-06-17 13:20:00
368e9f8e-465b-45d5-a768-5ce8d0de3345,42,97,20240725,912.72,41,2024-07-25 20:29:00
cfc73229-68a4-48eb-ab4f-6724d9563f32,48,635,20241109,1213.56,23,2024-11-09 09:33:00
0ac05edb-8800-4180-8dd0-b950e1139698,33,902,20241108,87.44,2,2024-11-08 09:06:00
e462ad79-a184-482c-8396-bfa7d7630ec2,15,474,20240720,1159.22,16,2024-07-20 01:24:00
5b52645b-82d5-469b-b21e-e5f7ab6e12d0,36,618,20240807,514.75,36,2024-08-07 08:06:00
25090f1b-5b18-4b2f-9075-3733c3dd7aee,32,193,20240702,1134.59,33,2024-07-02 22:50:00
9b0bac9c-e0fb-428a-b896-208a199f89f4,24,780,20241001,1102.34,42,2024-10-01 04:33:00
2a048375-6b12-45c0-aa17-ab876ca469bb,19,459,20240616,442.26,12,2024-06-16 03:32:00
b70961e8-9b41-4b58-ae93-2acc4856aebb,3,912,20240910,1677.03,10,2024-09-10 05:20:00
e667bbe5-e38b-40ca-a661-d503cbcbc851,43,439,20241023,1673.78,13,2024-10-23 19:28:00
ee831133-3c6c-48cb-bc2c-dd3afbafc26f,9,244,20240613,268.8,50,2024-06-13 11:37:00
6bb08da7-218a-4198-bd0d-b24640032c33,27,495,20241021,1268.76,6,2024-10-21 05:29:00
00396d81-d7d5-4a35-a094-ef883a73d31f,34,396,20241002,158.71,31,2024-10-02 18:45:00
6b608f6a-3393-4a6c-9fe5-9afb3a6c9d86,1,33,20241121,1858.91,35,2024-11-21 03:38:00
42721164-c44a-4e0b-a05e-97195ddf72e9,14,905,20240830,474.38,2,2024-08-30 12:06:00
65016341-d935-43c4-80a2-7a80d89a94d6,38,566,20240621,998.73,14,2024-06-21 02:16:00
3ab6a0b9-da52-4699-ba34-72d4d8e00fa1,43,151,20240708,1432.59,40,2024-07-08 00:15:00
692b41ba-016c-41df-a9d9-ecdfd41c3a93,24,215,20241018,1883.95,32,2024-10-18 10:32:00
8dc36d67-50b5-44d4-b60e-e6c0758fbe1a,46,569,20240826,756.94,22,2024-08-26 15:48:00
eada3499-9f44-4766-aa9d-5f5db85d4b55,25,274,20240604,1872.49,17,2024-06-04 18:07:00
319b8596-803d-4559-b862-e873dee71143,38,158,20240904,879.94,3,2024-09-04 15:10:00
d7ad6f27-acc5-4113-91ac-60ca10021c0e,13,41,20240604,1007.59,41,2024-06-04 03:53:00
0210f67d-a13b-447e-9db0-cacdffa9f8c4,46,782,20240608,1701.11,21,2024-06-08 11:18:00
8b700a89-088e-451d-af79-5efb9d9b5f96,27,814,20240805,498.22,49,2024-08-05 08:51:00
22b8456b-f34c-434e-8fa8-2ecfe5dcd8e0,6,170,20241002,762.89,37,2024-10-02 13:49:00
115bb388-4e15-4356-a3a3-0ecaa1679f8c,22,182,20240816,1697.03,28,2024-08-16 23:36:00
38a5296f-4301-4b1c-b4f5-5d130de77248,14,121,20241120,1420.28,35,2024-11-20 21:57:00
13c2adc5-32fa-45b1-9c57-ac79ddc4fc99,36,388,20240610,518.53,41,2024-06-10 09:20:00
73f3f11a-27b6-4e59-bcee-f6dc41f003e2,19,909,20240618,1771.5,4,2024-06-18 16:07:00
f4466bfb-3773-4f9c-bada-21eda3529108,21,492,20241026,556.21,41,2024-10-26 14:54:00
c9dd8ed6-756a-42b9-a824-2869f3074a39,8,226,20241121,836.84,15,2024-11-21 14:14:00
a339c053-2316-410c-9d23-06fa9690e383,13,560,20240703,499.97,3,2024-07-03 05:52:00
c15444c3-45b8-499f-a649-08beafac8972,16,415,20241031,1266.29,25,2024-10-31 23:41:00
79be94e5-3521-4ac8-8d31-0b4beb1d3c24,24,243,20240823,785.62,42,2024-08-23 14:45:00
93f068bd-d20d-4b0c-af0e-1d0e67834460,17,211,20240804,989.34,5,2024-08-04 15:48:00
791cd1f0-63dd-491c-affb-b3e579342d00,33,631,20240627,1546.73,15,2024-06-27 20:40:00
1c11566c-393a-4cc3-b0ca-a968db7f18ae,16,16,20240728,384.5,12,2024-07-28 11:25:00
3de850f4-f05c-4b89-bf28-3c2448fd1b5c,46,730,20241022,596.33,38,2024-10-22 15:12:00
e3787ea4-8617-47c1-b973-162b7c7c1a18,38,433,20240709,387.67,30,2024-07-09 21:31:00
c9327438-236c-4b3f-b626-4d8e82f1593a,9,818,20240806,735.47,46,2024-08-06 01:05:00
1b39c4bc-1d20-430f-bc89-d8f32cbcf1f8,4,612,20241025,207.36,42,2024-10-25 20:46:00
e63415da-3dde-46b4-a22f-29c10765cdf2,20,947,20240820,1860.5,50,2024-08-20 14:52:00
4700e623-098f-49b8-ad74-f40ce801de98,12,517,20240608,718.52,14,2024-06-08 01:05:00
74909fbe-21e4-4a41-addd-a45e5684f284,11,12,20241104,840.13,22,2024-11-04 02:07:00
a4497327-35a0-4db3-b527-88eac7aa2c1c,38,672,20240712,573.17,22,2024-07-12 07:26:00
6dfe647f-bcfe-4c05-bd35-20f8a6eb6783,6,493,20241011,1765.85,47,2024-10-11 05:26:00
8dddee29-69e4-42e0-8328-10fecefe997e,11,736,20240912,764.34,2,2024-09-12 10:09:00
d2f09043-79ad-419b-bad9-8eee6992b219,42,213,20240818,552.63,29,2024-08-18 07:37:00
59596302-5b42-45ee-a2f1-51722b2f2db4,5,588,20241016,1734.45,3,2024-10-16 02:44:00
9865144f-9688-4145-9a0f-25388d4bceca,29,728,20240912,58.07,9,2024-09-12 17:37:00
b070e84d-d6fc-4699-b606-a0e472cd9256,38,688,20240911,870.47,20,2024-09-11 07:09:00
2c6818a5-e992-460b-978d-67ea9dc8eee4,38,883,20240904,1501.49,14,2024-09-04 11:23:00
1b4ced7f-fabd-48c3-9b36-8801df7899b2,48,751,20240622,787.33,3,2024-06-22 16:21:00
33df983c-27e6-4c91-8f09-36cd54ac80cc,20,757,20240706,1787.11,23,2024-07-06 09:59:00
a3178c4c-77d5-44ca-b1b5-824c7f8347d4,46,466,20240726,1807.41,5,2024-07-26 07:18:00
2cddae49-6251-43c0-b77c-4db5d76ee142,27,46,20240608,1135.24,23,2024-06-08 05:47:00
d8de75a3-31ba-4bab-a0da-f3bcd8a666c4,8,558,20240716,139.29,49,2024-07-16 07:27:00
551480cb-d745-49cf-a5da-c7b98c27ed89,17,865,20240827,437.44,1,2024-08-27 05:32:00
7b1e7a56-84ba-4a17-9e13-a9b0e8c2da89,29,887,20240922,385.59,20,2024-09-22 06:20:00
3dce138d-7c63-4e4b-a8db-8759ce5fc8fc,34,881,20241005,1318.55,6,2024-10-05 05:10:00
776846f2-9176-442a-85e5-8b846eed34f3,49,331,20240924,1517.15,45,2024-09-24 11:13:00
ce3558f0-e056-40af-b423-c0d5170fedb6,38,494,20240810,900.82,41,2024-08-10 02:46:00
be0c9048-0fa0-4659-856b-844296a8cbc5,35,460,20240615,1676.03,9,2024-06-15 17:35:00
f6b9029a-5d33-4066-8f8d-ec64a64e1f16,46,831,20240705,964.7,46,2024-07-05 02:40:00
89a27a3a-98c7-487f-8858-036feb3e5fee,41,930,20240616,917.57,40,2024-06-16 10:07:00
d9818b82-037f-4d5e-8375-f7395836b51a,34,897,20241109,1231.9,5,2024-11-09 09:59:00
0ed44c56-c646-4e86-9886-4bb9bd33a106,42,995,20240618,1970.92,39,2024-06-18 21:34:00
e2709577-d442-46ff-8d1a-766f7891e11e,25,24,20240705,469.66,39,2024-07-05 21:57:00
b2fc1a6d-f6fa-45f2-8a8e-a16b3ac3afc7,19,732,20240914,1184.79,29,2024-09-14 08:25:00
fc859336-e05d-4d61-8dc8-0f79e579cb22,44,244,20240818,1438.85,16,2024-08-18 00:46:00
f32b51a6-67af-410d-807b-62d3b5497a6b,30,443,20240919,1992.77,39,2024-09-19 04:20:00
162c1ec5-afc5-45a3-a9c2-e1a1a0e5d530,36,485,20240611,960.54,31,2024-06-11 23:26:00
3ef5aac1-ab0d-4d32-8aa5-d0280d1e0030,15,28,20240603,1589.22,6,2024-06-03 07:26:00
6a1d8a35-62df-4a24-a126-8d7cc4056b10,28,943,20240722,1695.6,39,2024-07-22 22:00:00
2271e25e-865f-4ba2-b26d-46c320905935,36,415,20241030,312.38,5,2024-10-30 23:05:00
06f63cc0-315d-4d0e-8ba9-b8895dbfc9f7,15,110,20240618,1861.36,2,2024-06-18 03:09:00
db54eeb5-83f9-4249-8497-5a84499526fe,30,51,20240615,582.78,30,2024-06-15 09:20:00
444cb915-8a66-4c8f-b052-87b2100a600d,45,280,20240723,1204.33,34,2024-07-23 14:56:00
d8f9d04b-83bf-43b1-9381-514f9832ef59,16,605,20240612,268.36,18,2024-06-12 01:52:00
0bcedde7-b080-4ed2-afdf-518a19701a6a,29,223,20240806,1564.85,6,2024-08-06 08:25:00
1ac148d8-5b52-4502-a223-1f1d9d16c2fd,14,180,20241005,980.16,15,2024-10-05 15:01:00
26ffc575-29d3-44ec-b854-c76fa92f80ce,8,995,20240916,205.59,31,2024-09-16 01:02:00
ab3a83ab-dbd4-404b-8333-95622e4d0aa1,5,1000,20240614,1699.56,23,2024-06-14 13:38:00
e18c3804-a82b-4878-a7e4-d94b69f3352b,24,846,20240611,352.49,33,2024-06-11 03:31:00
20ae6c55-aaf3-4a93-868e-3e30a7434c8d,27,579,20241103,1079.35,47,2024-11-03 05:53:00
8d514547-b132-4d57-82e0-b8e508c3c991,27,203,20241018,695.36,32,2024-10-18 02:12:00
a667fe15-5478-494f-835a-8220bb2e3b8f,22,581,20240905,1788.23,13,2024-09-05 06:19:00
00cd1898-16ea-4c33-a936-22396f1d42d5,32,371,20240712,67.56,1,2024-07-12 05:59:00
91d81096-8439-41ca-a31e-61b34b2ee3bf,5,780,20240623,1929.9,1,2024-06-23 15:14:00
14430d3b-aeec-4b05-af5a-d958041a2777,30,113,20240928,994.81,11,2024-09-28 11:54:00
f9d31f2b-8d02-44c4-8712-c41279f8006b,8,51,20240913,825.08,8,2024-09-13 11:09:00
78418351-6684-4132-aeec-95cb59456503,13,737,20240911,584.28,13,2024-09-11 12:17:00
37ed47d3-5ec0-4b2d-9038-afe97da0c1fb,32,587,20241102,1138.24,29,2024-11-02 00:57:00
e77cfa38-42a4-468b-b1b0-50ecbadd4599,23,838,20240923,385.68,33,2024-09-23 11:24:00
73069da0-e354-4ae6-bad7-b553cb078750,49,343,20241019,788.26,34,2024-10-19 18:06:00
e54e8050-2881-4149-818b-1d268939150f,40,510,20240711,713.13,24,2024-07-11 17:11:00
fbc8109b-9cf1-4340-97a6-f1b9d695aba9,5,671,20241023,1192.37,22,2024-10-23 00:19:00
79a945cd-28f6-4695-a3dc-d14327142398,9,109,20240827,723.46,28,2024-08-27 15:16:00
0e157eb2-03af-4357-8efe-e04f3f13f608,49,802,20240711,1465.69,23,2024-07-11 02:19:00
efd3bdb9-0c6b-4e7e-8124-c8f1ed579e7f,45,192,20240703,1872.09,16,2024-07-03 04:17:00
6aa040a6-f542-4ca8-be34-8c866e690e6b,24,704,20240708,892.26,7,2024-07-08 00:57:00
f5dc40f8-91f9-49a4-9bb0-2f9d2ff80253,13,67,20241119,1033.14,11,2024-11-19 06:30:00
6318ef8c-4b38-48a3-a001-bfee61a41755,36,389,20240717,1613.45,20,2024-07-17 12:41:00
03e6a762-1255-49ee-91a8-13bc98f1bbfb,19,521,20241103,410.12,49,2024-11-03 06:58:00
bfa074de-90be-442c-8450-90192454f1c6,31,694,20241107,1475.83,23,2024-11-07 22:23:00
0df13b44-b1fb-4055-949d-3f3f08e45811,8,790,20241117,1660.81,26,2024-11-17 05:45:00
a3858872-b4bf-4ac7-8fde-8d6f1ef6f100,21,605,20241009,232.87,19,2024-10-09 00:55:00
ed38ca35-195d-49f2-ac36-8ce4f1765a0d,46,626,20240924,179.14,39,2024-09-24 12:49:00
03a28d51-d46f-4fd6-96ba-861295148774,50,229,20241112,899.9,30,2024-11-12 22:19:00
525948ba-1be7-44ef-9525-990f5052626b,23,171,20240923,1336.05,37,2024-09-23 12:40:00
d8be9ff6-44f1-4c6e-a1fe-3cb01742a4ba,30,358,20241016,1975.71,47,2024-10-16 17:16:00
77858304-4784-428f-a484-84cf556f6543,38,709,20241102,206.08,7,2024-11-02 20:16:00
47487276-5a0d-4a1f-9209-90fae4f0dae5,25,955,20241027,1894.79,21,2024-10-27 17:32:00
60419e9c-2977-4526-8209-63dc63f7308c,47,186,20241123,848.74,3,2024-11-23 12:41:00
88ce00d7-e4f2-4415-b4bb-bf9ec4f46963,34,92,20241120,768.51,4,2024-11-20 12:21:00
d244b53f-b63f-489a-b3f9-bef1d24feb4c,49,437,20240605,164.52,45,2024-06-05 04:41:00
76e57612-6a5f-4f50-8615-e7a3071557f2,34,344,20240801,1496.2,42,2024-08-01 01:50:00
12dc4fe9-fbcb-44d4-b0c6-fd3decfb8dbf,6,241,20240627,1164.3,30,2024-06-27 03:38:00
418ca63e-8771-4e9c-84ce-386a91894c45,30,136,20240723,1829.04,14,2024-07-23 00:42:00
79d5db50-b258-48e6-84cb-a970bc28d081,26,593,20240827,1916.05,21,2024-08-27 12:51:00
4d7908f7-225d-42d6-b3df-bbb0221e92b7,8,738,20240623,318.13,31,2024-06-23 22:46:00
b0fc35d8-aafa-4762-9b64-98a380d3b173,12,294,20240617,242.27,6,2024-06-17 12:53:00
4f57d5e3-9401-4312-a083-8037b86547b1,1,432,20240919,974.49,43,2024-09-19 14:43:00
72bf53b4-e8bd-4277-ad79-87ab98795afb,35,816,20241004,1478.25,19,2024-10-04 04:32:00
007a0ef1-40a3-4fd7-92d7-e9f8b43629cd,5,510,20240728,378.8,27,2024-07-28 16:08:00
ec8177bf-3f94-4d1f-a8fe-11b5a997354b,44,644,20241101,1000.6,5,2024-11-01 10:05:00
a5016f03-9a19-42d9-b14a-0dc4467e446e,6,451,20240916,842.24,2,2024-09-16 07:17:00
a3a26772-254f-4d0a-b254-2b70354e3071,34,375,20240918,1576.06,13,2024-09-18 04:25:00
83b59322-6886-4729-9597-f75931a9b042,43,855,20241124,861.08,8,2024-11-24 02:19:00
d0e529b3-27a4-49c1-bfd4-571dfc030038,9,688,20240810,554.23,40,2024-08-10 22:09:00
3873e588-5e7e-4431-8653-1826b132fb2c,26,60,20240706,291.61,46,2024-07-06 02:23:00
d765e6af-12e1-44b6-9cae-53f42aa79fa0,42,176,20241019,681.83,27,2024-10-19 15:15:00
4bc9ef09-18a3-433a-9ba6-d42b1b694882,44,996,20240826,1651.36,28,2024-08-26 06:16:00
989e0856-bbd2-49e1-86ef-29a2ea1a1ed0,31,199,20241118,1636.81,35,2024-11-18 02:33:00
7e4f5fe5-3026-4976-87e1-2db9ccd9d7a6,41,95,20241022,850.15,27,2024-10-22 13:36:00
7bf0242f-f53f-4b6e-9a08-a8bf2edc0ec0,30,284,20241028,60.48,10,2024-10-28 07:19:00
57946cda-3412-40b6-91b6-a2dd9df56031,18,830,20240704,1452.51,16,2024-07-04 13:37:00
681fc4f2-6c04-4e88-b5ad-b6e36195ba2a,22,863,20240808,1345.0,12,2024-08-08 22:23:00
74f02b18-f11a-4a10-9ec7-8a55396d14af,28,54,20240812,1447.33,11,2024-08-12 11:20:00
3599314e-275c-4bff-a424-79c6de0cd46b,9,921,20240612,179.14,12,2024-06-12 01:07:00
eeb4a2e0-586a-4018-9507-87f04a45b114,30,463,20240617,1013.82,48,2024-06-17 00:04:00
a9677ccb-8ab6-4c30-bf5b-603929af2bf8,44,676,20240609,1835.19,29,2024-06-09 06:00:00
60420962-7a75-47f5-a900-6e37ed18376d,22,164,20241001,1557.73,50,2024-10-01 03:52:00
b471d43e-8ab2-4dba-81e1-449b743bf149,39,471,20240609,1065.84,41,2024-06-09 20:45:00
d54743f8-1f28-4f94-8961-302ae79b04c6,10,157,20240921,946.19,19,2024-09-21 00:02:00
58cb9f72-3eb2-4168-8f55-83e03f604f04,9,702,20241104,51.86,19,2024-11-04 14:15:00
9c704b80-10c9-4469-9633-7f272e7b230c,44,764,20241017,1038.22,38,2024-10-17 03:30:00
7fcbc13f-198f-4572-8730-5fd0a7616856,30,911,20241025,882.44,11,2024-10-25 13:17:00
444f926a-ad89-4faf-8b15-fe721cadd79e,16,806,20241028,1302.84,14,2024-10-28 11:46:00
ea4ab8db-8ce4-4be3-8780-85a1325bdac2,3,739,20240905,826.62,7,2024-09-05 13:37:00
216ca592-ef6d-40c5-b842-25619b607095,36,252,20240725,199.96,47,2024-07-25 22:15:00
2bc1f99a-6b12-45d6-b8ae-366aae12f52a,12,732,20241127,1771.15,31,2024-11-27 17:31:00
abc8f783-902e-47a0-813e-f038d61b0ee0,8,481,20240601,620.74,29,2024-06-01 22:58:00
b3cbc1c6-47bd-421b-93ff-b6cca8df013d,9,431,20241011,386.74,47,2024-10-11 03:15:00
72cbb110-5565-4633-bd8a-f5989e0df502,23,968,20240910,691.08,37,2024-09-10 20:49:00
a2ce40e5-9259-4800-842d-f8eb72c06bea,40,435,20241126,905.42,34,2024-11-26 23:54:00
110823d3-16ef-4b57-93ad-68cdbcceea68,38,534,20241123,50389.23,4,2024-11-23 18:35:00
ab060378-edce-4d67-95c0-992688288fd0,27,861,20240805,1009.47,29,2024-08-05 15:35:00
31f5d60e-474a-426a-8122-0e51111bb4c9,38,518,20241016,975.3,24,2024-10-16 03:29:00
637ca9c0-b469-4bd0-9469-1cffdc4e0f8a,2,332,20240622,1944.23,30,2024-06-22 22:21:00
140c2bf0-2a28-4a73-8cfd-1b761e49a17a,9,886,20240606,1936.1,8,2024-06-06 18:55:00
4d7bd0fe-fb3a-45a1-b96f-050b5d398164,33,328,20241114,1958.18,35,2024-11-14 22:41:00
7783154d-018d-4842-bf4e-6343f89d1cb5,41,411,20240624,1851.24,47,2024-06-24 05:04:00
e511edf5-083c-4b68-b1da-3b2463699855,37,68,20241001,280.74,32,2024-10-01 15:47:00
74a99dba-c71a-4fb2-8424-6959d9d02edf,37,407,20240618,1917.98,38,2024-06-18 18:58:00
58ea63f2-aa3b-440c-b6c2-5508575da577,1,644,20240930,886.62,16,2024-09-30 07:29:00
887ef450-d058-4284-8f83-39a4caa4537f,12,589,20240722,881.12,49,2024-07-22 19:36:00
d9df60b4-ded5-483d-80f5-fbe533a0191c,48,736,20240824,1433.59,39,2024-08-24 19:50:00
9a42d6cd-522c-4d3e-bf7a-3776b001aade,13,529,20240811,994.57,48,2024-08-11 08:56:00
38f6b2c2-fc15-4a20-94a5-154a64541d32,9,564,20240615,898.65,16,2024-06-15 21:51:00
135f33e1-389f-4a59-88de-dd99ec7a4699,33,281,20241012,750.31,33,2024-10-12 07:45:00
e393ce9b-3714-4473-bf79-aba0b9432aa4,28,422,20241016,79783.4,28,2024-10-16 23:16:00
cf725e3c-fddc-4ee4-b884-27f35f7b85aa,24,412,20240915,686.16,36,2024-09-15 04:45:00
f9dd05ea-9237-4e9f-8b44-3b64e64029ce,14,83,20240817,98.64,28,2024-08-17 13:16:00
bbc7cd8e-e5b3-494a-976e-1cf83f998ec1,50,735,20240714,1396.49,19,2024-07-14 15:06:00
3fe45e35-d5ab-4e36-b42b-9cbf658bbc87,37,220,20240608,900.06,36,2024-06-08 22:47:00
8571a5c3-79bd-4f4b-83ee-3275826dd109,15,16,20241019,95.31,47,2024-10-19 08:18:00
4ac396c5-038c-49b9-a38b-7c91893d8406,12,185,20240819,831.92,43,2024-08-19 04:47:00
bfa01c29-1e4b-48a5-8533-c8a2254a18e6,4,219,20240905,1603.74,2,2024-09-05 05:35:00
515294d9-c78c-4536-bae8-d8bbf06499cb,28,792,20241107,622.5,48,2024-11-07 08:59:00
741fdf1e-43e4-4031-8c5e-92320dc02911,11,882,20241024,1133.11,34,2024-10-24 10:38:00
1ab810ae-f4a5-4e52-b3a2-01e66089017a,16,252,20241028,1108.77,15,2024-10-28 18:50:00
fc5d8b34-40e5-46bd-b3ff-fa98a5aed4bd,35,489,20241029,1768.44,11,2024-10-29 09:45:00
ee23a68b-b80c-4f63-94d4-34b9f3a251e8,46,992,20241105,1905.45,34,2024-11-05 02:28:00
35f7fec7-2f69-4696-b276-34612ce38b6d,2,812,20240903,471.31,42,2024-09-03 16:40:00
1fb1ada1-9c29-4748-b6cd-f60bc1f64517,24,503,20241013,1333.19,44,2024-10-13 14:12:00
eb811db3-2096-4606-8d56-75f8a0fbd512,15,378,20241014,1073.37,42,2024-10-14 15:07:00
a6250282-9f46-4a91-a25c-63e66cece583,48,640,20241006,858.67,45,2024-10-06 22:42:00
b69134fd-164c-4a53-a293-82289d532b78,17,977,20241118,437.33,34,2024-11-18 03:57:00
0460e677-09f1-44c3-a01e-a5e1c1949906,2,53,20240912,441.12,3,2024-09-12 19:09:00
0d1370ce-438e-4d39-9fd8-72739634a31f,11,133,20240701,1254.22,13,2024-07-01 06:32:00
57d9cd28-625a-4444-bdda-aad8a8188687,15,294,20240731,1132.75,12,2024-07-31 01:01:00
8ef1c7bc-81b7-46a6-9d9f-bc19f9a05689,20,626,20240711,654.14,23,2024-07-11 05:17:00
d8c2c991-cd5c-43f8-8f4f-7e62eee45415,35,494,20240826,1430.63,20,2024-08-26 19:49:00
ec2ce322-7b7b-4e24-b82e-25cce8eb4227,31,94,20241009,714.44,8,2024-10-09 01:01:00
cfac919a-2d84-4b45-925f-fa08ca5922ec,9,244,20241008,865.13,4,2024-10-08 08:56:00
b28c02b0-7e43-4f2d-a1d5-c555b7e9377f,46,53,20240917,1612.51,17,2024-09-17 01:13:00
6da92fe5-fef7-46f8-94f4-c29e952b1936,2,653,20241013,583.55,31,2024-10-13 04:21:00
e4f295ba-d5c0-4e34-9a80-847219b54908,43,80,20240909,953.35,30,2024-09-09 11:53:00
e4ddc3fc-1ccc-4b70-9012-9b312c7e6202,28,393,20240623,535.99,45,2024-06-23 13:58:00
74ca0c26-5985-41d2-95cd-7b1c3b2d3270,43,187,20240721,478.18,36,2024-07-21 20:31:00
cc0acc1a-0c06-4f46-b801-f555a1bec289,18,458,20241114,962.31,13,2024-11-14 18:01:00
10408a82-d157-4f94-83ae-a229aa7316be,21,581,20241125,877.37,48,2024-11-25 22:44:00
d66fc959-424e-454f-b7cf-b688c4af4b54,3,721,20241025,515.01,23,2024-10-25 00:04:00
75f7ff0d-366e-457e-8760-d7886ccb1b7b,36,240,20240820,830.66,43,2024-08-20 10:25:00
053a9d38-e1de-4dbd-92e7-b2d959e6d2ad,32,217,20240816,1081.27,30,2024-08-16 10:45:00
96d99da7-e618-4e48-aa91-c756fc0c863c,30,952,20240913,1049.78,44,2024-09-13 11:40:00
ce467953-8a0a-4d07-9128-2bc9d7279f63,37,623,20240927,1773.59,13,2024-09-27 06:34:00
0484f13f-3298-46d7-917f-7414c29d187d,2,42,20240919,1066.81,3,2024-09-19 10:37:00
60c4b707-fea1-4128-80a5-b15fb707b8d8,40,604,20241118,1147.58,39,2024-11-18 23:10:00
69b2ccb7-9616-430d-828d-21b55425d393,27,538,20241016,1745.64,45,2024-10-16 13:25:00
75d28896-228f-4ce5-a605-2f47c6b0b828,49,887,20240621,599.23,25,2024-06-21 16:55:00
08ec8aa2-3d76-41ab-8ba7-e9055929cb02,7,206,20240612,906.78,31,2024-06-12 01:09:00
a5e1484c-a56f-4090-9841-81e5cb40387c,18,62,20241004,1217.49,30,2024-10-04 21:06:00
1cfeda98-a39d-4ceb-8124-cd43adee565d,43,337,20240603,100.52,42,2024-06-03 07:02:00
2f508074-91b9-4ea0-b6be-256916181f7e,14,213,20241125,1910.75,50,2024-11-25 17:15:00
96ed5efe-6243-4aca-ab2f-bd52390cbbd3,4,663,20240801,346.97,6,2024-08-01 14:40:00
c1b8366a-450a-479f-a489-3f9a0d4b73c5,39,388,20241110,908.6,41,2024-11-10 22:16:00
07126e19-d6b5-43b1-844d-b1e9f9fc40a2,47,350,20241007,890.56,32,2024-10-07 10:00:00
89860b40-7f08-493e-bc97-57259336d978,48,915,20240905,215.05,12,2024-09-05 16:32:00
a7fd8365-2207-4de1-950c-c6d204e2d0ac,30,901,20240917,1762.65,12,2024-09-17 06:58:00
cf06b8b8-420d-407b-a0d2-5a4ac525fefc,6,360,20240820,1270.3,13,2024-08-20 20:44:00
dd5a7706-3c4f-4de0-b7cb-eba8be93cca5,23,566,20240905,305.85,26,2024-09-05 09:38:00
f78543fd-52a7-462c-9b2f-bfc17814dd71,17,644,20240612,375.64,25,2024-06-12 06:12:00
61dbd717-340f-40bf-821c-ec4986298313,32,127,20241009,1224.23,36,2024-10-09 15:22:00
eff0a8c3-a0e1-4173-be48-7a4fd6c57f45,10,835,20241109,1396.42,30,2024-11-09 18:01:00
fcbd3621-f958-401a-9f3c-7859c9d81399,28,971,20240705,362.07,39,2024-07-05 17:07:00
0220b68d-49fb-4411-a190-54a985937ecf,48,338,20240808,530.17,21,2024-08-08 23:11:00
55a77762-fccf-40f6-a172-adc353d8690c,35,62,20241006,498.72,13,2024-10-06 12:08:00
75964167-b96e-4028-9d0b-ddc9371d1232,49,102,20240907,968.0,8,2024-09-07 11:06:00
2a48afec-0d9d-4031-ba6f-a6bb6036b6a4,20,318,20240915,1356.52,21,2024-09-15 22:37:00
115c4e41-cb46-47e6-8e53-2d1593b7000c,21,651,20240730,1662.87,32,2024-07-30 13:52:00
8f23bb5a-da1a-4f81-87ee-99edc64b8487,34,917,20240825,1054.73,33,2024-08-25 12:11:00
ddea38a1-5656-418d-a673-69cdf2633eea,48,843,20240928,1338.31,13,2024-09-28 11:26:00
9a8fc5ca-bec3-4fd9-ad56-cfb615d928a0,19,879,20241022,916.72,7,2024-10-22 09:45:00
70da1ee3-38dc-41ab-b5b6-73c9b5ce68ba,28,794,20240822,164.06,37,2024-08-22 11:58:00
00cb5552-f369-4d96-8662-6897a8240e4c,7,564,20241112,1010.03,18,2024-11-12 18:37:00
29fa34eb-d3ae-4241-a197-b4c53d8475d5,12,469,20241026,632.87,21,2024-10-26 22:17:00
f5cbb40f-ab13-446a-8426-c74b53b6fd6b,32,902,20240904,1824.13,32,2024-09-04 08:42:00
7cf47c99-abc1-4dc7-be13-6457253fccb7,36,908,20240910,402.75,4,2024-09-10 05:01:00
76ffddae-472d-4b21-9458-56ec8671160b,9,295,20240708,1541.76,17,2024-07-08 19:31:00
2a5c5f04-d6e7-47ba-bb24-a67db98d7ff9,29,636,20241128,262.27,26,2024-11-28 00:28:00
cdc61f33-e39f-44d6-880e-f8867e28f488,19,843,20241103,149.01,12,2024-11-03 13:04:00
3c962ba0-d7a9-4de9-ad2a-c7977de57166,48,476,20241124,759.04,27,2024-11-24 01:36:00
20e0c1f6-b92d-4a7f-983c-59271cedb725,10,498,20240901,1455.88,17,2024-09-01 06:43:00
0997ad15-2743-483c-b418-cf6e52442948,30,592,20240822,1765.77,43,2024-08-22 16:11:00
ca7f17e8-ca45-4381-a95f-da7930274dab,25,218,20241102,728.94,9,2024-11-02 20:59:00
45a6e112-cd64-485e-83ba-3101bd51ecd2,6,548,20240615,1291.85,38,2024-06-15 13:31:00
8bd8c5c8-9c3e-438b-b4e3-b1e114813faf,43,400,20240912,53.25,5,2024-09-12 15:39:00
b2811331-19bc-414c-848c-448f674efe8a,39,122,20241031,1638.32,23,2024-10-31 03:12:00
55c186d0-ea7a-4491-92cb-1793b40aa467,22,684,20240629,1642.17,50,2024-06-29 20:32:00
f2ccd081-0636-4530-9ef9-c0a3036cba34,11,675,20241125,1830.6,22,2024-11-25 16:27:00
adc6b00d-2a74-4292-87b0-7c15ae6e2f4c,11,82,20240925,1737.41,30,2024-09-25 14:28:00
1f603c29-19ba-4d91-a851-78c5f48999a3,11,987,20240725,1806.21,35,2024-07-25 02:44:00
90c11e74-378f-43b5-82eb-682773df8edb,10,576,20240607,1730.05,44,2024-06-07 14:51:00
63602f42-dffd-41fd-a33c-a6beebab4e6f,30,349,20240731,432.01,37,2024-07-31 17:51:00
b0c77956-eb44-402c-8120-be265e882219,34,672,20240824,1546.5,21,2024-08-24 05:31:00
3b5c844d-4d1e-4eae-86ec-9a4d4cbf869a,6,671,20240904,869.75,23,2024-09-04 05:41:00
b73950b6-cdea-476a-a26f-be09d5e7703e,48,812,20240910,1091.14,12,2024-09-10 10:22:00
b6c3d0cb-00ce-4005-a9bc-ecbe99392c31,32,857,20240922,84.86,37,2024-09-22 01:35:00
aaf429ad-04e4-453d-8b92-fcb340b98e5f,16,778,20240907,1795.39,45,2024-09-07 02:33:00
fd7fc667-99aa-472c-a60d-4cce401c2d32,49,653,20240720,1226.28,5,2024-07-20 19:56:00
42ff362c-4e46-4446-be6b-06752753f4c4,45,250,20241005,1617.26,4,2024-10-05 05:06:00
0dbefb60-24bd-491e-9abe-704d7f32ab48,44,255,20240921,580.23,7,2024-09-21 23:50:00
c5a26a21-b61c-4794-8f14-97a0ad5a0c7b,21,2,20240819,1244.16,47,2024-08-19 07:02:00
ca615150-b1d6-4189-a4a4-a80145eb9dc9,46,168,20241126,1272.44,4,2024-11-26 04:29:00
f61f749e-6e19-45b6-9930-317b7b8acc85,11,145,20240919,1490.83,17,2024-09-19 14:24:00
f5d08ebb-4c7a-4e13-94ed-9be467b95861,7,318,20240610,226.17,23,2024-06-10 05:31:00
306178a3-57f4-41fa-b422-6a644695c5ed,35,129,20240629,1428.44,42,2024-06-29 19:08:00
0d1fbe8d-c037-4678-abd9-9973f49a39e7,24,604,20240605,240.93,14,2024-06-05 04:38:00
803872b7-e3c1-401d-866e-3e30af05f83d,21,951,20240713,252.42,35,2024-07-13 08:54:00
46dc727e-1e3b-427c-844a-1c3edb70cbea,3,8,20240606,436.18,31,2024-06-06 01:05:00
d9e0eb54-4f10-4306-b823-1061cd9395d0,3,137,20241030,1844.74,39,2024-10-30 19:07:00
95e29344-774d-44a6-a873-eea6301dd9b6,23,892,20240802,1368.66,50,2024-08-02 15:02:00
208f8fa6-fa63-4147-9bea-0f61fa3a813d,29,993,20240811,107.01,9,2024-08-11 10:59:00
ed4cf7bb-50c2-4de7-a814-9909fb985a8c,22,622,20240830,1550.37,6,2024-08-30 21:08:00
5483f0f4-fc95-4c7b-a55b-ca63deaca9cb,24,384,20240621,1091.1,34,2024-06-21 08:36:00
de36c58f-acc5-406d-a9bd-50884f9c3480,13,193,20240703,901.78,26,2024-07-03 01:50:00
7160a0a1-cec3-43fe-b3f9-99778ba89cc4,9,225,20240721,606.4,38,2024-07-21 12:07:00
838b3157-49dd-4d19-ae19-25cddf8da146,48,319,20240722,1812.39,40,2024-07-22 01:28:00
bf29bcdf-3061-4144-8c82-f0957a984ec0,32,924,20240718,902.76,32,2024-07-18 08:10:00
f8101840-3534-4ddf-8ff5-e2f0d25dd6c7,4,769,20240626,98.02,21,2024-06-26 22:11:00
3ffb861d-b66c-4fed-9824-268fbf4a2541,4,199,20241111,820.3,36,2024-11-11 07:14:00
bbe32c79-084d-4ce4-93ba-98b7afed0c1f,11,128,20241025,1845.3,21,2024-10-25 05:52:00
ab6912c0-ad39-40ec-bd77-3e818841f5d1,21,168,20241024,765.05,11,2024-10-24 09:42:00
6e128083-251b-441b-8c89-1f0894db5dac,41,831,20241118,1066.8,26,2024-11-18 12:47:00
bda16eba-2c47-491c-93a7-453b73ab110e,43,130,20241020,216.77,27,2024-10-20 23:32:00
b3d2455c-8db2-4e21-bf06-ac5d7b3c72f5,29,774,20241011,729.25,40,2024-10-11 01:42:00
44d7568c-a572-4293-b53b-7014938d9552,28,521,20241115,917.15,21,2024-11-15 07:48:00
fceac6e5-c183-425d-802c-cadb317c9116,30,494,20240630,887.16,35,2024-06-30 14:49:00
43187bda-dbd0-4a54-8498-4e080a003854,12,177,20240617,1265.33,31,2024-06-17 12:18:00
01d2e3d2-40a8-438f-b8c4-d51907ec85ed,1,909,20241019,1560.1,18,2024-10-19 18:24:00
1f547eb8-7789-4c93-a560-c7566e7d0d68,14,384,20240805,1050.92,29,2024-08-05 08:49:00
132bf822-a57e-4197-a2e2-2af427f4ddad,31,361,20241127,238.25,1,2024-11-27 18:47:00
856b8122-6604-445c-a3d9-183afcb12c34,28,823,20240718,217.36,45,2024-07-18 01:25:00
e4a0cff8-d27c-413c-bef9-cc642d6f3854,47,865,20240917,1938.51,5,2024-09-17 11:48:00
36c6b931-1581-4b57-8ed1-91df9348a06f,13,870,20240611,379.46,1,2024-06-11 08:39:00
972fe5aa-f2c7-44de-8d1a-4a638a6e8cfd,15,483,20240625,181.16,37,2024-06-25 16:19:00
bf5c5bae-a353-45f2-8814-4b90b96163f4,30,349,20241117,1079.3,32,2024-11-17 21:32:00
4b2fe402-cf2a-41eb-8760-a1d4ba026eec,1,402,20240730,437.63,14,2024-07-30 22:56:00
201524a6-6eef-4609-97fd-9f8beef940f6,46,372,20241005,1736.3,34,2024-10-05 12:32:00
33472657-b82d-40e6-b021-24ab9f5c3a20,36,608,20240607,1607.73,1,2024-06-07 00:40:00
f622bd63-2b86-4182-a721-deb359b1467e,34,693,20241024,374.68,19,2024-10-24 12:04:00
ca93b42c-5a60-400d-aeda-c9b0beff2f96,39,471,20240715,1556.85,40,2024-07-15 00:16:00
7726e257-3c8d-4078-89ff-332dc69a44b2,43,98,20241109,512.21,2,2024-11-09 18:02:00
4040bb18-7815-4ce5-960b-60da53a7db39,19,232,20241030,1445.77,28,2024-10-30 21:11:00
4fef0f20-1ac7-4e33-880f-f36298f6e26c,9,2,20240917,849.46,1,2024-09-17 02:53:00
28345eb2-e20d-4eb0-bb10-a52e8ca78362,49,980,20240609,411.96,40,2024-06-09 08:12:00
39e37720-844b-47e3-83bc-495a35dbcb37,16,945,20241111,1665.11,14,2024-11-11 20:41:00
4257a785-f636-4939-bbb7-148767182876,34,173,20240723,1479.7,24,2024-07-23 13:17:00
c1256572-f555-431f-9c83-a5558f054c18,16,998,20240804,1514.47,25,2024-08-04 17:30:00
c4d5b04e-a332-45f4-b180-82cdd2b665c2,4,10,20240717,1544.81,19,2024-07-17 00:44:00
fd85b9c9-8fc0-4f72-b563-bdc2305a2580,16,215,20241116,1240.17,50,2024-11-16 01:51:00
f5bb3384-941c-4ab9-b3b0-5861ffb7b791,30,755,20240606,1653.17,39,2024-06-06 12:11:00
e0075620-6214-44ff-9c53-e051652722f9,5,695,20240705,448.38,49,2024-07-05 12:57:00
fcbc9238-b321-453c-8823-79cdd2ca07f0,18,611,20240611,701.15,50,2024-06-11 03:23:00
7e21402b-71a1-4fb7-adc2-ddff18d81a10,41,955,20240720,1110.82,1,2024-07-20 06:58:00
86f8b69c-8977-4a26-bca9-e270bd886a28,34,590,20240804,989.11,10,2024-08-04 03:34:00
c8213ef6-c132-452d-992b-5aa8352eaab4,6,581,20240907,168.63,14,2024-09-07 00:34:00
ce25c039-1a1e-4e71-9d90-13ec1881dffd,3,741,20240922,770.52,47,2024-09-22 02:11:00
eb9e57fa-0094-40bf-bd4c-d510e59f6b51,47,6,20241005,1473.1,21,2024-10-05 03:40:00
6e3e5b73-6eac-4104-89ec-7510c176259c,27,654,20240710,1393.21,33,2024-07-10 15:16:00
d66f2935-9f5c-4fa1-b97f-c21210d9f280,18,153,20241029,1273.57,9,2024-10-29 23:03:00
31b074b7-e3a8-44df-a2be-58683daf319d,9,157,20240828,1261.23,34,2024-08-28 20:00:00
6949421c-b019-4db3-b62f-5a6da0231a95,32,207,20241014,534.32,19,2024-10-14 21:20:00
210a693d-a5eb-4225-8314-7dcf2cf6a10c,20,516,20241109,1616.19,1,2024-11-09 10:46:00
f5a2adf1-bdbe-4e60-85e4-8519a344153a,31,808,20241001,1961.98,28,2024-10-01 23:08:00
460da1e8-e034-4a5b-910f-f1e525b54cb4,17,375,20240821,1683.45,5,2024-08-21 17:33:00
2154918f-3c12-4098-a338-06a9e2217945,2,36,20240715,753.97,21,2024-07-15 16:01:00
50fd886c-b730-4e06-9290-a451c6be5374,31,459,20240817,486.68,32,2024-08-17 21:34:00
3a799d1b-b970-42b1-b720-bc7b198ab4bc,35,237,20240730,1077.16,22,2024-07-30 06:16:00
bb8c02ef-19df-48a3-8414-0a6f22de79cc,27,795,20240622,123.37,15,2024-06-22 00:38:00
f17c21b8-7b68-4e09-8da6-ba77b3a384fc,21,829,20241106,1775.68,30,2024-11-06 00:57:00
d349571d-e583-4bd8-bfc5-270f71aad825,39,499,20240811,657.71,38,2024-08-11 00:20:00
8424c613-23b4-4c05-b85a-96deca02d8fc,29,510,20240920,1942.1,25,2024-09-20 14:31:00
2c9b5ee0-f0ca-4b41-b03d-f1f25c75b03d,13,980,20241028,1050.39,19,2024-10-28 09:47:00
eeadb72d-511b-4022-afad-94a8a7700f8e,14,637,20240603,152.03,13,2024-06-03 04:07:00
5b1f234d-85b3-4dca-8545-7587dd93ab53,9,949,20241122,1517.14,45,2024-11-22 16:56:00
106b5ccd-f19e-41a9-8fef-89f5837b3a92,14,217,20240619,951.02,42,2024-06-19 16:08:00
926b7071-1c3f-47f9-aaa2-f3a396a5e833,44,368,20240728,1641.21,9,2024-07-28 10:41:00
95729a38-4b4b-43a2-9a11-700f685d194e,46,127,20240627,1414.66,13,2024-06-27 06:56:00
0ea5ecda-ae57-464b-ac6e-eb7bf8e5f920,32,105,20240718,328.19,24,2024-07-18 09:27:00
12f84c76-7cee-4a35-83d6-1a188c32abc7,7,440,20240606,1538.55,30,2024-06-06 09:35:00
43ba0638-b108-4cb2-bd49-67386484010d,2,89,20241104,1176.38,22,2024-11-04 19:53:00
ce65454a-ad11-450b-89e3-ac9b55350505,44,732,20240805,1824.1,33,2024-08-05 06:08:00
451bd4a4-222c-47c3-a999-ea3b90fbea7a,26,454,20241008,1230.75,24,2024-10-08 16:26:00
74aa87df-5ba7-4d7e-9543-efe7c43428aa,12,641,20240609,1508.95,10,2024-06-09 05:44:00
137186fb-4a44-4835-bd9a-be40f5b045f2,46,38,20241101,708.39,12,2024-11-01 02:03:00
ca60ff72-789e-4948-8211-70e7035fd4c3,26,695,20240912,1787.09,19,2024-09-12 09:21:00
a8409d98-c456-43e7-a7f7-5882c252b0f8,13,861,20241019,508.8,7,2024-10-19 23:54:00
3401e4b2-2daa-4aa2-bd79-0abd8a65d5ef,12,956,20240607,828.64,40,2024-06-07 20:14:00
a97d2b00-2550-41f6-bf59-48a07e203513,30,226,20240730,1832.89,43,2024-07-30 10:11:00
d961cdef-7ece-4ffa-8d03-acc12bf83e5a,28,603,20241107,1907.16,3,2024-11-07 07:50:00
ba00fc3e-2177-4f56-a175-ca010f7bcd9e,47,17,20240815,776.58,16,2024-08-15 16:40:00
2c224195-de52-4b42-927e-396c668f2b3b,43,205,20240905,1739.35,6,2024-09-05 09:08:00
8ec042fd-02aa-4cde-aa3a-c606306d2ac1,25,219,20240812,1434.25,40,2024-08-12 12:08:00
72a2c951-0fcd-45d3-8e41-56ce89bb5a20,37,655,20240630,314.67,47,2024-06-30 23:43:00
120fb0d6-ad19-4957-beef-599889809bd7,3,74,20241106,1092.09,44,2024-11-06 00:38:00
d3854eef-0845-4302-8667-9439df34cfae,4,518,20241017,205.53,7,2024-10-17 14:05:00
ceb5d23e-6b2d-460e-b04f-ec6bcdbce328,47,645,20240606,1465.56,5,2024-06-06 20:09:00
a696e203-1dde-49dd-9679-06bf7ceb99f1,5,941,20240831,559.49,44,2024-08-31 14:27:00
e8df0569-2d44-4fe2-88fe-33be5d40104c,1,193,20240816,856.59,7,2024-08-16 13:18:00
df34716e-3999-4fed-a12e-9a9f7b062487,35,153,20240910,1894.2,33,2024-09-10 18:49:00
1c3759a8-fafb-4ebd-a7f9-664cbcc8e614,22,676,20240717,233.66,16,2024-07-17 09:01:00
8fb39902-cb00-4f62-b7ea-3757dd2fa0dd,1,412,20240608,165.05,43,2024-06-08 08:04:00
929565f1-1537-4d9d-a158-6d8a78933705,12,203,20240918,1704.21,23,2024-09-18 20:12:00
d076964f-df58-437c-aad0-1818888cc0ac,43,858,20240827,1647.45,47,2024-08-27 04:05:00
bcb4f24e-2a1a-438b-b363-8d6893c2ac80,50,207,20241022,778.98,32,2024-10-22 20:54:00
a4361785-0a5e-4066-b83a-2943cc1d950b,49,261,20240618,1771.96,38,2024-06-18 10:22:00
24fe08fc-301c-4a58-ac14-e1efc0e90743,46,367,20240706,1378.07,38,2024-07-06 10:02:00
7f8798db-d667-496e-bcfc-8fcba1727d98,22,286,20240714,1849.3,14,2024-07-14 18:40:00
48a44adb-0c4e-44b7-ab2c-b98f9109b1e6,27,943,20240801,243.3,1,2024-08-01 20:09:00
6bc37038-6eb3-4f0f-a809-6181316ac9d6,45,377,20241016,1004.04,30,2024-10-16 02:52:00
e50335ea-f1ed-409b-a5e3-37283e8ea1a5,30,705,20240617,1427.69,47,2024-06-17 13:33:00
473eb466-0006-47d1-9c8c-19e142da9a1e,11,98,20240809,767.17,48,2024-08-09 04:33:00
35c8a0b0-21cd-44b1-a4dd-ee20d1cc99d3,28,953,20240814,219.87,22,2024-08-14 13:31:00
7242ab26-f784-4756-8305-cd2e33d44933,32,248,20240627,1420.42,19,2024-06-27 16:30:00
bfcee01a-ad74-41b2-9035-b929c479496e,39,640,20240709,1106.33,11,2024-07-09 00:31:00
ffb1c1eb-cafc-425f-b86a-2317b58447c7,39,446,20241127,1353.62,7,2024-11-27 04:17:00
5ddc3d5c-331b-4dd5-b8e4-fce676206a64,43,88,20240923,1589.8,21,2024-09-23 19:11:00
8886a6dd-12e6-4bc7-b008-ec8d4f252754,44,343,20241020,1429.02,3,2024-10-20 07:26:00
f816e893-f909-417a-a5b1-2df544c43f7a,49,985,20241105,480.36,45,2024-11-05 09:25:00
1c375932-71db-4119-8601-48d3f86c3b23,44,680,20240829,411.27,4,2024-08-29 15:05:00
e54fed46-611e-4259-955a-196ad8cb2f22,41,641,20241110,1498.03,45,2024-11-10 22:08:00
4f1aecf9-4c1b-4ac3-bc0b-bb26bf94c14b,10,989,20240903,1521.32,15,2024-09-03 14:40:00
b2b201bc-e9c0-4764-8567-b871fe5de60a,20,958,20241009,447.04,50,2024-10-09 00:01:00
59ae9358-d07e-4cd1-bbc7-e76072edde85,32,513,20240909,1119.47,50,2024-09-09 22:58:00
fd8ac566-83d2-4e3e-ab28-97ad4cc00ebc,21,826,20241117,794.92,23,2024-11-17 13:41:00
59879c7d-224a-46e4-82ef-172ddfe40cbc,39,67,20240819,1833.3,33,2024-08-19 10:07:00
42d11b2b-5181-4389-b8b9-4a19603f5f63,49,541,20240908,684.5,36,2024-09-08 13:27:00
b4e1a08d-c7de-4ebd-9ed8-11dcf982d236,2,440,20240702,106.21,3,2024-07-02 23:25:00
8e65bbf6-401a-47b5-985f-62d8011f1674,3,231,20240815,1847.99,28,2024-08-15 05:59:00
7f814666-0912-4526-9b5e-af2d477d0882,41,60,20240924,406.1,26,2024-09-24 11:14:00
12f69bcb-de6b-4a1f-9c18-77429b14720a,6,709,20240830,350.98,48,2024-08-30 22:40:00
53370a86-fde0-477a-93fd-3fc1e12e9e71,37,119,20240611,808.46,40,2024-06-11 15:35:00
820665ed-ee5b-4fa2-8ab6-ff220db35744,42,134,20241002,1275.67,20,2024-10-02 00:35:00
45a281cb-5989-4595-9915-c76f4e6f436d,22,948,20240923,1554.78,32,2024-09-23 12:03:00
62175a0b-f970-492f-bd10-1f356048cebf,48,768,20240719,271.22,15,2024-07-19 03:32:00
df0b2cc2-c104-4777-a4b0-d3505e86c92b,38,261,20240823,699.67,21,2024-08-23 11:59:00
9fb4c5c4-a4e2-4dcd-8739-97cd027c7ef5,39,279,20240807,602.37,21,2024-08-07 03:15:00
07449048-ab62-4f48-8e3d-ada50ab38e41,36,458,20240810,758.06,16,2024-08-10 11:10:00
fc2a8c34-c753-445a-a9f5-88ffa3f7f1c6,48,402,20240708,965.23,3,2024-07-08 01:58:00
c8412f33-bb0e-41f0-9f5c-bc63d4bd7f9c,5,971,20240818,1807.39,50,2024-08-18 21:35:00
e444b376-6b15-4f8e-a5b1-8d26959e00f2,36,749,20241107,159.72,32,2024-11-07 23:29:00
990ff3e1-2b32-4765-b36f-68df8fb47936,16,741,20240806,1094.57,3,2024-08-06 16:40:00
713e2a97-9221-4504-a16e-1a64fe1c89e4,43,292,20240622,1808.78,4,2024-06-22 05:37:00
77a4df2f-1dbf-4a0f-b8db-9aff54ec17d9,35,736,20241121,1132.58,23,2024-11-21 22:26:00
12171339-24a6-4e10-b7b4-b0af7d97a70c,27,938,20240621,1408.55,16,2024-06-21 02:07:00
34008fb5-4d3b-4adc-86e4-aab9a0c790aa,40,886,20241116,918.6,10,2024-11-16 16:56:00
ac8731ff-4bd6-451f-9d1d-bf9d58432d8b,18,891,20241117,1157.47,13,2024-11-17 04:47:00
65501a25-1ea5-47de-bcf6-9d4fe63df963,34,255,20240622,1464.81,15,2024-06-22 03:00:00
4dedf560-e817-416f-9143-5cab822380bb,39,523,20240918,1413.38,15,2024-09-18 00:17:00
0674c1ff-8fe9-41ca-9365-82e5ebcfe9dd,3,730,20241120,1242.21,8,2024-11-20 16:33:00
d82ded0d-e2e7-4dce-8d32-5904cca6cb4b,8,726,20240808,1785.33,43,2024-08-08 05:59:00
1a3fd0ae-2b62-4a18-b5d2-b644ac831959,48,366,20240712,1341.36,43,2024-07-12 21:48:00
c847fb8d-f95c-4bee-8251-8374d1f61637,38,222,20241109,623.84,10,2024-11-09 07:04:00
2ed8255e-98b5-43e9-842f-68093e5bba4e,2,831,20240701,296.33,46,2024-07-01 02:43:00
f2595cca-977f-4beb-9934-b3f3109e434a,2,111,20240721,1845.93,11,2024-07-21 02:51:00
c7256531-03f8-4cf4-9fa8-8f345d216008,29,63,20241125,1020.91,42,2024-11-25 08:02:00
149ce204-e199-4f08-ad23-95a5e4115075,41,555,20240901,1914.91,1,2024-09-01 21:24:00
19b591bb-6700-4e9b-80cd-eecc9410ad8e,37,558,20241120,1423.21,3,2024-11-20 09:48:00
f2149892-8eef-411b-89c2-78b083a23ff9,38,510,20240921,1628.35,13,2024-09-21 13:47:00
67efec16-cf9a-4297-b269-c89083f09722,36,698,20240710,420.15,47,2024-07-10 04:04:00
64c5b6be-17c2-4d1a-97ea-e8d9e9dae833,33,908,20241123,1944.69,22,2024-11-23 06:58:00
f0155c5f-d73c-4554-8709-d4d0a417dbdf,49,791,20240908,1285.59,24,2024-09-08 22:13:00
916be713-a4f8-48de-9c7f-3274dbef5255,44,4,20240601,1160.52,21,2024-06-01 22:58:00
5dc01f32-fe3a-4ac1-9a3b-d71d1ed30d4d,38,653,20240814,679.03,49,2024-08-14 11:17:00
c417b687-e2b0-4359-8d9e-6a3e139492d6,40,850,20240819,1139.18,30,2024-08-19 05:26:00
29d38f06-31e5-42b0-abe6-9050c49d8d23,47,354,20240803,869.83,19,2024-08-03 10:29:00
c2ead3ce-226d-4f01-a496-be23c5ebc5f0,4,51,20240812,1667.15,3,2024-08-12 07:34:00
503ecb3f-b594-4d9b-9f79-4aea0030e5b7,12,54,20240627,215.5,23,2024-06-27 11:36:00
14f3031d-8024-4dda-832d-8ea2d618bc61,49,819,20241115,1719.83,23,2024-11-15 13:14:00
d060a3e2-1b1a-4597-b55c-09760f39a409,16,204,20240803,398.27,5,2024-08-03 04:37:00
d80f6ce1-2217-4ee9-a58e-dc9eb7597111,24,618,20240904,1524.06,7,2024-09-04 01:09:00
5fc5523e-3179-48f4-9669-6635a5996bdd,43,792,20240606,1351.99,17,2024-06-06 10:35:00
943b04d4-f17f-49bf-8a53-17de220ba3db,47,524,20241115,865.16,28,2024-11-15 21:37:00
06d359dd-ba71-49ad-9321-d68489571610,28,194,20240619,1334.68,33,2024-06-19 04:54:00
1914557a-cd5d-4c24-95e1-df6d07d73191,39,394,20240803,515.08,11,2024-08-03 12:29:00
4be03322-552a-4277-83cd-b687b22ec43e,48,179,20241002,1059.61,7,2024-10-02 19:12:00
e6a747f3-062d-4deb-9630-bce93c4db446,35,181,20241031,1996.57,13,2024-10-31 08:20:00
2aec0b49-a7de-494c-8013-9bf454bff557,24,732,20240606,179.2,33,2024-06-06 03:23:00
3ac8220b-801e-466a-a6e8-31e06309d692,22,662,20240928,400.29,26,2024-09-28 10:51:00
a6de6cbf-f25e-4ad7-8200-b52278306751,4,695,20240911,1501.68,46,2024-09-11 22:52:00
7ff9aa2a-a5a2-408d-b990-8aa8c3b215fb,13,149,20240619,931.82,9,2024-06-19 01:04:00
d4f3c9a7-1f58-46e5-b023-ae1b4d35c883,47,661,20241012,982.02,13,2024-10-12 03:54:00
fcf6e68d-18b8-4f55-9fd9-0930bb13db4a,40,731,20241024,497.65,37,2024-10-24 12:26:00
cee6f479-416b-445e-86f0-4ad3f8593448,45,23,20241114,849.01,41,2024-11-14 03:58:00
cf38a2b4-9e04-4769-b3f6-e4f0b02f2728,13,128,20240815,1011.29,31,2024-08-15 09:14:00
239f8822-fda2-467f-9f3c-630b67472b5d,47,193,20241029,1224.54,6,2024-10-29 21:25:00
26bae288-8a0e-4aa0-924e-a26852284942,27,334,20240610,1048.54,28,2024-06-10 22:16:00
1639a884-8d64-4fc6-81e9-8ddc876ad6d3,48,517,20241101,1038.72,26,2024-11-01 19:36:00
3b942399-67d3-4371-98f4-30b9b0470ec1,18,822,20241021,960.83,14,2024-10-21 12:24:00
b2d2365f-6154-430d-a363-e75b4abbc478,25,74,20240711,1721.59,2,2024-07-11 12:33:00
88fa7f3b-db5a-42a0-9871-a7ab193a6917,25,370,20240712,624.93,23,2024-07-12 12:06:00
1bf8e84f-e63c-46cc-88d3-b86ff7a12c35,18,187,20240612,1491.46,40,2024-06-12 13:09:00
9d7d0ebd-de04-44bf-9b13-9a7f04396677,26,658,20240703,1087.53,19,2024-07-03 10:02:00
0791aae7-c26b-4508-847c-a60b15508218,4,47,20241105,1762.06,35,2024-11-05 08:33:00
1d2e2d40-f786-4713-bdd1-9d29b3efc21d,8,709,20240628,1482.87,13,2024-06-28 04:27:00
4bcb1783-671f-4c54-a29e-00d1125b0742,44,616,20240625,675.76,8,2024-06-25 11:22:00
d803fc4c-d351-444a-9622-fcc7a5742a5a,7,494,20240925,77.37,46,2024-09-25 10:44:00
0c9db583-d99c-4783-934c-de5eaf01d1e6,14,45,20241019,1973.8,1,2024-10-19 00:30:00
068b56de-0c67-4a53-b385-32ca2f9b3e17,50,712,20240823,674.09,7,2024-08-23 12:28:00
c52f553c-9e06-4dce-9e26-3198ba7a5949,11,169,20240810,1637.37,34,2024-08-10 16:38:00
73a73333-6910-4afb-aa14-db76b6a52f73,11,888,20241105,1989.84,6,2024-11-05 18:47:00
bbe62b0c-0ac0-4c9c-a6a5-f31d55f526f3,3,629,20241003,1436.71,43,2024-10-03 08:24:00
02865a38-d02f-46f7-9608-de0950e6882a,40,780,20240705,1921.07,26,2024-07-05 02:40:00
a53f8738-7e1c-4965-9c0c-592e3f94440e,7,48,20240923,368.08,19,2024-09-23 11:50:00
a1364c32-238b-4aee-9a26-ac5d649ca2ff,10,733,20240622,1376.15,7,2024-06-22 02:18:00
82bd63db-671a-4c56-a1dd-71c0691c06de,38,280,20240801,806.89,12,2024-08-01 03:43:00
08bfb4e4-7531-4618-afea-8a95fff628e5,5,555,20240815,855.61,7,2024-08-15 02:22:00
3e825d4d-7532-4034-a5f1-4d862bfba9b3,23,958,20240630,1137.01,18,2024-06-30 20:58:00
021e12e3-8bba-49b6-9d87-174742edd55f,49,48,20240917,524.38,33,2024-09-17 02:56:00
65b73b20-dca0-4fe3-b552-a2aa4ce1b799,5,856,20240904,1643.19,4,2024-09-04 23:24:00
88f84f0c-8c7d-41d4-b45a-595577cc27ff,46,441,20241121,1218.18,28,2024-11-21 04:17:00
88838046-fdff-4dc7-b8ea-c974e8c7b878,25,279,20241006,1404.32,6,2024-10-06 13:39:00
ac75d21a-0e72-4086-bbba-f373abe2d915,18,791,20241109,1086.64,8,2024-11-09 15:42:00
56b9150b-27d4-4232-973b-53c6b1ff9e82,34,906,20240820,1176.54,20,2024-08-20 05:02:00
0d29124b-85c8-493e-b5c6-d6a98a4e58d1,46,656,20240919,1259.01,44,2024-09-19 11:43:00
46d9e93e-9bf5-49ab-980e-114b14c65fc8,43,516,20241117,1455.64,49,2024-11-17 04:36:00
32cf8407-c6a1-4b4a-bbf4-e87aae63c274,26,468,20240705,431.66,26,2024-07-05 00:56:00
1ba66536-3592-42da-8177-3da07188c1b4,43,124,20241108,314.96,15,2024-11-08 01:13:00
5acb2d7a-3b05-4ff1-8526-db4d47eed327,2,315,20240812,1269.8,29,2024-08-12 23:54:00
a5a75c0f-5aef-48b0-a3be-e000cafe356f,23,493,20241107,807.6,49,2024-11-07 08:01:00
4dee269f-af23-4991-8c5c-d2c3e4de9a07,34,835,20240818,195.78,42,2024-08-18 18:25:00
b6823c63-9581-41f2-91a3-cda70d8ff2e2,42,44,20240630,594.04,24,2024-06-30 08:14:00
8cf772d8-dc2a-4bcb-8ecf-5887cc1642dd,43,366,20240612,972.05,19,2024-06-12 00:24:00
9bbfea72-20ba-40ec-9399-d55a602a140c,3,393,20240813,1849.13,11,2024-08-13 19:25:00
572e4ebf-414a-4fc3-95ac-7e45baf823d8,45,734,20240720,310.46,21,2024-07-20 04:57:00
3ee974b2-000c-4d1f-b8e7-b388444d6baf,12,43,20241029,846.87,4,2024-10-29 08:51:00
22142fa3-5108-499b-b21c-8af2784ee343,33,863,20240615,1427.39,50,2024-06-15 05:52:00
d24aa457-6f0b-41dc-9ea0-cfb1dd65ff6c,17,652,20240922,1535.45,29,2024-09-22 00:42:00
5f0754d7-34fc-4eb0-97a8-e221598677e8,42,225,20241016,158.19,42,2024-10-16 11:54:00
a9c70600-6a52-41f2-8897-00fb95aac007,11,395,20240608,1351.7,11,2024-06-08 00:36:00
8b72f1f6-9e5d-4aba-9011-3d73a5482815,42,993,20241012,1087.5,41,2024-10-12 00:02:00
eb0e03b3-b903-4fa9-9631-d553638ff9da,29,131,20241013,98.88,25,2024-10-13 18:43:00
af5c3a8f-da12-4bab-aa7d-07b782f01981,49,674,20240921,50.32,8,2024-09-21 16:42:00
5ff09506-0cef-4374-a03f-78ed4dd1ccef,15,221,20241019,637.39,20,2024-10-19 07:01:00
047e38d0-5990-4256-9dcf-70e50407fb89,4,654,20240705,1606.39,42,2024-07-05 13:13:00
51829900-9623-4aed-8e6a-5995af80aa95,38,112,20240804,378.7,37,2024-08-04 15:05:00
fd41f15c-2a33-4580-a4d9-ee14e53325ec,4,130,20241123,833.83,28,2024-11-23 09:09:00
4fd75c27-7ec3-4253-a944-0e54d247fc2f,48,337,20241114,1762.51,50,2024-11-14 10:07:00
666fa7bd-0336-4879-a752-d575b7557f08,15,653,20240827,741.2,3,2024-08-27 23:12:00
dd026c64-ab91-4e28-ae80-98dcf738507f,22,469,20240928,1180.65,20,2024-09-28 07:03:00
60507cda-d73a-42bb-b384-2e5ecb6a65f1,40,678,20240913,324.59,3,2024-09-13 21:10:00
b590d65e-9199-4343-a63d-d6c03ca91745,27,723,20240927,674.42,48,2024-09-27 16:16:00
b5a4d6ac-1776-4330-9a6f-e41bad61a4ff,3,353,20241114,1280.47,39,2024-11-14 16:53:00
3aef1ae0-c2e5-4909-8cd9-20afb56eccc8,16,118,20241005,1835.78,44,2024-10-05 19:39:00
2472e411-5bf8-4f0c-8180-9a47ef2f966a,13,321,20240720,1200.25,1,2024-07-20 15:29:00
ca262577-29a7-4172-b039-fb25a952f7e1,20,788,20240821,680.04,31,2024-08-21 06:44:00
4117cf31-dc35-4e0f-b4f8-74d52d42afbd,28,629,20241028,1549.67,17,2024-10-28 07:41:00
9bc01a10-a1a1-451a-bbd5-06a13959059a,11,39,20241011,598.72,22,2024-10-11 02:06:00
b788a050-1087-416e-8592-9be7f8ca3bc0,39,673,20240715,1561.41,19,2024-07-15 08:23:00
7414f9fe-d788-4960-8003-40d3cee61b6d,30,419,20240916,1326.05,29,2024-09-16 14:10:00
0cdd6b4e-9b03-49e4-a18d-3b5ba562a5e2,32,904,20240816,1118.15,9,2024-08-16 05:24:00
7f700513-f0ff-4c2c-957f-cf5a15bd5767,45,974,20240710,1519.55,13,2024-07-10 10:27:00
1062282d-612e-410d-b5a2-516ad659b9de,34,356,20240917,814.47,20,2024-09-17 14:45:00
36a779e8-1e08-4ce8-bbf2-b70807457aba,40,85,20240820,1935.5,24,2024-08-20 20:05:00
fac90efa-1d9b-4845-8686-1bccf4a3cc79,6,15,20241123,396.96,1,2024-11-23 08:19:00
bfd5302c-203a-4dd6-b769-b967cd44f1ad,39,847,20240815,1648.19,50,2024-08-15 20:20:00
e4fccac9-22fd-4cf3-9a7c-ff5aff7f477c,30,405,20240906,1827.26,14,2024-09-06 00:23:00
6fd06467-3a28-4a69-ad04-d7028e304240,19,993,20240810,1702.05,36,2024-08-10 18:32:00
801fc8bc-ce44-4910-84c3-311ef0488f03,36,514,20241030,1766.18,49,2024-10-30 20:19:00
4a36ae2c-b2c2-4e94-b491-3afa6c68c3b0,13,970,20240814,851.8,48,2024-08-14 13:03:00
6b5f111c-20c8-44f2-aed3-8293997b1532,19,676,20240709,875.36,23,2024-07-09 07:04:00
0f5d3725-ac0c-430b-9f5f-4cf359d32d94,36,928,20240904,1234.48,23,2024-09-04 17:10:00
b95a74bc-b7a9-479b-a8e4-ae417949fb4e,33,965,20241114,773.96,49,2024-11-14 06:35:00
414e465e-245f-4144-ab36-6baac2da4117,44,497,20240708,1178.48,36,2024-07-08 03:09:00
0761a001-26ee-4074-ac8d-bd3d56ae0459,44,486,20241114,784.08,4,2024-11-14 21:12:00
6b6390fb-5124-4ba4-aeec-f34ec01cb42d,23,640,20240908,1878.87,31,2024-09-08 16:42:00
3c4ed38d-7cb9-4e40-8796-5c335efc4a2f,18,959,20240603,695.84,43,2024-06-03 21:47:00
62187e9f-d7e9-45c3-80d6-8a66a04e3c4f,28,603,20240727,1566.33,18,2024-07-27 20:26:00
bdc63402-3a16-4488-b705-124df00cfd41,10,298,20241016,343.23,31,2024-10-16 02:37:00
0fd24060-5ef1-40d8-a033-a0416822e894,17,390,20240612,1157.02,42,2024-06-12 14:55:00
ea0adaf4-bc95-4534-8c8b-9bc09ebb7cfe,29,531,20241004,749.14,19,2024-10-04 07:25:00
09155202-9b38-470d-a851-c7eeaae10a83,25,868,20240615,1729.56,16,2024-06-15 07:20:00
f90e1923-e33c-453c-9e5b-7fcf3b761e11,9,552,20240628,1344.89,17,2024-06-28 02:36:00
524f60ad-18a9-45fa-b262-b8929bf95991,42,167,20240615,1037.27,21,2024-06-15 13:19:00
2ef40dc7-21b4-483f-bd38-d15bcd95279d,27,750,20240802,1517.14,27,2024-08-02 12:31:00
1b1ad766-345f-4311-bd14-990fb8a2c19a,12,988,20240605,1159.77,4,2024-06-05 02:20:00
ebb1e7ca-ed30-4e16-b5ea-003a2815ad3f,46,356,20240914,1874.98,17,2024-09-14 06:47:00
0bed4884-aa21-4608-bfe8-1059af4d0728,3,978,20241017,106.42,35,2024-10-17 05:34:00
1a59550d-bf63-4c06-929c-d7e45cda5520,16,879,20240817,1293.52,4,2024-08-17 18:42:00
edb9941c-79f6-4d05-8128-9409ab280b69,50,773,20240808,1201.6,15,2024-08-08 23:00:00
fe9fd0e0-6cb4-4bef-9c55-fad7a3b3b18c,12,478,20241024,517.55,28,2024-10-24 17:45:00
a1ec6274-88f8-49a7-9ead-468c8a150721,20,1000,20241004,966.9,32,2024-10-04 02:34:00
71e49b89-6961-48f0-9bcc-dc537a1f51c3,46,183,20240626,1245.83,27,2024-06-26 19:17:00
1fe241c4-66d2-41b8-a2e4-1cbc4e5876f8,15,806,20240822,1683.58,30,2024-08-22 21:30:00
70e7f32b-7062-4313-8ea7-c25548d3e377,9,848,20240824,937.98,13,2024-08-24 01:58:00
e2901225-b4f6-4889-854f-bcfd347c251d,9,294,20241110,926.18,35,2024-11-10 08:33:00
69ca4e21-58cb-4660-9c12-8d718d10631d,21,279,20241027,782.1,18,2024-10-27 05:01:00
f538a0a7-dc82-4015-9c05-996b63b3c85a,26,732,20241107,1675.11,5,2024-11-07 08:17:00
319262d3-c4eb-4b52-9242-fe2025170409,35,909,20240706,1974.69,41,2024-07-06 23:53:00
7dea2c05-f992-4686-a56f-e3581fc5f07c,38,353,20241005,1657.61,42,2024-10-05 16:56:00
c8868aa5-90ca-47d8-851e-99fa77ad46a2,34,86,20240722,359.59,45,2024-07-22 07:18:00
5e42ef44-dd86-4fab-9af9-c2226d187e24,29,418,20240828,822.21,46,2024-08-28 05:45:00
0fe213cb-7c68-4281-a043-25896ffe07b5,9,654,20241013,1338.89,26,2024-10-13 18:57:00
77929634-85da-42be-b190-51ce301c2582,32,797,20240720,309.14,7,2024-07-20 02:30:00
36b06c22-69db-4cbf-8025-a3c8d08a286e,31,965,20240928,1520.05,27,2024-09-28 14:49:00
7c1861bd-d3be-4233-9f09-4bbcb780166c,2,692,20240705,863.05,43,2024-07-05 07:54:00
55207879-8ac2-41b3-b264-d390e9d3a876,4,781,20241015,1497.32,9,2024-10-15 12:12:00
e15f0608-c74d-4711-a6c6-66c5c53dc557,13,820,20241113,1483.05,24,2024-11-13 15:36:00
9a24b72f-9756-475a-93d8-fd6052fb0653,26,826,20240908,491.3,2,2024-09-08 02:49:00
2783a7d4-1acf-44f1-85dc-10a7c3960ae4,10,765,20241015,1409.61,40,2024-10-15 14:42:00
eff632a4-8e1a-4f16-a363-2253935c23ba,19,271,20240930,565.28,3,2024-09-30 12:09:00
330088b3-ecd6-4e7c-97e9-da53dca2478b,46,23,20240818,360.1,9,2024-08-18 19:42:00
6442f742-196e-4adc-aa81-35c89d8dd521,14,336,20241126,478.18,34,2024-11-26 16:22:00
6a78972b-64a9-47ad-8d19-488c1619feea,13,60,20241122,213.08,39,2024-11-22 16:23:00
347cbebd-9731-4bb7-81ed-add4b88f86ac,3,556,20240703,1800.59,41,2024-07-03 08:43:00
52bb8e5e-a1f8-440c-af45-a545d120d248,7,468,20241013,1458.41,45,2024-10-13 06:01:00
8c03cb8d-76c1-4967-ad52-717025f2c006,15,915,20240907,192.48,31,2024-09-07 10:24:00
a7023963-9b7a-41c9-8b4d-49b1229bbe1b,1,717,20240923,612.48,31,2024-09-23 08:04:00
5406ca3f-7a47-4852-8cdf-710db82667d4,37,968,20240713,1759.52,9,2024-07-13 15:32:00
f500a7de-0538-47f9-a25d-ae05665d0436,9,261,20240613,535.77,5,2024-06-13 12:56:00
972745ce-e0f4-41e3-87ae-ad8fa7e9665f,12,532,20240814,868.96,47,2024-08-14 01:18:00
fb26c4d2-8eaa-44f1-9b27-9e08eb8c4d2f,37,818,20240710,757.26,40,2024-07-10 23:45:00
f38716cc-ccc5-4d46-9a54-b286f3eb3acc,26,931,20240919,864.29,17,2024-09-19 03:43:00
d8495c28-f7bd-41f5-aa1f-9e28cd029767,18,712,20240724,1733.35,22,2024-07-24 02:01:00
09813b47-a372-4275-8602-865703d057c6,35,910,20241107,1005.4,30,2024-11-07 13:37:00
66e6f89c-bdc5-4fca-a520-b2ac90a2c01b,34,682,20240811,1613.6,4,2024-08-11 10:01:00
d40dee02-7602-4081-835e-979200f5791a,32,384,20240610,1529.61,24,2024-06-10 17:03:00
2a02b35b-1f6c-4be0-8d81-79a744477ef3,37,402,20240801,472.48,38,2024-08-01 18:50:00
e773aa0d-5da7-4a34-ac9c-7414ef9a95f5,4,721,20240616,1520.4,46,2024-06-16 13:19:00
02c33b39-c40d-47a7-a778-08b0273bb580,2,164,20240704,1793.02,18,2024-07-04 06:28:00
0b44f2dc-8986-4db3-9ebe-52743ab6f9e6,17,518,20241024,408.09,30,2024-10-24 01:34:00
493c5676-1142-4ea0-b56d-76e00b445259,6,65,20240908,351.25,29,2024-09-08 10:28:00
85bf41c1-e9d8-4b14-94b1-797093998b88,24,900,20240629,385.15,44,2024-06-29 08:08:00
ff10663a-bcb8-4579-b521-95b551730cbc,25,851,20240605,249.72,47,2024-06-05 13:16:00
b64e22b8-faa6-4c00-b9fd-3ec3549a5d4d,22,812,20240716,1278.98,29,2024-07-16 14:01:00
83feac97-aa5a-4bf6-84ca-8d1375cb9893,18,289,20240916,206.05,30,2024-09-16 21:26:00
69f87711-8b91-46ce-b69f-bff3ca05dc08,42,429,20241124,63960.01,11,2024-11-24 22:30:00
671a8a95-a11c-41c3-929f-922db07841b5,9,308,20240909,811.89,9,2024-09-09 23:03:00
5fb82577-ac45-4356-af05-31c567f5240f,25,448,20240910,1324.85,9,2024-09-10 09:40:00
30bdaa73-3dbe-4309-8785-3e8c340afbba,17,940,20241105,198.46,47,2024-11-05 04:32:00
dd863259-107a-4273-ba57-1efa36d34ce6,1,244,20241110,239.86,29,2024-11-10 16:42:00
269cb93b-3258-4e5a-a0e5-fd9802a48bc6,1,982,20240827,1418.93,50,2024-08-27 01:34:00
940d291b-394a-4ea0-93d9-a42ff59a3a45,25,724,20240917,442.51,6,2024-09-17 04:09:00
4f43a2dc-6c33-4d06-9149-5ff1e09cb8ce,38,133,20241006,146.2,21,2024-10-06 15:17:00
1b7e72ee-7742-4142-b555-3866b084295c,39,352,20240621,239.99,2,2024-06-21 00:13:00
77078023-306f-4761-9101-f1bf949a60eb,24,734,20240621,1526.53,2,2024-06-21 09:17:00
7b290f6a-6ba2-41c5-8bce-1021a4858e2d,38,87,20240710,1411.65,4,2024-07-10 18:15:00
a04d56b9-25dd-47dd-ba84-28d8c8b05a78,37,861,20240730,1839.6,23,2024-07-30 06:02:00
d74461fa-c003-4570-a90f-99c0fddc4168,16,629,20241005,1475.71,33,2024-10-05 15:05:00
a5730afc-72bd-4d4a-8620-6a812be4f947,18,544,20241120,1362.39,32,2024-11-20 17:23:00
654e144b-36ab-4372-9714-c765a4f8d319,2,102,20241113,511.23,45,2024-11-13 00:20:00
2e901c5d-e7da-4f07-85ce-8127be0dbd4d,33,508,20240804,1588.07,48,2024-08-04 21:51:00
92db14d4-e5c1-4eff-87a4-779e1192e100,25,716,20241103,1749.58,30,2024-11-03 06:40:00
5d2d0258-d758-43e8-b653-4b3fa4e300f8,47,212,20240909,1816.77,43,2024-09-09 02:44:00
d23d9b2c-43a3-491d-b90d-e258989ee9db,5,635,20241007,990.71,20,2024-10-07 13:42:00
8afb279f-53f7-4281-92a1-014be8015e4f,26,79,20240807,1687.0,6,2024-08-07 10:55:00
937dcbe2-e822-4d20-8330-21ecb8f65fa2,50,476,20240605,1799.8,50,2024-06-05 10:17:00
01dda759-0942-4f3e-b023-d3e5e908f03d,31,232,20240905,1475.57,45,2024-09-05 17:04:00
c8316924-3975-4561-b913-346ab43d44cf,15,414,20240629,650.25,10,2024-06-29 12:12:00
29506011-b635-405b-a44b-0a51cf5f5390,4,881,20240817,93.01,40,2024-08-17 15:20:00
07274a51-9be1-413a-95a1-b87dab31159f,41,90,20241011,1798.7,37,2024-10-11 00:53:00
1cd4bda4-5b35-44d7-8158-77a39d078879,9,897,20240707,1625.87,43,2024-07-07 02:04:00
8ca3d3ac-0a4c-49ce-87bf-6dd84addfd77,49,464,20240707,543.7,36,2024-07-07 12:46:00
d20c1a02-1423-4fa8-885f-b15f8b2e107f,13,633,20241010,170.65,21,2024-10-10 20:39:00
8236b113-d13f-47a0-9c7e-2b895eef755a,16,434,20241117,1608.03,37,2024-11-17 18:35:00
ad4ac134-afb8-4d55-9a93-a65cfb133711,41,67,20241029,897.07,18,2024-10-29 03:02:00
3bc95c56-639f-4731-85d6-09dfb9e5c8a7,27,898,20240721,188.15,9,2024-07-21 13:34:00
8e664307-f2ba-42ca-b1c6-bf03211589d0,7,189,20240625,1354.9,8,2024-06-25 13:52:00
ee609c4e-e0fe-45b8-ad7d-593d461bdbdf,29,775,20240904,464.88,48,2024-09-04 21:03:00
b3cdd6f5-f8a9-48a7-87ac-4e7c2b044058,14,166,20240821,1901.87,17,2024-08-21 05:49:00
7cceffdc-b999-4e8f-9311-2c5a1fa8ab9f,21,371,20240822,1974.43,42,2024-08-22 12:52:00
ce48744b-f5c6-4ea7-b552-c0c2ead87255,33,739,20241116,593.77,30,2024-11-16 22:54:00
a6d99594-a5aa-417a-ab19-b08da456bd19,3,605,20240605,1560.2,9,2024-06-05 18:11:00
80b02cfa-52c8-4386-b605-3306e70abd3f,31,154,20240612,52221.74,5,2024-06-12 19:13:00
a61c4b83-ce75-4011-a489-73b656502002,39,753,20240622,1175.75,36,2024-06-22 20:19:00
7e595966-4b3c-4f41-ac0b-a7fa965c7556,42,12,20240902,936.55,45,2024-09-02 10:33:00
a8ce74ba-bed7-4ca3-ad0f-be339da0cc0d,30,345,20240726,1235.21,17,2024-07-26 11:54:00
9a8999ee-92e0-4286-aaff-713946680a43,9,886,20241030,873.7,14,2024-10-30 01:37:00
b8a22d74-7767-43cc-819b-b623cd0b6453,41,515,20240926,558.98,17,2024-09-26 02:41:00
5c6984c1-bec1-4e3a-9bd4-50c4a8b504b1,31,195,20241105,1565.24,17,2024-11-05 20:14:00
33a1bd1e-c1ec-426d-b9ff-1c48c3b313f6,16,828,20240821,1221.66,19,2024-08-21 20:46:00
eb18eda4-1543-4da3-9c98-9a027e75b532,22,30,20240715,129.65,10,2024-07-15 01:31:00
97aa125c-4fab-4210-b74f-ca68571c2f6e,17,421,20240820,1061.48,40,2024-08-20 10:20:00
6a7a741a-622e-4fa1-8897-3411836cbf72,31,596,20240801,296.44,29,2024-08-01 22:16:00
de819fd8-f01c-41c9-999a-dc231f2e6e32,48,234,20240823,1239.99,29,2024-08-23 15:49:00
0ed2162b-26db-4c48-9ab5-02f751ace0ee,7,64,20241119,659.84,27,2024-11-19 18:26:00
8908a784-fa5a-472b-86fc-1d88cf98fac5,43,9,20240906,466.59,9,2024-09-06 23:57:00
457115af-7ff4-4540-95dd-fbf0b415ca6a,33,570,20241120,1168.65,19,2024-11-20 21:56:00
70284754-6e10-40a4-b22e-b36c1d7104c5,34,3,20241028,1293.01,50,2024-10-28 07:06:00
f92c9a88-791c-4d1e-b080-51734ae3d73f,13,574,20240615,660.59,13,2024-06-15 09:20:00
1c851be9-9ecf-4fad-bc85-fc119596f86a,27,339,20240916,171.02,50,2024-09-16 21:26:00
d20140e7-fdcc-487c-b3ae-67f0b9c05981,1,756,20240921,172.46,24,2024-09-21 19:03:00
e465d346-2788-465b-b844-25204db1fa95,23,371,20240724,828.39,6,2024-07-24 09:00:00
cf2565e2-3b22-460d-82fc-9f35753f5098,16,946,20240726,1724.37,17,2024-07-26 07:57:00
87b70754-29f1-4d9d-83f8-26fe66b860f9,6,993,20240906,838.61,4,2024-09-06 21:41:00
2d9a27cc-38e4-4c28-b9f1-24df5ee609c8,10,549,20240801,1133.79,49,2024-08-01 09:12:00
4eb01b71-5ed3-4cc5-bf7b-95febd32b4a3,8,451,20240712,1848.85,34,2024-07-12 08:56:00
0ecd28b2-9aa4-46d2-97cc-e0f1ffab1986,4,790,20241126,381.67,43,2024-11-26 08:30:00
69d3d19c-c10c-4d0e-867a-9487592334ae,40,468,20240730,261.85,41,2024-07-30 18:56:00
1a177b28-4d65-4326-8e59-197de97a2fba,34,178,20240623,1379.31,29,2024-06-23 18:05:00
34d0c6db-e32d-4280-8d38-8dd4909fbe6e,21,307,20240622,706.93,8,2024-06-22 04:47:00
917295a2-36a0-40f0-90d8-06935ab5d270,34,889,20241020,1615.36,4,2024-10-20 17:00:00
1d33b618-6543-46c7-8496-2acd38af9058,5,5,20240920,1277.88,42,2024-09-20 04:12:00
7a256592-cbe1-4637-92df-0b0bdc2dc143,19,251,20240926,1816.04,12,2024-09-26 15:46:00
e8e33257-b678-4a0f-9b2e-180cc1aa1a28,12,207,20240703,177.45,34,2024-07-03 17:37:00
8a0f9306-ef68-4df0-9e71-f6d275b6caec,40,887,20240716,1631.35,22,2024-07-16 04:01:00
b752bdb8-baa7-4b53-9fa6-5032f09960f5,9,942,20240611,114.09,33,2024-06-11 14:31:00
a238f015-206d-48be-90e2-e658f7a13571,19,565,20241126,95.81,22,2024-11-26 20:40:00
dc0e2b58-e6a6-4a33-93b9-ef0fb5bb0d45,20,645,20241005,1282.31,7,2024-10-05 15:24:00
a84a53ee-2eec-4286-a9a9-876e87b715c8,32,63,20240807,1282.28,33,2024-08-07 11:26:00
ff3d0629-ba75-4a9c-b894-dd6593e2d265,36,299,20240920,997.33,42,2024-09-20 06:39:00
11966748-3bab-49c2-9722-5f4fc49b1e13,47,361,20241121,1548.4,31,2024-11-21 22:15:00
fc4224b9-35e3-4d4c-9ac7-7ad67587a223,14,791,20240913,292.87,1,2024-09-13 10:44:00
d6734ef3-9fef-4911-b4e5-e14c7475474a,1,326,20240916,1743.25,7,2024-09-16 07:56:00
c406c27c-e742-4a85-bb2b-316a4368cf4c,14,156,20241028,1762.51,41,2024-10-28 12:35:00
3ab81284-c138-4289-b258-0a2281d427c5,43,339,20241023,1452.85,35,2024-10-23 13:46:00
8e21f5ef-f307-4382-9061-198a6e96cb47,10,836,20241021,365.28,46,2024-10-21 15:44:00
8e13c0d6-3d13-4b19-941c-8b9c66e2cd80,30,558,20240806,398.02,44,2024-08-06 23:16:00
a7594656-f2be-4c8d-a858-250ac70739c6,12,417,20240918,1470.83,11,2024-09-18 12:43:00
c738da67-4e46-4e01-9eb8-9789f9b0c034,14,372,20240906,176.15,48,2024-09-06 12:45:00
bfcec913-ade6-409a-8a15-d92f178784f9,15,245,20241030,1891.8,9,2024-10-30 16:31:00
0917d527-a412-4173-8c8f-08351c784eba,44,361,20240803,1475.71,18,2024-08-03 04:09:00
d46b6b71-bd3f-4610-b6eb-075b56768360,37,923,20240922,817.46,28,2024-09-22 18:29:00
a47c9dc3-304e-4234-976a-3996291b1cad,45,263,20240831,1341.19,48,2024-08-31 00:18:00
915398c5-9a1a-4e60-8a58-81e45abcf6ee,7,221,20240801,438.07,1,2024-08-01 15:36:00
1c007b20-5758-4318-a1bb-7419562b9278,29,299,20240711,1961.77,2,2024-07-11 10:45:00
118453d9-9da1-4c23-8b50-8e12979c65ee,46,621,20240605,749.78,8,2024-06-05 17:04:00
916206e7-8d9a-4145-9b3b-8df973fee6bb,8,76,20240911,1590.61,15,2024-09-11 16:14:00
dc237327-8386-441d-a5a7-d827b3c30253,50,419,20240624,837.03,13,2024-06-24 05:08:00
eedc761e-27c7-487b-b5b8-43da71d525fc,9,200,20240819,131.67,4,2024-08-19 11:38:00
b22c14c8-e9c0-435f-ab7f-67fc386f1a60,34,960,20241114,117.43,31,2024-11-14 04:14:00
86131436-e63b-4de1-8720-cd5d651d60d5,28,54,20240718,1269.25,16,2024-07-18 19:38:00
03dcb0e3-d524-4071-8e97-d57b93efd77f,15,184,20241031,278.41,45,2024-10-31 06:18:00
574b7bb9-238c-42e3-9db1-38d665d181de,5,955,20240720,1841.19,24,2024-07-20 12:02:00
b6d21c5c-6ab5-4c6d-867a-42dbca2ee897,22,708,20240610,1326.58,41,2024-06-10 23:37:00
d34081ac-b5ac-4b63-94ec-880009e16f95,46,300,20241023,1455.71,43,2024-10-23 10:45:00
8b3cc577-477e-4223-bf6e-9f8df24a4be0,42,949,20241119,312.88,43,2024-11-19 19:11:00
0d1ec7c3-e42a-4d42-9000-c4314a7422b0,15,158,20241012,1348.56,18,2024-10-12 17:00:00
90bd52e0-949f-4e2c-966c-be72bcae61b5,8,738,20240710,1700.33,11,2024-07-10 23:07:00
dbf0bd04-601a-4bbe-87e1-916b53064012,35,294,20240622,1233.09,19,2024-06-22 16:32:00
0e9fd2a1-26ad-41fc-8c5c-0a3be367ff89,38,187,20240915,937.71,39,2024-09-15 10:47:00
768d0189-ebd1-4e7e-9cea-c3b96f6b2497,8,663,20241102,874.26,7,2024-11-02 06:02:00
b04b4b71-22a4-4a88-8ce1-3ac695339606,22,228,20240926,1031.65,34,2024-09-26 00:38:00
e0dfdd73-a808-4d98-9db7-8bf182597971,14,89,20240704,457.42,15,2024-07-04 04:45:00
46dd9781-da53-4b69-8ad9-28eae97c36bd,15,427,20240728,751.42,5,2024-07-28 19:50:00
0f45945b-ab45-44f1-8a93-69ec1e8e2c1a,14,954,20241113,380.36,14,2024-11-13 20:35:00
3133e242-2ec8-4781-88ed-8dc645a96ba9,8,728,20240620,1084.47,27,2024-06-20 03:12:00
a46c3a7d-4a28-4058-b0ed-d8f56573995e,12,36,20241117,816.95,4,2024-11-17 22:05:00
51f71723-8386-4a7b-9ac8-d5b6f989c72c,7,812,20241103,1614.39,29,2024-11-03 07:58:00
065c9f2d-e7da-44c4-b5ba-5069ef8114a9,30,993,20241111,581.48,17,2024-11-11 01:04:00
a3637958-29cd-4731-91b9-279b2b5b4e20,25,114,20240915,946.75,34,2024-09-15 11:07:00
9a587c3c-861e-4d54-9b01-2bdce4690a9a,2,200,20240720,287.69,25,2024-07-20 10:12:00
01bd3e41-0228-4d5f-9d51-54083c8084d4,35,821,20240819,169.56,18,2024-08-19 21:28:00
51d8ff9e-be4d-4ea3-ba9d-7aab2cfd7cab,25,611,20240910,1679.75,30,2024-09-10 15:08:00
88d4fd03-07f0-43f7-b7a3-267635a57d38,11,34,20240609,1666.02,40,2024-06-09 16:27:00
71e4e5e4-b60c-4276-92d8-6b33230c725b,3,125,20240707,1697.2,1,2024-07-07 21:23:00
c918d6c3-718b-42cf-9a98-df16d30a628f,41,714,20240731,1977.1,22,2024-07-31 02:39:00
0344907d-ebc1-4e01-afc8-b62d11cdba1e,39,521,20240713,428.89,30,2024-07-13 03:31:00
6e0025a0-0788-423d-b483-085562c0a1e3,41,159,20240905,180.59,36,2024-09-05 09:45:00
773130e0-ffd8-4dda-b12c-cde21dacd4d8,39,848,20241106,463.65,28,2024-11-06 09:28:00
434fa957-6569-42ac-b537-ab7d33488e6c,34,232,20240709,287.54,4,2024-07-09 15:59:00
07097a5b-1095-4b1b-ad53-a33508dca59d,24,831,20241002,1716.56,47,2024-10-02 15:09:00
4fbc0bf9-d2fb-4d5d-a5df-4b6b55c0d813,3,138,20240829,1260.2,20,2024-08-29 20:23:00
cb77d0e6-6c03-4714-bf0c-f6bb668bce51,1,835,20241004,739.93,15,2024-10-04 06:34:00
1ad154ce-ef2b-42a7-879c-0e912a5552a0,46,11,20241020,675.71,46,2024-10-20 17:53:00
d197ddc0-dc5e-49a7-a211-126d2eb0a038,24,136,20241111,1488.32,8,2024-11-11 01:59:00
97487402-ff49-4430-bf42-0663c758bc98,3,538,20240822,880.39,35,2024-08-22 15:11:00
5b05d339-d487-4a02-9059-6004ef2cddd7,49,472,20240727,1256.36,28,2024-07-27 16:23:00
70f07d38-b606-4f23-99e1-02b6d56bd046,45,848,20240607,1519.67,47,2024-06-07 22:29:00
1587746d-7f6e-4cf1-9eaf-939415464274,26,544,20240907,1636.03,29,2024-09-07 04:50:00
1cf7b2dd-e67c-437f-b975-22ccfcede30c,49,592,20241113,430.71,18,2024-11-13 21:25:00
c0b46b5f-d72b-4cb3-821b-5f55ad9413fa,28,319,20240829,457.61,6,2024-08-29 19:56:00
7444c933-56f3-4a09-830e-56545de20618,7,882,20240831,972.38,26,2024-08-31 00:04:00
2d591969-9437-4b9f-b7b0-cf71a002ac79,29,695,20241013,1821.78,13,2024-10-13 00:00:00
038b8d73-3c01-4de4-9ce1-188e1b7c5029,28,274,20240731,1244.51,37,2024-07-31 10:45:00
fe6ea46d-669a-4aee-9532-133252b0efd2,39,605,20241030,796.23,26,2024-10-30 03:14:00
095495dd-d00d-4f67-a26e-8463967f724b,19,133,20241030,1075.6,35,2024-10-30 05:57:00
c5fcafc6-069c-4f83-9c2f-9415ed2c5e70,41,142,20240608,410.44,25,2024-06-08 16:51:00
7a2b531f-d866-4367-988f-7b4d3f23ec34,23,199,20241107,1982.74,28,2024-11-07 08:40:00
01208130-10d5-4c77-8a75-c1c2bbb26cc7,11,349,20240719,220.12,49,2024-07-19 20:50:00
a0a4b32e-c0bc-4dc1-8519-994b92589b93,35,388,20240818,762.19,14,2024-08-18 14:08:00
7f6e102b-0c62-4524-bcab-20f03178e577,43,910,20240826,1488.49,50,2024-08-26 12:23:00
a171f055-89d1-4bf8-9083-8a928c100cdb,32,337,20240616,1215.73,33,2024-06-16 02:32:00
138d5455-3b4a-4653-851a-a1f08bd175e9,5,67,20241122,725.75,27,2024-11-22 16:52:00
9ece290a-7bcd-42fc-b32b-a5f442afff69,4,917,20240913,1100.71,27,2024-09-13 17:12:00
d171a232-1e24-472c-9721-14e878a631d6,41,674,20240610,1847.7,31,2024-06-10 19:38:00
ae3f737d-aa5f-44fa-8343-bb054da6b8bc,33,162,20241024,1734.91,15,2024-10-24 19:00:00
f9c6f182-cc54-483b-ab8f-64fa82d24dd6,28,876,20240628,1085.92,22,2024-06-28 04:52:00
c15316e6-f010-4417-9929-8b14fb62b7df,1,954,20241026,1717.59,4,2024-10-26 19:51:00
e268bab2-62dc-4199-bbf5-300449c624ae,23,369,20240627,603.74,2,2024-06-27 20:47:00
c321f792-d045-4936-9944-931497acbbbf,13,48,20240912,362.39,30,2024-09-12 17:22:00
57be113b-5373-47f8-b944-67d9131a47a4,50,69,20240811,714.35,8,2024-08-11 07:37:00
7417bfae-0c6d-42d2-bab7-0c6cf2b333c5,49,914,20241101,98.48,18,2024-11-01 06:48:00
f57e87a2-382d-4f16-b548-6dccb41be8de,32,540,20240910,1403.54,12,2024-09-10 09:36:00
dc38ac5b-e166-4c0a-a58c-48f497ad7c37,19,709,20240724,1510.42,4,2024-07-24 13:15:00
ccd0e03b-b01a-452b-a897-1725e2a6213b,5,639,20240704,1912.71,8,2024-07-04 00:48:00
7805e892-f696-4573-b8ca-17d73b467239,37,269,20240616,378.29,43,2024-06-16 10:17:00
f2bb0e7e-3aa9-4e1a-8748-628bcae9b435,36,219,20240929,926.03,12,2024-09-29 13:22:00
170c2293-ccbb-41d6-b3ee-3110126a2065,8,618,20240608,653.64,25,2024-06-08 17:11:00
53d20ee4-a7ef-4a35-a15d-9ae46cd1e2da,50,972,20240816,1672.64,10,2024-08-16 21:32:00
e66159a5-3c10-438e-ad13-3eb2f8dd0ba3,3,194,20240720,680.44,31,2024-07-20 01:36:00
beadf907-9ef8-43e8-9239-5c4e01057d71,27,338,20240909,1517.76,43,2024-09-09 05:49:00
76d458c6-1581-4cd6-91d1-ddd1c7dd0f08,37,795,20240728,1255.4,44,2024-07-28 06:44:00
75909a6b-a580-40f6-9e67-1d1e4ad46a73,1,301,20240710,1540.09,45,2024-07-10 07:21:00
c5b02d65-5e5a-46bb-be43-4136382a339d,4,824,20240618,1970.6,44,2024-06-18 02:29:00
9c5dd077-657b-4780-8dbf-591ab9ac4661,39,265,20240702,562.55,15,2024-07-02 07:57:00
98e62c2e-30cd-4644-a5ab-45273ddc53b5,14,440,20240917,562.29,37,2024-09-17 23:31:00
1c339bf1-2a89-45a7-a165-5ee7b5a48f54,19,105,20240613,223.42,44,2024-06-13 10:25:00
ac171581-31ed-465f-87fd-33aebf7ad818,8,263,20241112,835.98,10,2024-11-12 16:21:00
cef71b8c-ceb0-4592-b81e-c9819fa5b784,13,799,20240622,551.37,31,2024-06-22 07:45:00
b1bf9b31-c3ab-457c-aeb2-b9feedc8e72c,46,564,20241029,1144.87,22,2024-10-29 15:05:00
919de673-40ab-46e6-a820-39f5fe8882ff,18,716,20240924,588.97,27,2024-09-24 20:54:00
c7647761-4815-4aaf-ad8f-8fa593975fb8,13,560,20240815,1068.16,47,2024-08-15 13:56:00
6c7f64a3-7455-4b75-a351-745b78b29363,47,743,20241104,1342.62,16,2024-11-04 00:37:00
fa2b68b3-61cd-4601-9ea0-761cc705ed28,20,345,20241114,1460.61,49,2024-11-14 06:08:00
08e351ea-eee7-435a-a7a1-78bf0eb40a74,6,6,20240702,1981.45,9,2024-07-02 06:36:00
24f75ad2-9622-4a67-b1dd-a8829e4ee55b,12,309,20241025,461.1,11,2024-10-25 21:17:00
99238051-529c-43bd-abd8-a7ce746d0238,14,426,20241025,1610.46,42,2024-10-25 21:22:00
ca9dd9e5-df9d-430f-8b2f-f31cd020efdb,25,886,20240622,950.99,48,2024-06-22 12:12:00
5040d26a-6ff8-4b20-b73d-1db08af525c7,27,865,20241107,1932.95,14,2024-11-07 20:38:00
02b0f406-12df-405c-90df-f01b926ac609,27,790,20241103,291.2,26,2024-11-03 14:29:00
6c90f2ca-3a0d-4403-907a-047a76ca8bdc,43,709,20240607,1952.73,31,2024-06-07 00:21:00
dc54299c-3525-4349-be07-74618cc29946,1,488,20240813,1171.69,49,2024-08-13 01:21:00
5273d22a-4277-4a7e-9bc4-660d6ba48fdc,41,794,20240728,192.62,18,2024-07-28 04:31:00
e2f1b26d-6f2b-4a84-b1cf-3190659602df,22,125,20240610,720.03,26,2024-06-10 23:16:00
13ffc092-7b53-4dc2-a93b-0372aaf55a36,12,794,20240825,981.95,27,2024-08-25 07:57:00
90737cf2-e156-4c45-99d7-18024624e3c5,48,517,20241119,124.68,24,2024-11-19 22:15:00
154793fa-66a5-48a7-9d50-b97f6c482b54,36,862,20241024,1605.94,1,2024-10-24 16:46:00
3404f1eb-8a34-4c0e-8687-ca714f056623,30,148,20241029,841.4,5,2024-10-29 09:58:00
04c9eb13-2a67-4264-bd6d-9f0674fcb55b,21,331,20241005,465.81,11,2024-10-05 08:01:00
cce32d01-1cad-4dd6-9370-78df5500ddda,38,436,20241013,1222.55,13,2024-10-13 06:41:00
ad8dc4ce-59ef-4284-ac1c-425cb13901fd,14,946,20240927,602.0,42,2024-09-27 09:35:00
76ed4aa6-5563-4fd0-a000-f05cf6c0386c,28,598,20241113,1131.72,6,2024-11-13 04:17:00
e273c170-68b3-449c-9038-466a9f08850e,2,105,20240621,317.65,15,2024-06-21 06:38:00
232f515e-47b2-437a-becf-315683e0c458,17,372,20240801,245.83,14,2024-08-01 12:42:00
32f954e4-0eaf-4903-b9e4-cf50978de938,33,270,20240622,1204.87,50,2024-06-22 13:21:00
56e4488a-c2f5-4e6f-b9fa-2770e8641f37,1,827,20240921,606.91,28,2024-09-21 07:32:00
4bc9d351-9918-4e45-af62-e5901f32ffbf,36,431,20240801,1701.57,24,2024-08-01 16:10:00
b5fffb5f-8c49-45ab-a09b-43371bc55f68,44,215,20240918,1789.18,47,2024-09-18 22:58:00
ae2d608b-a1f5-4529-bd2a-7ff259e0213c,13,475,20240929,1893.37,15,2024-09-29 10:48:00
a26540eb-308b-454d-ace9-b87fd33ca8da,37,657,20241111,1182.72,7,2024-11-11 08:06:00
09d57dc1-deb2-479f-aae6-30b7e442a324,22,130,20240725,889.45,30,2024-07-25 19:17:00
44afdd42-7d1f-4273-b2ab-4b7d389ede97,6,497,20240729,1109.49,40,2024-07-29 01:59:00
1860a34b-93b4-4782-956e-e6306352ae33,46,742,20240828,384.54,20,2024-08-28 15:52:00
2a76c48a-1981-4c61-8205-aeed80defc2e,3,378,20240726,1435.59,26,2024-07-26 04:13:00
8a4f6d7d-f7ff-4b33-b015-617dd8a0d9f9,23,898,20240713,549.12,50,2024-07-13 22:41:00
175a21b0-b29d-46d3-8f94-4b4caf49bc04,34,870,20240605,1034.16,49,2024-06-05 08:08:00
78aa744a-accc-48db-b4e3-468d1905491a,36,911,20241124,775.5,50,2024-11-24 23:04:00
beb3ae20-12f7-456d-84dd-7de5c3d9b043,22,593,20240930,710.92,27,2024-09-30 02:59:00
2da67ac8-dc3e-4dab-9a6a-e3a9c0004228,36,523,20241126,942.58,44,2024-11-26 04:10:00
e25d5e89-dddf-40d8-bb48-21875b92b0e6,24,87,20241009,1594.22,23,2024-10-09 01:04:00
e84cf5c8-11a5-4d8a-b21c-8b63628eac1a,15,11,20240908,627.84,15,2024-09-08 07:00:00
31592550-d350-4ac9-9495-993327a93b96,45,668,20240926,1470.32,23,2024-09-26 05:56:00
e59e2773-c7e7-4357-b070-75138abe6bf6,32,626,20240912,192.0,2,2024-09-12 17:10:00
0ca811fa-5ee7-4e06-b84b-2c4477cd646b,41,417,20241103,512.95,24,2024-11-03 00:39:00
1db52aee-1e75-4150-a6f8-00c62d4a63e9,27,751,20240621,1358.49,49,2024-06-21 18:54:00
0d710d4d-a469-4ffe-bb52-27fd8a1a3cd9,13,787,20240619,860.0,28,2024-06-19 13:30:00
9327d34c-0240-4347-af95-a9ac6adf2a09,22,972,20240606,824.09,35,2024-06-06 23:01:00
7c7e47f8-d103-4b24-b8ef-c60c20d165d9,41,426,20240619,1614.31,30,2024-06-19 06:36:00
19c4abdf-d4e6-445b-9cdc-1ba6bd98b812,15,209,20240825,1342.45,29,2024-08-25 07:19:00
d34fe91c-329c-47b7-8726-0bbe16ca4d59,22,723,20240916,1241.09,40,2024-09-16 14:26:00
2703a83c-bf92-46eb-bc02-8b827edcee02,5,446,20241006,991.82,22,2024-10-06 13:41:00
d2ec56e4-e23c-4026-8d25-b710da01f124,30,699,20240720,1136.35,42,2024-07-20 14:25:00
32411815-3fac-4c48-899f-70410207f4ac,17,17,20241005,197.54,12,2024-10-05 16:22:00
b8a626de-22ed-4ddf-b4e0-5d317a9e843b,25,495,20240612,1823.54,12,2024-06-12 22:31:00
895f4deb-0d91-4b62-ab04-b3c05a804d2f,32,161,20241018,846.0,31,2024-10-18 15:29:00
e9ec9661-8fde-40e7-907e-b04a377ffaaf,4,709,20240626,1432.35,50,2024-06-26 10:14:00
c8374ea0-9ef2-46e7-9a50-56e66d8a30bb,44,230,20240719,213.93,6,2024-07-19 23:54:00
5d0a8ced-15e6-4e4b-a100-402e68672276,23,978,20240729,1874.2,2,2024-07-29 08:49:00
91a06720-134c-49ba-a2a5-b282ad980b0b,27,625,20240917,1246.3,18,2024-09-17 20:54:00
d9074767-8e28-474c-8a80-cb1121ea8535,44,479,20241027,793.26,21,2024-10-27 20:33:00
b706c1cb-569b-4e62-baa4-49d8ede9f870,13,381,20240702,595.58,3,2024-07-02 11:30:00
eb77d914-452a-4947-9666-a224d05ff904,33,405,20240726,944.7,19,2024-07-26 17:58:00
11934707-ea20-42a4-b382-5fd573506c0b,38,146,20240629,1099.21,8,2024-06-29 21:53:00
fdaf35cf-2397-4fba-8fa7-b9711065e7a2,42,57,20240730,810.69,35,2024-07-30 21:29:00
3656caab-5534-4d65-bbae-963f37eed420,1,557,20240815,1495.31,34,2024-08-15 13:55:00
ae1eedf1-a0ad-4c6e-8028-3101063c2e36,24,27,20240805,1415.27,47,2024-08-05 15:08:00
5acc3cb6-cab3-4a20-916f-875326d11b90,16,107,20241021,496.77,22,2024-10-21 21:42:00
d83e9e8b-9719-4e38-b915-e4eb45c7b145,3,891,20240813,87.91,2,2024-08-13 10:45:00
3ccb1a11-25fc-4f29-b977-e89750290487,12,940,20240908,1835.6,28,2024-09-08 12:30:00
23c32fdc-3a18-4453-aa8a-3c761cd9f789,41,697,20240903,1296.15,13,2024-09-03 01:23:00
9257bb56-ecf9-47f0-9e43-c669faef95ac,47,351,20240722,204.99,37,2024-07-22 03:19:00
c01aaaac-7c80-4a18-96c5-05b078d9d78f,8,746,20241109,1124.5,15,2024-11-09 14:13:00
3f7f93ba-3eca-4208-b2fe-0b72ea34df65,16,127,20241024,1871.8,43,2024-10-24 23:26:00
e770bf9d-9902-4319-81ad-c64e2d1b50e2,39,967,20240623,1625.89,10,2024-06-23 03:47:00
6e34ecf9-d199-44f0-848b-625fa3e2538b,36,633,20241115,880.49,8,2024-11-15 13:08:00
4115bc4e-f06a-479c-a627-11e4d7d64314,11,506,20241109,1026.09,2,2024-11-09 08:26:00
5d9ea546-6688-4eea-8cdf-9130d826330f,20,18,20240803,1403.02,1,2024-08-03 18:41:00
d3968f74-bb6b-4328-83e7-35fe13f0d7c3,30,491,20240908,856.04,12,2024-09-08 00:39:00
0e05e77c-cfd7-43b0-a275-bad9be667fcc,34,437,20241031,965.15,17,2024-10-31 15:07:00
b88ca1df-9898-4d9a-9436-6bf2e9983b9d,23,881,20240716,1810.3,39,2024-07-16 13:45:00
4ebebb71-1a35-4c43-9f65-7f4a40d9f9df,50,623,20240807,598.42,45,2024-08-07 15:51:00
70804d23-ec0e-460c-a10a-6cbbad699146,9,881,20241126,869.64,14,2024-11-26 14:55:00
8f9e6005-a08f-4be4-999f-471114789136,41,923,20240925,483.24,2,2024-09-25 02:14:00
86a437b8-4967-448e-b12d-c86bb0f44eeb,50,955,20240702,1573.42,41,2024-07-02 13:17:00
0c1eac2b-ef96-4497-92a1-c584a50d62fc,13,914,20240821,1232.29,28,2024-08-21 12:36:00
705e8d86-e250-4f2c-a001-449716be64e1,6,484,20241001,1245.71,4,2024-10-01 07:59:00
7690c430-9adb-446b-bc51-bd2d5bbcce5c,36,111,20241022,71.61,35,2024-10-22 10:43:00
1ea06ccc-98a6-45be-8457-e100a1fbb4e3,28,108,20241018,1923.87,33,2024-10-18 23:38:00
91094d6f-e843-423f-8d80-6e37e43daabe,19,838,20240715,1034.38,40,2024-07-15 09:48:00
87cca675-8cc8-462e-8506-35b15b0a094f,11,387,20240922,1934.95,12,2024-09-22 12:31:00
f0039b91-a9f7-44f0-94f6-8faf8bb7be26,2,148,20240729,655.31,47,2024-07-29 10:57:00
f4378974-c3a5-450f-bcfa-002a588ff888,36,914,20240928,1549.46,9,2024-09-28 17:40:00
18475a90-6103-440d-b166-4ad8523b4f32,31,30,20240911,738.45,36,2024-09-11 22:11:00
afe770cb-23a4-40e6-9ca5-7bc980c50af3,2,9,20240921,386.82,35,2024-09-21 18:46:00
817473b3-5a3a-4cdf-a34e-1f32f0d7244f,13,426,20240608,791.4,34,2024-06-08 09:55:00
1124698f-4a98-43e0-9dff-1ee4d97c261e,37,519,20240830,555.58,19,2024-08-30 14:21:00
5183bd06-cab6-4e64-94da-e3cc76f56937,14,85,20240816,1298.63,3,2024-08-16 01:52:00
836d4476-2426-4ac5-a178-40f9e37dc403,12,532,20240803,1414.99,30,2024-08-03 16:11:00
64579946-84b9-4112-973d-64ba2552991e,10,123,20240813,1962.78,11,2024-08-13 13:13:00
b96110bd-a844-4b57-b8a7-0773c0934cac,14,529,20240920,506.96,32,2024-09-20 01:58:00
474b82a0-6c5e-4d6d-a815-b644dfc96645,40,71,20241127,410.44,15,2024-11-27 15:26:00
332b81bc-09f5-474a-81f6-c5ead7832a85,4,746,20240626,1578.67,16,2024-06-26 16:13:00
8289c21d-e6be-4276-9df4-eb88fc18a9c9,30,194,20240819,1076.58,22,2024-08-19 06:07:00
0fa455b3-59a2-401d-ae27-c0131b03c6ee,37,15,20241105,1145.23,35,2024-11-05 19:23:00
3666d3ef-583d-4a88-bfd6-026dec8c754a,21,196,20240927,1152.94,19,2024-09-27 12:33:00
d45d6952-c89a-4a42-937f-c6438b769d57,23,750,20240906,1462.21,44,2024-09-06 04:20:00
f9590374-2a15-4240-8f2b-531362bbc0f5,38,816,20240904,894.23,8,2024-09-04 15:36:00
cddffe6e-86e3-4ad4-aa7c-5eff2fc05490,43,61,20240703,1624.34,9,2024-07-03 08:39:00
d90ac8c5-307d-4282-810b-aad44a5c6446,14,437,20240612,460.62,42,2024-06-12 19:29:00
437d475e-371a-454a-a7de-e565e093153a,11,537,20240709,1333.55,28,2024-07-09 14:50:00
6561cda0-f624-4a98-8a1c-f1af9489443e,44,735,20240708,1119.42,11,2024-07-08 14:06:00
5d6f08cd-3b32-4929-a461-77a8218bfbad,9,862,20240626,65.2,45,2024-06-26 05:04:00
dedf112f-dab2-461a-9883-71455df3d462,2,349,20240616,1212.61,35,2024-06-16 03:25:00
f9518716-5d5e-48dd-8437-2677f6d96f4d,5,823,20240614,297.95,29,2024-06-14 23:40:00
a8e60f91-3e05-4253-9733-66b75d29b712,25,897,20241009,1298.03,21,2024-10-09 17:50:00
b4880057-9d83-4839-a2a5-535d6b1046f8,31,28,20241124,982.19,14,2024-11-24 02:38:00
3117bc8a-fe97-4387-8936-a8ebd44bc990,16,584,20241113,1336.64,30,2024-11-13 20:14:00
8812e5c3-6550-48dc-ae86-eef689b0dbf7,48,117,20241109,92.31,47,2024-11-09 20:11:00
a77ce7da-4135-4ab1-a2a8-e319f94925f0,40,558,20240805,854.16,37,2024-08-05 01:26:00
b09c61a0-9c03-44bd-9860-09f1b55c44b5,36,527,20240910,1541.23,35,2024-09-10 19:28:00
4eb8d8c5-eb7d-4178-8c45-0530367f646b,2,272,20240628,1659.04,49,2024-06-28 23:17:00
63bf6733-2240-41ee-afd1-f8b5ebab6f1c,36,711,20240926,1976.13,33,2024-09-26 06:37:00
cbbae0c8-3d2f-4f4a-84ee-a9f49d190a70,14,608,20240812,1810.94,36,2024-08-12 10:20:00
eb1a0c8b-1eaa-4a4a-8176-b1486b5c72a3,4,381,20240614,1998.5,34,2024-06-14 00:56:00
2a6954ce-64d9-4a09-b819-36d3b836972c,12,805,20240630,1687.37,28,2024-06-30 20:35:00
cecd0fb5-1640-42bd-8a73-c1057025905d,24,746,20240804,1477.74,47,2024-08-04 09:17:00
68b629c0-fa54-4a1a-9fa5-c4ba6f4d5115,22,863,20241120,1895.37,46,2024-11-20 07:04:00
91748c13-2279-4698-a1b4-10e289f3ff90,28,576,20240713,158.83,3,2024-07-13 17:37:00
cf7452f2-df62-4f25-bc25-ce74154d3b9c,48,363,20241030,810.43,32,2024-10-30 16:43:00
a7c6c2b3-906b-4030-93a5-2e7ec48f7ca2,22,26,20240715,59.59,44,2024-07-15 23:59:00
2869d5ea-d736-47a0-88c6-3a0d9c32ac21,47,177,20240829,1548.32,2,2024-08-29 18:06:00
2f4488d0-7714-484c-afd6-8c881cc2eb02,38,476,20241029,1314.68,28,2024-10-29 06:04:00
a93585d2-eff1-4965-9455-50800e920e73,9,20,20241011,1899.4,36,2024-10-11 10:24:00
ad9b0d4c-7430-44af-8d8d-95e3b49e8d51,49,803,20240623,1153.03,18,2024-06-23 03:00:00
a25043c2-9f4c-4f30-bd16-f61b3200c61f,33,1,20241118,803.59,5,2024-11-18 21:05:00
60f77a8b-1c98-4181-bbb2-55796e9ee6a6,15,336,20241021,1534.88,32,2024-10-21 04:31:00
091d182d-d5ae-4366-93a9-80aea8d2c24e,47,855,20241003,974.86,47,2024-10-03 02:39:00
49ef9161-2f54-4673-ac0b-0913a3ca221e,47,822,20240623,678.76,44,2024-06-23 04:30:00
9d16a752-d125-44a1-8bb2-7b9de37d5c85,49,808,20240719,1291.87,34,2024-07-19 07:51:00
7ec6d7e8-a825-40a7-8b20-f0083cff7175,29,468,20240603,1523.59,50,2024-06-03 04:13:00
34c8dfe2-1e57-4073-8c3f-e275aad6c0fd,45,332,20240729,1384.9,1,2024-07-29 09:46:00
5887ae83-be28-485c-9e26-394660b3277d,7,560,20241024,135.69,7,2024-10-24 19:37:00
98aece35-dbd2-4081-be93-e2ac8d06345e,12,709,20240915,717.61,4,2024-09-15 21:46:00
c67105ff-2f33-4cce-99c4-145cbc3d37f1,45,846,20240910,1861.6,9,2024-09-10 07:44:00
37fb59db-5a3f-4503-85bb-535d2a3b4ac0,23,761,20240603,277.23,9,2024-06-03 06:09:00
882dfbc7-8795-4928-8297-12fdeb77b6e5,10,153,20240803,456.28,8,2024-08-03 14:04:00
c22e9fac-4a49-4c06-858b-2e966e8cedb1,31,430,20241031,1286.21,13,2024-10-31 03:23:00
a5706042-1372-4287-903d-98b145a745ab,47,428,20241024,1518.57,17,2024-10-24 23:25:00
eb8f18ba-1169-42ca-937f-bdf06c3a2e9c,28,39,20240809,1543.59,31,2024-08-09 10:46:00
cd2caba1-e89e-45e4-83b2-06a7f2350f8a,44,59,20241018,214.69,26,2024-10-18 09:52:00
24d4ff9d-3820-4706-8ff7-b0099c9064f5,32,468,20240727,512.25,17,2024-07-27 07:20:00
57fdb804-dca6-4970-8eb7-d58e48241a18,14,989,20241123,1426.98,40,2024-11-23 08:17:00
8cfcb26d-fe11-453f-90bc-aca2d51fad39,19,822,20240602,1171.61,15,2024-06-02 16:17:00
261e38fa-21eb-4522-8309-891067ab1eee,39,997,20240913,103.3,50,2024-09-13 11:52:00
45dac73f-f0ac-4a34-9603-00af95acf1ea,9,290,20240831,67.32,50,2024-08-31 02:28:00
90684046-da2b-44f8-b9ea-790410570c72,14,23,20240915,950.24,15,2024-09-15 21:42:00
9a3687fe-bb7d-42bb-8567-3731443be085,37,806,20241116,1005.53,34,2024-11-16 04:06:00
991105e1-f1d2-4b06-99c6-2123502a09a1,36,989,20240816,686.99,30,2024-08-16 01:19:00
ba5df93b-3730-48cc-afce-ae36f35b3d99,49,58,20240714,753.49,24,2024-07-14 21:00:00
3e490b23-3a18-427d-9d0a-4c677bdcabd9,43,827,20241008,1764.54,37,2024-10-08 11:36:00
93bd6cb7-49ad-4995-b10e-c581c566fb1c,43,626,20241007,1338.72,8,2024-10-07 02:59:00
e00103e3-5297-4f49-a504-f0e58bb1c764,43,344,20241003,1372.89,40,2024-10-03 04:02:00
cc5d5ec4-2cdb-4da8-bef1-f01fc988659a,20,953,20240629,1009.53,13,2024-06-29 23:49:00
89e44c35-8905-43d5-9cd4-62cef5bb1274,27,517,20240907,505.74,12,2024-09-07 02:41:00
8b0879f3-e423-462f-aaa1-b74f835cbb92,29,456,20240617,1913.72,42,2024-06-17 15:44:00
89ae969b-23c0-49e5-ac41-d4ea0d973fa5,23,469,20240703,359.8,1,2024-07-03 22:41:00
50dbf3e2-03a4-48bf-9a1e-c63c4023d30a,37,214,20240925,988.29,28,2024-09-25 13:49:00
42d1eabc-867c-4862-bab9-627c903a3b46,41,531,20240718,1104.69,5,2024-07-18 19:46:00
d31f4f1f-a551-403f-b996-5235acfff676,25,606,20241113,458.66,49,2024-11-13 04:28:00
11848835-27a2-4c30-8d46-095c3a7745bd,15,809,20240623,1669.35,1,2024-06-23 09:29:00
cc3c8f74-03d8-495c-8238-7c181986c839,1,261,20241017,1971.48,21,2024-10-17 23:00:00
75640c4e-1e34-4a1a-a751-e937f835eb8f,30,430,20241029,612.22,44,2024-10-29 12:46:00
59279200-6bca-4b6c-98e7-d5e4694516ce,39,592,20240628,716.04,2,2024-06-28 01:08:00
5ef51515-b8e7-40f5-bbd8-47a04b0e2865,8,707,20240708,87.47,50,2024-07-08 11:37:00
13f92d10-21f8-4d40-aebd-1d65902d9b00,4,458,20240906,740.71,44,2024-09-06 20:44:00
56eeaf77-1c4a-46ba-86df-9e1a38790374,3,739,20241021,1561.6,34,2024-10-21 09:16:00
9602d2f1-75f6-4932-a633-0cb322b99914,35,653,20241115,758.55,14,2024-11-15 20:39:00
8de76cb9-4251-415b-9970-c6fcdfc0a59a,50,269,20241004,536.89,7,2024-10-04 14:49:00
cdd4014a-a832-4f66-8d8f-c23ac1921f44,25,935,20240821,1643.81,42,2024-08-21 18:10:00
d889af89-2b36-4831-b9b6-7c33341c37c3,38,924,20240701,1983.31,10,2024-07-01 13:15:00
108dc19c-3fee-446f-963a-90f55a6b3553,39,146,20240928,1997.39,6,2024-09-28 16:55:00
285505ce-812b-4c8b-9e86-054fa92b4565,8,142,20240828,168.97,32,2024-08-28 00:08:00
35f1d04d-a022-408c-a6f2-eac8cd898e56,18,184,20240906,1074.6,24,2024-09-06 06:39:00
4a1b7a8a-a519-459b-8529-325fd646d216,27,854,20241031,1986.05,1,2024-10-31 01:17:00
764340ab-c8ab-4428-ac0c-618db56cace4,10,561,20241114,691.93,37,2024-11-14 15:50:00
cec99e41-e3e2-4824-94e3-37767eb9ca35,39,907,20240731,151.14,15,2024-07-31 20:45:00
fe22b7a1-0f6c-4dd0-a49c-f19bb3f2fb9e,10,344,20240814,916.69,50,2024-08-14 00:33:00
a2cded2f-7b73-4d2e-94a5-90637090fa4b,34,65,20240622,266.64,20,2024-06-22 09:48:00
9208f74e-2cd8-4ac8-a714-a00d5ac8359b,21,621,20240708,238.92,12,2024-07-08 10:53:00
e8180a05-ca1a-4560-98e6-0d91a58ce681,37,742,20240805,1599.82,25,2024-08-05 17:00:00
5aefc73e-66de-4cac-bd51-c8809faf8467,32,222,20240901,441.0,18,2024-09-01 15:24:00
5aac8757-ff1c-4552-9cef-d6b12ed746e9,26,220,20241010,438.78,17,2024-10-10 17:44:00
983fdafd-5e0a-4a68-8d80-12356b2fc499,2,534,20240819,1223.81,44,2024-08-19 11:39:00
732c1f2f-e9e6-42b7-b37b-1e40cc77d86f,33,460,20240607,1140.73,20,2024-06-07 10:00:00
31e2fbb4-48f3-45b9-a3ef-e3ecbb6a20ee,31,380,20240610,198.16,33,2024-06-10 11:27:00
89ab650f-8025-40a0-aec0-6082a0d56ab5,18,755,20240729,213.61,14,2024-07-29 14:35:00
c9067410-af4a-4b5e-bb98-38b943fd21f7,43,651,20241003,639.15,25,2024-10-03 17:09:00
41a7f41f-126d-4ef5-b289-1e3fd2adf60b,10,544,20240710,1635.08,50,2024-07-10 16:28:00
868d187e-7206-49bf-935d-dae1d3ef1ee7,41,172,20240812,1107.96,10,2024-08-12 11:36:00
6e189f65-87ab-46bc-a63c-e2ab31b83331,31,95,20240802,1426.25,29,2024-08-02 14:12:00
3953ce73-6fb6-4647-988d-c0767c09679c,28,256,20241113,1300.92,49,2024-11-13 14:45:00
f74d78ff-b247-47d0-b1c7-c64707de64b9,11,275,20240803,1895.12,8,2024-08-03 17:19:00
9b7fe9e7-4956-4152-a574-5ed489334b9d,15,610,20240828,303.64,48,2024-08-28 01:30:00
3d80f2f2-bcec-4675-ba85-8adfb592c6fa,27,787,20240914,1332.71,31,2024-09-14 06:14:00
18bdec10-5a07-436f-b186-30dfca2e1f36,1,85,20241108,300.88,40,2024-11-08 09:35:00
3a04e2b3-02af-4c43-bf74-472e767e2e6d,14,262,20240724,1089.26,4,2024-07-24 17:13:00
91f57479-f41a-4f98-a8c7-7c680a7510a1,9,747,20241008,552.71,18,2024-10-08 10:56:00
07e62d9e-ddaa-42fa-89e5-aa67f820640d,46,115,20240921,196.43,11,2024-09-21 11:53:00
dd7bf2ca-4d44-4920-a510-6704a5d085c8,28,796,20240915,1968.03,26,2024-09-15 20:53:00
9aae4698-0173-41a8-95e9-9f4bd52d7d8a,11,490,20241015,1412.39,47,2024-10-15 16:06:00
641ad0a0-be04-478f-899a-db3267a797db,11,267,20241103,1365.87,26,2024-11-03 13:59:00
d28da7dd-1b7f-4cfa-ae5a-a6af0a2f7d89,30,486,20240703,171.54,27,2024-07-03 15:08:00
4ead47bf-d5e3-4866-8832-83554a15a8db,3,2,20240620,228.33,6,2024-06-20 01:38:00
fa0583fc-73b7-4a4a-9ae2-e6fe2f46ead9,49,499,20240820,1690.95,13,2024-08-20 00:30:00
4c4946d1-48cd-43c0-91f3-c8f8accba4c0,18,108,20241013,1836.18,10,2024-10-13 01:54:00
368c612d-6f7c-4c38-a99e-96ed5ef13537,42,531,20240626,1946.33,14,2024-06-26 23:12:00
e42e4e25-ccbc-4a9d-af93-23ea2577331c,39,595,20240830,1885.52,12,2024-08-30 21:37:00
8ea469b1-58aa-4426-9647-466c0f962765,39,63,20240815,1914.74,16,2024-08-15 16:44:00
cd2e0092-2e05-4aec-9bad-35d1fafe2ab1,34,17,20241127,311.63,14,2024-11-27 02:06:00
9482cb58-39df-4093-b76f-fc605ed32213,21,127,20240628,1879.96,47,2024-06-28 08:33:00
a9ae36d4-2f46-4868-9b48-17c8f86038a6,1,555,20240627,1029.16,48,2024-06-27 12:35:00
e51ce2dd-ab48-4f3d-9a90-39e639577101,36,869,20241003,353.28,2,2024-10-03 04:41:00
205f416e-2959-433e-99f6-5425d5d146bd,43,470,20241019,169.03,44,2024-10-19 13:06:00
7ab3a3f5-5338-49ac-b947-3fb8f2c96955,23,602,20240601,237.32,14,2024-06-01 22:08:00
94b5b1e9-f874-448c-86fb-056c75ce8a08,1,742,20241020,1662.9,45,2024-10-20 22:38:00
71ef8afa-068c-4b78-beb8-0da528405f23,49,214,20240913,778.06,36,2024-09-13 01:42:00
07d80936-6a84-4faf-8c58-d525b8c71611,2,292,20241018,1269.85,10,2024-10-18 01:11:00
d9b011a0-b6f5-4535-b326-b2672ac5322f,47,742,20241111,256.95,39,2024-11-11 07:36:00
9b85c5d7-d9e2-4bee-9aad-2905e95c766a,37,141,20241006,652.94,36,2024-10-06 21:23:00
70839232-70a8-4f3a-8f9b-8e06b5c6ec4d,22,488,20240726,1253.79,48,2024-07-26 21:32:00
f0eae95e-7a77-4b95-84bb-3131df93e55a,47,695,20240612,1231.09,43,2024-06-12 03:18:00
413216ab-e671-4e58-9da6-818655eea4ea,3,491,20241112,1606.13,14,2024-11-12 14:25:00
50df82b6-06b2-4ae5-9858-2a7a9529ed4e,46,764,20241010,959.66,30,2024-10-10 09:36:00
cefc21c9-353e-488e-9390-e6c99cde1d87,40,932,20241017,766.03,45,2024-10-17 20:57:00
c9926987-9cef-4edb-8b80-b1fa3be67636,8,121,20241019,231.1,14,2024-10-19 19:25:00
4d748544-b9bd-4e05-a33a-a5ee7a563209,29,909,20240601,1302.24,21,2024-06-01 11:44:00
3b51aaf5-4ac2-4ec5-8f99-c115bd26776e,19,882,20240628,1405.57,38,2024-06-28 07:55:00
bae66c05-ee89-4d82-b6b5-e5673900c1e4,32,233,20240606,1025.37,6,2024-06-06 05:12:00
2e382d75-9129-479c-bc62-6639ee712458,6,886,20240804,434.91,2,2024-08-04 02:58:00
2e6ea0f8-0896-4da1-bc61-35c31d1388d1,48,83,20240616,1035.59,14,2024-06-16 19:02:00
f70b2887-f07b-4210-b087-7419adf60b79,37,861,20240710,1714.37,3,2024-07-10 05:27:00
d73d431d-8b0f-4bf3-9ded-e4b740e446f5,40,61,20240611,163.05,45,2024-06-11 21:00:00
6f660090-1e16-426e-8de8-19e0d83505be,26,45,20240620,1331.08,38,2024-06-20 14:45:00
c0966502-fef9-4b11-a7dd-392aa00541c4,4,480,20240813,1049.68,2,2024-08-13 14:28:00
83899d49-59a5-4e10-8854-669ee34f5486,12,827,20240915,1005.73,27,2024-09-15 05:39:00
7248bb93-3dff-40a5-a0db-0082b49ed760,36,966,20241012,965.61,3,2024-10-12 15:22:00
1cf15482-ac2c-4da4-9f75-dff9c4f09be6,44,543,20241107,436.05,50,2024-11-07 05:18:00
a29c5d91-35e8-4561-915b-5ca2698c2b85,5,817,20241001,1048.09,22,2024-10-01 15:15:00
5a6428ff-2ebf-4e79-a422-fdac50711be6,41,471,20240711,216.31,19,2024-07-11 07:30:00
e6878dd3-9034-43b1-98a7-b35871d73902,46,742,20240930,494.44,9,2024-09-30 01:42:00
60b87381-4546-4846-b18a-53900571802c,38,690,20240701,1054.0,30,2024-07-01 03:14:00
08dd2900-c317-4a0b-9d0c-eb2a077544b8,40,27,20240611,190.15,44,2024-06-11 23:26:00
78ab2b42-5e21-4c53-829e-b9faa05483c5,14,911,20240815,1654.63,30,2024-08-15 23:55:00
2546dc02-9741-4eb6-bac4-2945b3977d56,31,843,20241125,874.02,18,2024-11-25 03:28:00
53bab49d-b2a2-4260-82c2-d79d190e1129,30,235,20241125,1994.26,35,2024-11-25 12:46:00
79240cb7-febd-4999-9c08-8ac3fea47dd0,26,294,20241125,1734.24,41,2024-11-25 21:04:00
45be82df-0a9b-400f-87bd-e618bb7e0b90,29,490,20241005,546.96,15,2024-10-05 05:24:00
d58bd8ba-80b6-44df-8a57-5b9cde2ea8c9,15,869,20240819,188.5,21,2024-08-19 13:33:00
7977c66e-d399-47bd-a9c2-f6782d3310b2,24,476,20241121,545.09,12,2024-11-21 02:45:00
f9ee5d01-0cdb-4006-b58f-3b39e6f50f5f,34,640,20241113,544.4,44,2024-11-13 09:13:00
e4a703d8-322e-4bc3-ad11-99482a907b46,4,221,20240801,386.3,37,2024-08-01 11:13:00
8e604b08-0824-424f-be50-88086f326cef,18,850,20240615,201.71,7,2024-06-15 11:21:00
88259c9f-a3b8-47ae-b008-441a8bd24c80,28,779,20240927,1399.01,40,2024-09-27 19:46:00
9cc87dcc-e3fd-4336-b514-bf5d0c9451ee,10,261,20240609,834.01,16,2024-06-09 18:04:00
835f545d-925a-4ba4-b28d-817f3a31f7b7,12,23,20240701,1042.76,10,2024-07-01 22:52:00
9804711b-dcc7-4de8-8859-63eb1212cd6e,9,565,20240607,126.83,11,2024-06-07 04:50:00
8a07f391-a67d-4fa8-964b-78489e0b74f9,33,161,20241102,1504.31,28,2024-11-02 18:34:00
7c9809ec-950f-4b35-803a-e6d7bc771b0b,40,734,20240723,699.06,50,2024-07-23 07:34:00
49fe2c47-cceb-44b3-b149-e93ff7e9beca,41,932,20240910,1843.98,10,2024-09-10 11:34:00
c2d008c7-edb2-4a97-a499-dad292a40b73,34,671,20240707,1851.15,48,2024-07-07 03:33:00
d4ca1fe0-f65e-4057-a1fb-e8f35a53877a,45,471,20241125,297.87,33,2024-11-25 17:37:00
aa7a2be9-47ad-4d1d-82f2-972148a314d8,45,858,20240925,1572.91,20,2024-09-25 02:54:00
30ca0cef-0aa1-46fa-acf6-d98668dbbfee,29,317,20240606,519.7,46,2024-06-06 12:08:00
ee0d057d-528b-479e-876f-a8b4577a4401,39,126,20241101,77.13,4,2024-11-01 13:01:00
933c15b9-e1e6-4355-a4b4-6a0c76b97acc,33,586,20240727,1406.86,22,2024-07-27 06:03:00
fd0ce403-f98e-42bd-ab06-652a6cd091a2,38,388,20240709,1610.26,40,2024-07-09 18:12:00
8bac8659-7748-49dc-b02e-785787e770a7,13,136,20240726,57.75,4,2024-07-26 16:05:00
00ea79df-e3a4-490c-8926-4f0441d96966,25,517,20241018,631.27,30,2024-10-18 00:45:00
bf506d6d-2242-48a0-8f01-ac244b5409c0,50,852,20240718,624.41,29,2024-07-18 18:51:00
140e71f9-c488-4981-b41f-51c933ec0d5c,40,354,20240811,1782.45,24,2024-08-11 03:44:00
1076c863-46fc-4f86-b14c-7bf25670541a,25,915,20240922,228.62,35,2024-09-22 09:12:00
c579e872-9d7c-4ee0-be6a-d801ec4a9ece,48,333,20240717,774.84,4,2024-07-17 13:32:00
b6e80c81-b469-4b01-b888-bee9785b63db,18,444,20241024,1832.89,15,2024-10-24 11:06:00
17a34cbc-7a5b-4853-95ec-f428525e40fa,38,128,20240814,1511.05,10,2024-08-14 03:52:00
604bcf78-791d-4cb3-a11b-c0ba47cfbb26,4,519,20241103,1389.76,11,2024-11-03 16:30:00
ace198f7-491c-4936-9b47-c4c8f5d12469,22,519,20240904,1917.64,9,2024-09-04 14:40:00
65c96dd0-8fc0-4300-8b2c-4d9ccff632e0,21,363,20241115,1632.45,18,2024-11-15 08:05:00
6d18b57d-11d9-420c-9bfd-bea5ebd991f1,33,224,20241027,114.67,49,2024-10-27 04:19:00
8b9eb305-5958-425c-ba40-7e47469170d3,7,68,20240923,1793.79,5,2024-09-23 09:13:00
fd0e7aca-abb4-45d4-a86f-c0e66d5a4185,35,825,20241103,1600.07,31,2024-11-03 10:41:00
222aec07-c773-4759-a4c0-c6db7da6a89e,21,73,20240826,68.04,32,2024-08-26 04:28:00
e5458adf-acb4-4701-9f25-acf9c4ee350c,22,803,20240729,925.72,16,2024-07-29 22:05:00
d3482db6-4091-49bd-8ed4-574592ba79ee,19,625,20240726,638.61,45,2024-07-26 23:52:00
6a438223-27d2-4e29-9d4a-198f04ac0138,6,141,20241007,114.02,26,2024-10-07 09:02:00
48d956f9-a4aa-4246-8c8e-29800d3379c8,49,161,20241024,546.06,38,2024-10-24 11:36:00
c7332831-bd5a-4e84-9ed3-2173554bc323,34,624,20240730,761.97,10,2024-07-30 00:17:00
d692efab-4deb-4d85-8951-82636c3afb7f,5,669,20241122,776.64,47,2024-11-22 00:14:00
5907b86d-7af0-4380-880a-feb4eaff1c93,2,416,20241027,1315.46,32,2024-10-27 15:04:00
78d8ed52-9f7c-4d01-afed-c9801cb74746,6,929,20240830,1094.54,41,2024-08-30 11:35:00
dbb75317-af91-4e65-99b3-8cdb4f81c37d,4,3,20240815,1502.13,31,2024-08-15 20:05:00
468dd100-3129-4948-bc13-29545c6df5a1,5,516,20240627,643.79,15,2024-06-27 16:42:00
a916c38f-0ee2-4da5-9430-39bb74dcd95b,36,236,20241010,1706.14,11,2024-10-10 21:24:00
ccb0ce4c-9706-4c09-a6b7-dd03b23de00b,43,801,20241112,1147.82,6,2024-11-12 04:47:00
443c2983-dead-45ac-8eaa-2656f9a0847c,8,721,20240616,991.35,48,2024-06-16 21:43:00
31ebacae-8e02-4e7a-a4bb-3885ad261874,32,362,20241010,1872.58,6,2024-10-10 14:19:00
641ec833-8a61-451d-acd9-32d0523ddd90,17,169,20241004,581.42,45,2024-10-04 20:43:00
6a23d9da-f025-472b-8d5f-1a6b1bc4950e,28,663,20241105,1744.53,39,2024-11-05 07:32:00
6939788c-5373-4347-ad14-f50c0845a3b1,49,628,20241028,168.01,19,2024-10-28 23:35:00
e95927a1-fa4b-4d5a-9c43-994fdf3ccdea,7,417,20240715,218.65,35,2024-07-15 19:15:00
85bf3cd5-03db-4f07-891e-b87a427df687,33,235,20241008,1768.94,4,2024-10-08 12:37:00
a3baf46f-7c9e-4132-92b1-d774294b4d2e,48,252,20241122,596.36,9,2024-11-22 08:30:00
f284a423-f3e8-46f7-aae3-90a89c2a2a1f,38,191,20240918,778.59,32,2024-09-18 04:01:00
ba71fe7f-123a-44c5-a706-ef3b277669b3,45,523,20240630,1408.21,20,2024-06-30 14:49:00
0e90267d-6532-4cd8-b80d-97fb62620ded,28,190,20240711,294.62,4,2024-07-11 08:47:00
373db294-8204-47fb-b7dd-938becca844b,40,117,20241003,255.63,4,2024-10-03 04:42:00
77d78b17-603f-4e78-9d6b-717416febba8,24,626,20240622,301.28,4,2024-06-22 05:38:00
edc6eb85-57eb-4fab-8f1d-9f5c3f3e43ca,30,829,20240915,1003.7,48,2024-09-15 20:53:00
43031005-50b3-4211-ac5d-706f58322231,48,208,20241024,1245.26,23,2024-10-24 07:15:00
128d38d6-d1da-4be8-a068-1d43f4819ad2,5,441,20240704,1645.28,16,2024-07-04 05:52:00
2fa79ce0-dee6-41bf-89f5-1fa2aaf8a97f,32,308,20240929,128.67,50,2024-09-29 12:59:00
be256052-e5e9-4ff3-a8d6-d4fbde7760b2,15,388,20240822,645.44,22,2024-08-22 07:03:00
81647717-c0b1-43d1-91eb-916e811f665c,13,100,20241002,65.72,2,2024-10-02 17:21:00
44b49321-8e7d-4c1a-8192-5108df414ac3,35,212,20240714,1216.74,19,2024-07-14 10:46:00
dd071840-2eb4-4873-bd53-b7ccd84ac9df,27,676,20240709,1169.13,24,2024-07-09 01:58:00
dd4f4aee-887d-461d-a760-3fbfa80a991c,25,318,20240917,742.65,36,2024-09-17 13:04:00
c2bb4321-4a9c-4d05-b902-044be569949a,31,530,20240916,1362.28,4,2024-09-16 06:14:00
848e75e2-fd2f-4122-b001-62afb0ca9c27,13,260,20240614,421.08,23,2024-06-14 14:58:00
62bbb62b-0240-48fd-8a16-2532c02b925f,11,432,20240702,1381.04,19,2024-07-02 01:14:00
b0ad13e8-056a-4fa1-bdaa-2e7b80b39aae,3,862,20241017,1697.2,23,2024-10-17 22:20:00
a739d591-47ab-4f9e-a62e-ed2c487db6a1,47,319,20240921,1698.95,42,2024-09-21 01:04:00
216a28c1-ba59-4c60-8e46-c5c63b1f80a0,48,122,20240911,751.71,6,2024-09-11 16:05:00
eeae11cb-cb8c-4b0b-91c7-a6f0847bb253,48,641,20240830,1460.91,44,2024-08-30 22:02:00
7872f9c3-f4d4-468a-aca6-56cd77b108cf,16,884,20240629,1199.8,48,2024-06-29 20:49:00
87c6ffc9-2dad-43c5-becb-e59dc15635c5,48,793,20240827,72481.55,6,2024-08-27 21:34:00
3c36d305-f51d-46f7-95b1-1e2c3b76cb59,36,650,20240808,1255.87,22,2024-08-08 10:50:00
86df430b-5beb-4279-bc7d-1bdffefac4c1,24,862,20240902,1687.24,25,2024-09-02 03:23:00
1d8f3681-7023-40bb-873a-88efe5d61123,32,935,20240602,800.93,45,2024-06-02 16:42:00
7b3347b7-75d2-48eb-a7d0-e17c71417be9,40,870,20240823,777.26,9,2024-08-23 14:32:00
cd790a8d-8b97-4538-a22b-473d1ba46650,29,162,20240709,1838.28,49,2024-07-09 15:42:00
731cace3-2656-42d4-8e07-eb3277d4d061,22,854,20241114,263.03,10,2024-11-14 14:46:00
85c42a76-52d9-4ac2-848b-02fd05075f97,12,911,20241115,964.29,7,2024-11-15 04:28:00
ae9b01e1-ceb1-4de8-b58f-6a5800a30a7d,50,956,20240726,1499.74,44,2024-07-26 04:45:00
61f074c6-6bdb-4b76-81c3-261e03c3f9b3,34,511,20241003,1318.39,37,2024-10-03 07:11:00
7b93582e-4a0e-4140-834c-9d9f7c4e9c62,41,13,20240916,1102.6,36,2024-09-16 21:37:00
8dde048e-4c28-4938-bbc9-cd7ccc0e5df0,7,371,20241102,1536.4,38,2024-11-02 16:02:00
be6d41c3-a8dc-425d-9cbd-56b5471904b6,13,331,20240801,1295.01,1,2024-08-01 18:56:00
66d1dd3b-ce09-4abd-99b4-246a649f73cc,20,639,20240612,387.96,4,2024-06-12 19:29:00
df0581bc-8900-42f7-9a80-b96c2d286c99,50,808,20241018,1383.29,45,2024-10-18 19:11:00
14834a45-4b63-44b4-b4f4-1a49235ef691,45,863,20240713,849.37,38,2024-07-13 13:35:00
254dcf6d-a6d8-46e5-afe0-48d7fc93934a,37,181,20241122,76.27,27,2024-11-22 05:04:00
c8155ca3-74b5-4e99-8057-04e0e9fcdb07,40,190,20240620,372.36,47,2024-06-20 12:06:00
b0346f58-45a3-43b8-a6a6-b168826d9373,43,452,20240602,247.99,43,2024-06-02 03:16:00
b5173c79-a6ec-4847-b405-9649c3cef4fc,9,41,20240711,874.66,13,2024-07-11 10:27:00
e49ae5f9-4da4-4c46-8413-725c99024357,4,915,20240906,1032.62,41,2024-09-06 10:46:00
fc0d73ae-7008-4342-9f77-51dde42e7a33,44,117,20240812,1462.77,30,2024-08-12 16:49:00
aaef8fbe-9cbd-4046-a73a-d8fdc51ed57e,50,89,20241020,901.86,24,2024-10-20 23:36:00
bb9ffcb3-451a-411c-aeee-885c1765357f,38,754,20240829,534.59,35,2024-08-29 01:02:00
33dc222c-4517-4df6-ab06-a9dd7baecc82,42,769,20240708,236.57,34,2024-07-08 20:37:00
93b1083e-81a0-4fb6-8424-07fc9781ddee,17,438,20240903,901.36,47,2024-09-03 12:34:00
d8e8cbf5-fe23-4d42-ae53-ee82b1c6897d,32,378,20240928,1251.31,10,2024-09-28 14:02:00
54caf05e-0ae0-4e82-9ba0-dcba48b2011b,17,515,20241013,1413.62,21,2024-10-13 00:55:00
229909b7-219f-4787-b853-ad85d3d6c264,9,574,20240710,1413.51,5,2024-07-10 21:52:00
fe6aa628-ab64-4326-b417-22f22e1f804d,12,484,20241117,1947.28,41,2024-11-17 20:14:00
25350202-3781-4ccd-a52a-83e0512b2a8f,14,424,20240718,935.9,13,2024-07-18 16:50:00
5e33593d-52ec-424c-972b-8cfc911fc703,29,971,20241003,1656.39,16,2024-10-03 11:04:00
12f62086-81de-4642-8992-12fa097165e2,12,324,20240731,259.18,25,2024-07-31 09:29:00
812d09d3-e4fa-4dbd-aa25-58ec6d81daa2,36,359,20240803,888.93,16,2024-08-03 21:40:00
d140ad53-0fae-4b87-89b4-1b4d24fd60a2,36,590,20241024,384.91,25,2024-10-24 16:56:00
96a041c2-aed2-4e03-ae55-cf977d4184d1,2,856,20240613,1004.4,46,2024-06-13 06:36:00
e092c06a-7c0f-4e76-80b6-e5b870a65aac,27,6,20240615,1149.52,2,2024-06-15 17:10:00
fbdfe6e2-b43f-45a4-9c90-f5b799f89cdc,47,77,20240609,244.57,29,2024-06-09 01:24:00
beb07717-db8f-473e-88c0-03662f55e897,49,256,20240830,943.98,22,2024-08-30 12:41:00
3db77688-a075-4f77-a47c-be2f281507aa,6,195,20240725,1976.87,22,2024-07-25 07:53:00
2e31709a-663a-49e0-bc7b-46823245cf9f,45,576,20240930,1894.88,5,2024-09-30 06:16:00
bafba164-d27e-4dbf-9eed-66ff35c9833a,7,329,20240808,241.87,36,2024-08-08 04:26:00
f8717344-3f1c-423a-97b8-64f1cdf9fcdd,28,489,20241029,1177.73,6,2024-10-29 08:20:00
e40c22df-d7c4-49b4-bba6-9c88ddbd5935,44,591,20240923,1367.43,30,2024-09-23 19:27:00
66028739-1da3-499b-81ab-1914152510ce,44,270,20240609,1313.31,15,2024-06-09 07:01:00
2d6a409d-eeeb-467f-8e17-563e83c40b9b,42,496,20240907,131.46,37,2024-09-07 02:28:00
ba9a9b60-303d-40cc-8e1a-d49119a2dfba,34,240,20240611,1871.22,11,2024-06-11 09:00:00
ffa0936f-c71e-4f56-af76-0b875f91acf2,50,435,20240702,374.29,45,2024-07-02 14:09:00
a22fb9a2-af65-4902-bf24-c4b49c06d453,50,33,20240922,713.28,10,2024-09-22 05:16:00
3a498b4e-f0dd-4c49-9f24-38107a8ea62b,21,423,20240824,232.84,27,2024-08-24 22:12:00
7886c785-62a8-4f49-abf6-17b02c98e660,13,511,20240712,1320.66,11,2024-07-12 22:52:00
759e4a61-b838-46ad-9091-381094104afe,12,377,20241011,1401.07,21,2024-10-11 03:21:00
0f7a0477-032d-4400-b96a-0135868dde77,18,780,20240616,1855.48,17,2024-06-16 05:39:00
bf0d3035-9898-429c-ac0b-08cdfe87bc51,36,386,20240818,1602.12,3,2024-08-18 18:46:00
6c080b9f-11a3-40f0-a823-1f77c2345a44,12,237,20241011,203.37,18,2024-10-11 11:49:00
b054e781-8e80-4705-82de-493289accdaf,18,847,20240707,1387.58,43,2024-07-07 01:21:00
2a6974ef-adc2-4fd6-9d41-050d9329786d,33,426,20240702,1057.57,30,2024-07-02 21:38:00
3fed24a1-989e-4499-8df7-57b22df77590,4,720,20240806,905.63,2,2024-08-06 15:30:00
811df45a-7c27-45b2-b664-76226495a5be,13,749,20240730,340.12,4,2024-07-30 01:03:00
4ef46a13-7464-4095-9bd0-63beedaab1cf,15,866,20241115,351.63,1,2024-11-15 19:32:00
3fde7f15-9b07-41fe-9263-5a5d4b9a9666,48,325,20241014,842.86,41,2024-10-14 18:24:00
cd95d64b-78b5-4399-82c4-5ce78a848f65,30,118,20241122,632.06,23,2024-11-22 00:52:00
44a58b7b-7b3d-4517-bc56-80317ae0e580,5,413,20240907,216.74,8,2024-09-07 22:48:00
3926ff20-d603-40cd-b5f9-db285939cc2e,28,266,20241028,351.94,39,2024-10-28 18:02:00
42d0296a-c122-4079-8c2f-27520ae205d8,40,386,20240806,1643.48,27,2024-08-06 00:35:00
70e9b3dc-f36f-41e4-9fda-b9adfd743f8c,37,729,20240831,1715.82,44,2024-08-31 19:48:00
48308f2d-877d-4614-b713-5be8bf117be1,33,702,20241016,649.52,18,2024-10-16 06:09:00
c5f1577a-3d5f-40a3-9d86-201910778d52,33,641,20240704,1081.5,43,2024-07-04 03:24:00
859a3061-6f06-4f13-9df8-239d11d666d7,36,707,20241123,817.44,34,2024-11-23 12:17:00
5975f7a0-c8d7-4903-9a8a-55325a046c70,8,10,20240703,1181.29,22,2024-07-03 16:37:00
b1c44b8f-5e0e-4c7c-ba75-82acb0a32bd7,50,673,20240608,180.88,38,2024-06-08 08:08:00
d6b5c582-95a3-4c20-beaa-5e878a061e64,41,912,20240603,1161.15,25,2024-06-03 23:07:00
95e0e058-fef0-4712-a203-840bddba9c30,42,855,20240802,1182.51,42,2024-08-02 20:15:00
8568ef59-de84-4e0d-b17b-e2bdc542499e,13,854,20240821,225.8,41,2024-08-21 20:19:00
1f570ed6-b2aa-4364-96d4-883577b7019b,7,494,20240704,186.65,27,2024-07-04 13:45:00
6224b899-d303-4322-9fc6-d20f7840c0fb,20,64,20240706,1542.45,31,2024-07-06 10:42:00
586dd807-63bd-4276-a7b5-fac7a9b1a884,30,477,20241008,1601.62,19,2024-10-08 23:17:00
1bd7fecf-8f8a-4234-b2c2-392fe2888349,34,275,20240811,1851.71,12,2024-08-11 20:56:00
ccafdce5-e30e-4899-99db-97730f780a0f,26,426,20240729,1202.52,23,2024-07-29 14:53:00
3ffd4419-854b-4231-88f4-0f0581d29a4e,28,854,20240831,1280.3,13,2024-08-31 08:33:00
562de66a-69b3-4c1c-ad92-b193002549ad,32,558,20240719,1942.67,50,2024-07-19 22:21:00
532e532d-ad23-4cf4-a831-0b340ffd8aad,47,713,20241121,893.42,20,2024-11-21 23:51:00
6cb9c200-739d-4956-80b5-946445a8a6b4,10,98,20240902,99.86,29,2024-09-02 21:27:00
97597122-024e-4abb-b15d-35649d115671,12,945,20240831,1433.32,38,2024-08-31 09:31:00
63a6d731-f56c-438d-8fe8-8ba4e51330a6,11,323,20241019,1535.42,26,2024-10-19 20:28:00
22852252-f08f-4ae7-8b36-8866ab416a70,40,528,20240804,1680.97,25,2024-08-04 12:23:00
2b5dd6c8-edfe-47dc-a5a2-c97df1e8f286,49,172,20241109,1533.15,11,2024-11-09 06:38:00
28f0b9db-2d6b-4ab0-aa9e-31240d52a008,34,767,20240703,357.41,30,2024-07-03 21:00:00
3b54b0d8-72bd-4355-a490-9a5d8ed7c099,18,665,20240921,417.5,5,2024-09-21 01:42:00
01de5b5a-cfd4-43b5-9935-2fb7e8037661,46,594,20241118,1491.24,39,2024-11-18 14:57:00
816483c9-3146-43dd-90a4-6174449d1734,44,353,20240610,1009.09,30,2024-06-10 10:43:00
b44d7247-4439-49a8-9de0-b0d7b786bbf7,7,561,20240730,1676.53,34,2024-07-30 09:53:00
e0fbda52-9e4d-4f31-b593-5cd2099fec1c,28,665,20240730,639.42,33,2024-07-30 15:25:00
a6798038-4d20-4e4e-b850-11c8f3bfc9b8,10,943,20240823,1780.28,22,2024-08-23 06:01:00
0567215c-3a7c-44d3-afbf-dbd0c8939924,30,685,20240826,69.86,6,2024-08-26 04:47:00
be1b52aa-1c59-4613-a46c-e32b30bc2d95,37,344,20240608,511.93,6,2024-06-08 07:24:00
52cc0dc9-c348-4817-8caf-c4eb57a9d5ea,31,265,20240929,256.04,44,2024-09-29 00:49:00
2dcaee27-1b87-45fa-8adb-64d9701b2ae6,45,426,20240802,386.18,30,2024-08-02 01:53:00
caffec67-b134-44e5-ae9d-1e9c6f1d119c,44,154,20241109,1820.5,17,2024-11-09 19:44:00
280e985b-132c-4a9d-9ad2-bc5df4af771a,22,87,20240626,1055.41,1,2024-06-26 15:01:00
d31c947d-5ed5-4d41-9e62-afb7cbbc393f,12,489,20240702,658.63,17,2024-07-02 18:00:00
59067f80-24b1-420c-8a7c-3ea04a5effe4,50,279,20241021,1245.53,34,2024-10-21 09:02:00
3727ddc6-6f12-4fc4-afbf-9c07b4ab3e2b,12,694,20241018,517.33,18,2024-10-18 00:33:00
f4d7152c-d389-4b0c-b4db-93a20a41492e,43,683,20241111,1693.73,36,2024-11-11 13:13:00
7ba985a3-e9aa-402e-b641-04ef38450ba6,11,996,20241102,294.65,9,2024-11-02 15:20:00
c09643a3-1eef-47bf-9578-3a212c212459,41,89,20241103,646.59,32,2024-11-03 18:35:00
f528b695-31de-410d-92d1-c9ee6eec9ae6,10,907,20240715,691.12,48,2024-07-15 15:00:00
33d1eb28-49c0-48f2-979b-95298e567e22,33,483,20240815,1453.99,2,2024-08-15 17:21:00
f7fcce3b-c24f-470e-a8b4-922cff2a9ede,3,985,20240703,101.1,8,2024-07-03 10:18:00
87aee6f2-dca2-486a-b958-0f7319a61609,34,685,20240611,1538.68,12,2024-06-11 18:27:00
294763df-2a36-46d8-8e1a-73ac0a4a9a25,14,28,20240721,1648.48,49,2024-07-21 18:12:00
863fa37a-2f8b-465d-9a79-d92bf449de6c,3,127,20240629,650.81,35,2024-06-29 16:27:00
a7f58ba8-3281-4877-ad55-10acc3c173f1,4,297,20240913,847.33,6,2024-09-13 20:31:00
75806b1b-b908-4538-b759-f4d6683d1913,28,468,20241109,122.29,14,2024-11-09 17:20:00
dfa04c1f-fb88-49f6-bb9d-48b510290999,9,695,20240821,1047.7,17,2024-08-21 18:49:00
529b9289-614e-4c50-b1c4-e341d0443252,8,376,20241017,1182.54,9,2024-10-17 06:15:00
942bc9ff-7f0c-450c-8d98-0e010afa757b,19,250,20240807,1822.33,11,2024-08-07 09:06:00
65cac46f-c45b-489f-a9af-57e4f6bb24e6,5,747,20241020,697.7,5,2024-10-20 06:43:00
86436177-9c3a-4233-afe2-05e81bc7162f,39,540,20241109,1158.42,28,2024-11-09 02:20:00
5bab47ec-f2b3-4ff6-814d-bf3954c8518f,21,717,20241015,638.61,6,2024-10-15 01:12:00
5f2173fd-77ad-475f-ac37-2a712e4918a7,2,855,20240627,552.19,12,2024-06-27 13:34:00
a1f3e867-1edc-4c88-9d46-f5a19ca24a11,43,757,20241104,537.53,19,2024-11-04 22:35:00
7d41d706-ad42-4e87-bbc9-2a169772ce45,19,438,20240825,94.36,40,2024-08-25 00:35:00
cae63d8d-2db2-412b-83b2-a7c6977e1d48,23,400,20240826,1194.63,36,2024-08-26 05:33:00
8ff3c93f-f504-45ee-a21f-4ba8b6634b87,27,897,20240619,1134.76,10,2024-06-19 19:57:00
be4fe87a-63bf-4a81-85f4-198ed4157abb,50,978,20240905,195.62,36,2024-09-05 08:54:00
42ae3dc1-231e-42f8-9b56-9f7030ec10f3,48,93,20240815,842.47,11,2024-08-15 11:59:00
eb9c864e-ae56-4678-a0e0-7113764e9167,32,184,20240714,1193.98,8,2024-07-14 05:46:00
526bff5c-32b1-41ec-8d7e-2ea872950efe,19,976,20241101,145.31,34,2024-11-01 07:54:00
b551ed5e-358f-438f-aa6d-b9d66aeb6a03,27,785,20240929,874.8,14,2024-09-29 23:49:00
41ce9d3e-b6ac-4537-b9ee-d21e6bdc5923,16,953,20241103,984.56,46,2024-11-03 22:25:00
400f5b06-5dd9-4a1a-ad9e-1adda6077059,8,486,20240826,912.24,19,2024-08-26 14:25:00
2160766d-b8cd-4873-acc0-4a3f627ade14,43,321,20240606,1528.7,14,2024-06-06 16:23:00
abff6534-3522-49ba-bf6b-c37022054804,26,423,20240924,971.08,6,2024-09-24 17:24:00
9ef33251-c2f7-42d5-9d65-d04bfeb0487f,30,47,20240610,468.58,27,2024-06-10 20:02:00
c4780217-b4b6-416b-9285-e5bfee09892f,4,520,20240620,358.64,31,2024-06-20 13:10:00
b3309f7a-aa21-487c-b9ab-f7fff5659a37,48,796,20241021,1646.25,43,2024-10-21 11:30:00
9765b7a6-64a2-4f17-98d3-bde3014e8b98,6,144,20240805,494.53,16,2024-08-05 12:26:00
55540bb8-f8b9-4e82-8ccf-bae6d2787106,31,437,20241009,397.2,46,2024-10-09 10:42:00
97c5685d-6dff-4f1a-a0fe-f478ec4e29eb,28,234,20240812,442.25,3,2024-08-12 11:44:00
bd779dcf-f321-4006-8999-d0e9081a1152,18,738,20240729,1299.09,16,2024-07-29 05:08:00
3b19b033-6610-436d-9485-a99a19f3796d,49,345,20240817,524.93,36,2024-08-17 20:15:00
5291b5aa-4826-49e0-a592-fa1c675068c0,33,110,20241005,1654.34,18,2024-10-05 18:49:00
4a809a13-853e-4d7d-9b14-367cc910da19,16,810,20241004,562.24,41,2024-10-04 22:36:00
db8dc076-20a6-4959-9be0-1b8d9c824f08,41,554,20241114,1991.5,14,2024-11-14 18:50:00
e99e4451-514f-46b8-9580-e1bea71d2ef2,6,207,20240909,1564.05,3,2024-09-09 12:13:00
54903535-98a5-4a72-a9fe-6ffb9eb955f1,4,635,20240711,1957.6,25,2024-07-11 21:06:00
ad3faf92-bdbb-477a-9f09-29178243c670,1,450,20240622,1572.71,32,2024-06-22 01:37:00
9647d98d-f11a-4996-8346-95a811922647,43,733,20241004,128.12,31,2024-10-04 05:33:00
4369f0b9-1316-4596-b226-0ae28cd2dba6,12,945,20240907,216.99,17,2024-09-07 17:55:00
a171b8ec-1b6d-429c-8a81-4112519177db,23,20,20241110,1309.97,4,2024-11-10 11:24:00
bf69d581-c2d1-4f66-855f-7bc57f35d6d9,20,602,20241026,1735.92,25,2024-10-26 04:24:00
17205730-f890-489f-9df0-52418c4e83ee,41,966,20240626,887.24,6,2024-06-26 23:04:00
2d7df19c-c11d-4f69-81a0-4a5cb7ddea26,6,962,20240903,1654.97,12,2024-09-03 05:17:00
9038378d-cb7d-409c-b63e-244a4503b954,12,654,20241105,1871.49,18,2024-11-05 06:33:00
fb23fb71-c3da-43c2-b35c-1b270ed1a7cc,12,947,20240724,895.5,26,2024-07-24 03:58:00
4363239a-290f-4960-b80e-5eb6b51ab3aa,22,640,20240825,811.89,38,2024-08-25 04:22:00
8ead4135-ac71-45cb-8eea-050bc3cf6bed,9,62,20241006,1870.5,27,2024-10-06 18:04:00
797d5fad-2c81-435e-ab7f-2500e71a165f,48,733,20240601,865.85,2,2024-06-01 10:03:00
1c0c07e3-1db8-4e61-b838-4d1f208ad29e,1,238,20241113,397.1,8,2024-11-13 01:09:00
7ea84c0d-ae7c-49f8-84bd-3693b9fa3716,27,780,20240722,401.77,15,2024-07-22 22:03:00
06991b13-ffa8-4d6d-a5e9-8bc67aef7773,49,516,20240630,892.03,38,2024-06-30 23:08:00
93692251-2f4a-4cba-ab97-b8e77987a3e7,43,192,20240918,705.2,38,2024-09-18 21:30:00
76fd75d4-3f5c-4591-a7cf-a8ccda6b2d6c,47,219,20241007,580.25,1,2024-10-07 17:47:00
8102d292-acf9-4a09-a342-1bd2299f3cc2,6,127,20241101,1313.2,25,2024-11-01 05:45:00
5b0d3cb9-618f-461c-95c8-8508e974dcde,8,516,20240912,1599.76,8,2024-09-12 20:54:00
8dc9aadc-6dcb-456e-9d53-d8f71de6ab7a,45,181,20240707,1739.9,9,2024-07-07 05:21:00
7f683157-8328-4890-bb5a-a6120cbb71f2,4,555,20241022,73591.77,33,2024-10-22 15:13:00
b77ac772-0c35-47cb-9be9-70962ef3fab6,16,420,20240709,914.03,1,2024-07-09 12:03:00
cd391609-e560-4b52-b602-7dd241a1a9ef,32,780,20240620,1497.03,50,2024-06-20 00:20:00
112fbed4-36aa-40b1-9d4f-505175a298d7,24,397,20240626,1003.42,2,2024-06-26 13:47:00
7815efdd-8d84-4207-a85f-40da2fd85527,38,494,20241127,1945.51,26,2024-11-27 22:30:00
2de84324-fbd7-4ae3-9656-eff0f736b5d5,11,775,20240919,1506.6,12,2024-09-19 15:37:00
e794f47e-e0e0-486a-b3c3-12dbe6706535,18,849,20240923,481.26,32,2024-09-23 21:47:00
aaaf1f6d-b1c3-423a-8a58-d25bc3a3be4a,19,681,20240810,759.84,30,2024-08-10 21:54:00
73616167-a8e6-4cb2-be30-f401fa6afaf8,17,404,20240731,1464.65,7,2024-07-31 09:32:00
192a91db-b746-4229-bd88-4aedb13ece5e,49,89,20241001,1649.91,34,2024-10-01 09:40:00
8dbfe151-2ebe-4864-89cf-62a31a58ec60,47,731,20240830,268.58,50,2024-08-30 23:20:00
c90e0c89-e247-45cd-aca4-0b154f3914f5,37,892,20241121,1168.18,25,2024-11-21 16:21:00
cb7f1eb3-de8b-4226-920b-6e0e34989309,4,958,20240714,1681.08,34,2024-07-14 14:55:00
3ad06887-aa43-4a3a-9f1c-13f604f41d9f,20,354,20241015,1085.25,26,2024-10-15 20:54:00
b31d4620-75d2-4366-a9d3-5a9a41ccbde6,49,820,20240810,998.82,15,2024-08-10 22:01:00
e8100c9e-75ae-4d9a-af4a-33429de06ee4,10,929,20240913,1570.76,40,2024-09-13 04:10:00
91c079c2-68d6-4b65-941a-18ceaa2a4f77,7,985,20240617,1557.11,28,2024-06-17 04:50:00
b1d445ee-a048-4b6c-8c48-5e005890133e,47,847,20240830,767.57,50,2024-08-30 02:43:00
23123ea5-f74e-414a-b6e3-e50f42c6f9b8,39,834,20241104,1711.87,3,2024-11-04 21:54:00
c7438d00-62ce-4f96-be6c-a1423b974e76,10,583,20240825,617.21,48,2024-08-25 21:30:00
5ca9e8b2-c5e3-42c0-b76f-9143e9e8e11e,33,68,20240618,905.33,49,2024-06-18 00:32:00
5072ab1b-e93e-4d65-be58-ac721972395f,20,660,20240707,962.64,34,2024-07-07 00:23:00
fd76f9d4-2033-4590-94ca-ac2e76dc1f20,39,342,20240914,1784.67,36,2024-09-14 13:05:00
2d8763d0-cb61-426d-a134-6833493b407d,18,908,20240728,1898.02,14,2024-07-28 03:31:00
88934c98-d86c-4d6b-97d8-85becc7aba35,19,236,20240715,1708.72,48,2024-07-15 05:03:00
d7b2d4d2-27fc-43bd-bb43-ea43e4dd4b95,43,303,20240703,1598.9,39,2024-07-03 18:19:00
b7951989-e1bf-4f2f-a60d-8e7cfb665ef9,48,58,20241101,472.94,45,2024-11-01 10:05:00
8619da78-f40f-49f5-87c1-0ac12d55c1bd,15,372,20240610,260.93,23,2024-06-10 10:06:00
31588cba-0a13-4d57-93d0-edb89963461e,15,382,20240730,246.88,40,2024-07-30 21:59:00
863db9ca-e971-4094-b489-4a84f6f0fd22,17,910,20240824,1147.61,37,2024-08-24 18:50:00
c5c830a5-3eac-4430-817c-922a56bb2aed,41,237,20241108,439.33,38,2024-11-08 03:17:00
eac13a35-b92c-45fe-9a36-1774c45ca84b,24,47,20240704,1409.93,13,2024-07-04 09:12:00
01034096-7e34-48af-928d-eb2bbc4beef8,18,559,20240802,819.62,23,2024-08-02 18:29:00
44013ce7-478f-4413-838e-9961db9c5edc,10,428,20241120,1362.44,4,2024-11-20 18:42:00
551b748f-7e73-4987-b868-571e490ace26,6,400,20241003,330.49,39,2024-10-03 06:51:00
5c53c3a2-e7ef-4986-a8b0-21f04e018a87,28,22,20241108,1367.09,25,2024-11-08 10:54:00
ca6cdc6d-a976-4a1c-9894-d974d403f890,3,44,20240801,1877.3,27,2024-08-01 05:37:00
bc58ec67-e7da-48ba-8abc-a6a784627021,10,250,20240614,686.23,6,2024-06-14 11:18:00
d245ad19-7771-4b9e-9eb8-637249d7f749,43,596,20240819,194.51,44,2024-08-19 17:45:00
87e0a5f9-4093-4f47-93c5-575e30b6037a,36,556,20240904,1821.88,32,2024-09-04 16:41:00
f07c2c0a-ad8f-4b67-a7e5-bc627b4a0ac0,8,42,20241123,1527.97,24,2024-11-23 17:30:00
4cce894c-fce3-405c-a985-b853cc121094,9,269,20241115,1212.14,30,2024-11-15 23:01:00
960c5c01-6d15-42e1-869e-0966e966a24c,26,695,20240703,788.84,46,2024-07-03 18:12:00
abc7de53-f857-4937-add0-bd66616f9592,35,877,20240726,856.42,13,2024-07-26 00:57:00
df6bb306-bcef-4352-b5fb-d7b9b82faecc,7,890,20240822,1218.69,26,2024-08-22 21:12:00
71293287-be88-47ea-9994-65cceb489670,33,965,20241125,1073.65,19,2024-11-25 06:34:00
1c4ec044-7a3c-4698-9304-9dd58f46f041,21,878,20240930,886.39,8,2024-09-30 21:51:00
91d89fc5-162f-4853-9613-e2953f262764,11,284,20240722,388.05,7,2024-07-22 00:48:00
c9225aa8-8b35-4ce6-af4c-78b9bba208cb,30,384,20240916,184.44,39,2024-09-16 17:46:00
14b6c675-c13e-491d-acfe-54c91ccba6fc,24,673,20240818,480.18,13,2024-08-18 01:22:00
e61c49d0-0db4-498e-a305-3f5144a847a4,50,707,20240604,1653.3,39,2024-06-04 01:13:00
09069377-04e4-42e3-9d4f-480394addda0,13,394,20240928,601.82,41,2024-09-28 06:34:00
a8b9aa10-a53b-473c-8e61-6bdfa8ee9d3e,9,686,20240711,1222.43,39,2024-07-11 19:05:00
312aaeea-a0c8-4392-b3a4-a6b076f95308,16,803,20240603,304.19,48,2024-06-03 14:00:00
c06991b8-3975-404d-9697-ddddf9410cd2,8,950,20241112,1671.36,21,2024-11-12 18:32:00
ddf85b5b-32e6-4072-b15e-7c3c63bdd741,50,945,20241016,474.7,30,2024-10-16 13:12:00
a7905db1-2beb-4517-8416-3ef47a7804ea,41,441,20241114,875.19,26,2024-11-14 01:02:00
8a3a3718-0137-44ba-830d-c5f1a793c444,34,183,20240924,1230.62,15,2024-09-24 21:22:00
c4ce94c4-ebce-4f56-b509-83ce0a5b8108,32,84,20240919,834.67,24,2024-09-19 01:19:00
f924b6c2-46ad-402d-9d5e-e0a99ca272c8,47,219,20240717,1125.64,41,2024-07-17 14:05:00
9ed1b2eb-fa61-41bc-bf62-b6da6e31ecf9,32,133,20240624,506.25,48,2024-06-24 22:53:00
0ed87165-d147-431e-b00c-df0295a81baa,18,987,20240817,454.71,45,2024-08-17 09:09:00
79ea5248-34f2-4b16-bdb5-068537cb8490,17,227,20240831,385.85,3,2024-08-31 05:51:00
695a7770-0cd2-427b-b5a7-ecc992fe47ee,23,783,20241103,1801.88,17,2024-11-03 08:57:00
95c31e61-7174-454a-994b-e73b6963f7d4,18,815,20240830,901.9,22,2024-08-30 12:39:00
5c747df9-8711-4680-8fe3-f04616fdcd27,14,173,20240916,1271.18,24,2024-09-16 06:48:00
172c2b54-b500-4885-b45f-5b36634fd85a,32,891,20240629,1251.01,42,2024-06-29 23:04:00
6b7f980d-008a-479e-86a1-429be7878f87,21,769,20240602,1086.95,22,2024-06-02 10:54:00
5c41c805-e32b-4f66-a236-4d4ec0f0f470,36,427,20241008,745.16,43,2024-10-08 18:23:00
14c23e2f-9821-4a38-84c9-6410d064d3d7,24,805,20240728,1774.6,15,2024-07-28 04:45:00
5e8f287c-25e3-40c1-acf5-a2aaa4eb9003,3,748,20240925,1099.76,16,2024-09-25 20:37:00
2fec4e28-1538-40e6-9b9a-1dfcb89a9449,38,609,20241019,831.36,3,2024-10-19 18:18:00
9a736681-eafe-4266-ae7d-acc793e5417d,42,203,20240716,1638.43,33,2024-07-16 00:47:00
e730fb12-bc13-4bba-817b-7505e2e38917,6,780,20240804,1496.59,17,2024-08-04 15:26:00
54042e65-f0ef-4634-9468-052986f40b73,26,504,20241101,992.28,14,2024-11-01 02:25:00
8d586a6c-8c81-4c85-b55c-c3cdc227f2b8,31,354,20240928,401.62,38,2024-09-28 12:27:00
a5eaf211-fd18-47ea-b3ab-0d223b47acd9,46,43,20241029,725.8,3,2024-10-29 06:27:00
559aeda5-f72c-4856-ba27-e1de28d72f7f,40,918,20240708,486.42,9,2024-07-08 22:49:00
f04241ef-85de-465f-9d9e-7124928d3475,50,827,20241018,653.68,40,2024-10-18 06:35:00
c6308e9c-9415-42c5-aabd-699fc4c32fb3,2,286,20240927,247.16,20,2024-09-27 12:33:00
12bb79fe-b1fc-4b0f-8b0e-d4359019698a,45,808,20240827,1812.0,1,2024-08-27 06:50:00
3528d786-6e3a-4e67-958c-bcc75eb5d9e2,12,127,20240817,1204.26,43,2024-08-17 00:57:00
e7bde544-13db-4157-bca8-94894f69404a,21,405,20241015,1612.85,26,2024-10-15 03:38:00
cf179f77-74f5-41e0-8af5-c56d6b000783,26,234,20240906,63.85,20,2024-09-06 09:07:00
899f8096-9685-4042-9225-9501f928ad9e,36,498,20240730,534.6,32,2024-07-30 02:25:00
c859fe42-0afe-47ba-a48a-5f1555e6f0bb,24,801,20241115,1203.45,3,2024-11-15 09:45:00
a8ae62b9-cf8c-475b-b843-2d07f86d0552,49,787,20240908,612.43,37,2024-09-08 20:08:00
a7ac01a4-b997-4cdf-873d-14acce91f6a3,40,517,20241114,1635.29,14,2024-11-14 02:49:00
78d1d5a9-64ca-4679-b86f-41017a9f2835,35,581,20240613,548.04,10,2024-06-13 12:35:00
ddcc16c1-c123-44b8-b799-e46c6341ac28,50,297,20240719,538.66,36,2024-07-19 09:31:00
335b14c1-c556-4a69-b704-a7f7e826f255,47,342,20240724,1904.4,30,2024-07-24 12:43:00
9e1faae6-6257-471e-8cf8-19fbd339aacd,49,760,20241014,772.82,11,2024-10-14 09:09:00
62353f73-552e-436e-83dd-80b180bdc960,8,638,20241022,822.1,13,2024-10-22 12:39:00
c82fb62f-e119-4fb7-b16f-fc110b096d70,45,802,20240724,827.0,37,2024-07-24 08:57:00
39313364-8512-4b61-a8e8-d99cae6b87c6,5,813,20240711,1855.71,42,2024-07-11 07:22:00
2c865dd4-b824-462f-a1d8-3688b584f4ae,13,455,20241126,1151.39,48,2024-11-26 10:27:00
e87f0d55-ac2d-4cc5-b62d-88eee258dc0a,34,858,20241031,457.66,46,2024-10-31 07:10:00
49f1600d-154c-4817-81c5-e83c61925cce,22,229,20240802,1514.7,33,2024-08-02 22:43:00
d9938e21-38fd-4774-9fde-d3be7299e4be,31,1000,20241108,269.3,28,2024-11-08 16:20:00
9fc81526-f03f-49f9-9ee2-65851254261b,30,144,20240602,1222.53,20,2024-06-02 17:28:00
c73d6de7-502e-4bc0-b5da-361b99db499f,12,77,20241027,414.16,19,2024-10-27 01:07:00
f9d6def0-d6bb-4eec-a173-76f1cd415685,21,314,20240822,502.39,2,2024-08-22 02:39:00
f6c86794-a171-49a1-9640-0986d3091787,50,352,20240708,1862.89,50,2024-07-08 21:34:00
f5e39383-a008-488a-bf90-b21d10cfbf70,42,642,20241101,947.03,48,2024-11-01 02:35:00
36b34332-38b7-47c4-ab82-d05d7e59df1b,39,265,20241015,714.27,14,2024-10-15 17:03:00
9d361201-c65b-476c-b9b2-90cfa4d5a4ff,50,705,20241113,482.56,16,2024-11-13 20:31:00
300bef57-9cb6-4679-93f8-1fbff5a9614c,42,259,20240822,298.15,10,2024-08-22 10:53:00
7a0a48f5-580c-499b-a14c-e7bc22779e24,12,541,20241120,1939.42,25,2024-11-20 01:43:00
ce846248-74d4-4f4f-8093-3cb0e08ab2bc,12,871,20240615,1276.3,34,2024-06-15 15:34:00
5fc64e85-9297-4089-9e0b-94b0a555a014,26,454,20240619,1701.32,3,2024-06-19 09:46:00
24ba3501-26c6-4c47-92f5-f87d028abc45,9,368,20241115,507.93,18,2024-11-15 01:34:00
c60ec92a-b008-4036-ad58-1b2a3472a07f,11,661,20240806,1315.31,29,2024-08-06 19:24:00
4ee59ded-8004-4fef-a05f-1a96bce5767b,48,19,20241109,1941.66,26,2024-11-09 09:50:00
99dcd382-3bfd-422d-9ecb-14e9a70b63d6,28,276,20241104,522.58,7,2024-11-04 14:32:00
1f18cd0b-b810-411f-b159-ac0d65348af9,4,889,20240625,156.83,47,2024-06-25 16:10:00
cc316986-2e5d-43f1-b6be-5a7ec3a55afe,41,225,20240611,347.27,43,2024-06-11 11:38:00
62cbbe12-87e7-47e9-a385-d733e118d867,20,555,20241017,740.17,20,2024-10-17 23:31:00
caa762cd-1e5b-4159-aecf-58531b6f57e5,3,657,20240723,1785.6,21,2024-07-23 16:30:00
f296bd59-f854-4fc0-9c1c-b206c2851785,19,216,20240703,490.13,23,2024-07-03 05:30:00
756b2178-7d63-4d59-8de8-722e0a88a31e,29,696,20240831,1347.44,32,2024-08-31 23:59:00
354a778d-44b0-4030-a3da-2ac22723d552,43,503,20240812,1321.8,35,2024-08-12 14:45:00
be72e9ca-692a-4fba-8dce-738e2d473969,11,174,20240826,211.15,28,2024-08-26 19:18:00
a3176774-5290-44ce-8e41-7a3ea3771e12,4,809,20240716,1819.19,21,2024-07-16 17:34:00
5141f95c-6884-4bea-8671-6719f20824a4,40,826,20241105,1339.88,1,2024-11-05 14:46:00
c87de4d4-dea8-4088-befd-4cb12f2534f7,26,318,20240810,1228.95,36,2024-08-10 12:23:00
d2e28985-c2af-4764-9581-cbec11755915,2,153,20241024,292.13,33,2024-10-24 14:07:00
0ee0718f-2fb9-4318-9408-3702f5d2bdfd,32,524,20240927,1410.21,50,2024-09-27 00:19:00
17721f1c-f6a6-4df7-a69c-f5d150c69721,13,524,20240824,497.38,48,2024-08-24 19:18:00
28205014-fe4c-4982-acd3-3515139eff3c,35,261,20241002,866.99,23,2024-10-02 10:22:00
100f3ff9-b50a-45bf-b6fc-59e958c08651,14,400,20241029,1266.62,20,2024-10-29 19:17:00
9c850161-bf55-4eed-a424-ca6134b4e6c1,31,940,20241102,726.07,7,2024-11-02 10:36:00
3adddbe2-8484-4a6b-b56d-6219e6ca6a47,29,66,20241123,1248.85,31,2024-11-23 14:20:00
94435361-3c7e-4f4f-a10b-a5e54e5e5b32,27,502,20240612,837.73,41,2024-06-12 06:05:00
ce9f3adc-9574-491a-9e81-22560a7e5f3f,19,677,20240727,1096.45,22,2024-07-27 18:15:00
7a7d9a95-6217-454a-b54a-be9d0ca6f304,34,885,20241001,1024.07,8,2024-10-01 05:48:00
f4ccdd06-58e5-4867-8f06-19848460e38e,32,952,20241109,1206.94,27,2024-11-09 14:09:00
f1f998fe-e70f-4830-b872-c805ee2f83b7,5,701,20240619,771.21,21,2024-06-19 14:09:00
343c1f3f-4203-43bd-8eeb-d9aac799fab4,35,730,20240914,1313.04,17,2024-09-14 19:24:00
44b07af8-8993-4f22-a82b-ec05b28e54dd,36,606,20241020,1743.13,23,2024-10-20 19:58:00
823885af-6b73-4ad5-b90c-af71c07f0d38,13,621,20240617,1696.49,21,2024-06-17 11:01:00
1527f606-7baf-4f1e-988d-dab4b1d395b6,40,560,20240915,1624.44,22,2024-09-15 14:32:00
d26ffa41-e3b6-4c93-8ba3-6bc99a82631a,30,194,20240910,125.51,48,2024-09-10 12:06:00
2a0d2d7b-398b-4a7e-aa0a-5eae54e04843,15,965,20240607,840.24,23,2024-06-07 15:04:00
2577aa1e-3675-4f93-be7e-84a2d8b2c2cf,16,552,20241126,1739.85,22,2024-11-26 16:14:00
64f268e5-ce17-4cd5-8bbf-9bfac04482c9,43,170,20240825,1078.66,29,2024-08-25 03:49:00
4290721a-32d4-4a50-b0b4-c921eb3a0e90,17,493,20241018,537.13,37,2024-10-18 23:56:00
973f4077-e3f2-4dc9-83cf-2457186994cb,49,918,20240703,1061.14,37,2024-07-03 08:57:00
3dcb5892-54b4-4ca8-88ce-a2e8722b102b,47,280,20240724,386.52,17,2024-07-24 19:22:00
3d6bebb8-5e5c-4ccd-8cc9-04b5544a0894,48,832,20240711,1959.4,25,2024-07-11 05:52:00
b2a89396-2a45-4558-93f0-5b8bbbb9f058,48,15,20241123,182.12,34,2024-11-23 22:46:00
d17e375d-f240-4f5d-82b2-5cc9098d1c10,45,939,20240930,596.36,14,2024-09-30 22:07:00
ef9eeb3a-8dea-4cc9-b3f0-6935eeddc15c,18,101,20240624,895.02,15,2024-06-24 19:23:00
5c2ebfc2-a7ec-4c04-bf80-e6c84845d516,23,326,20240710,1223.1,34,2024-07-10 08:00:00
7c194b0c-1681-42a1-8b27-c9c898982228,27,803,20240911,440.94,33,2024-09-11 23:14:00
d7e478c2-6550-4d4e-87fc-1c2e6f06147d,25,108,20241126,1876.06,49,2024-11-26 12:35:00
c309035a-e6a4-424f-9abe-34db44eabfcc,42,385,20240927,959.8,1,2024-09-27 05:11:00
cb13a2fd-3512-4901-a7e6-214c61477df4,12,824,20240920,733.31,36,2024-09-20 07:08:00
d021633c-59c3-4058-9841-89f5553e8aa2,39,439,20240905,1336.13,1,2024-09-05 04:38:00
feb511ba-518c-442d-a625-341dc9e22c0c,24,206,20240927,1052.73,37,2024-09-27 08:44:00
3e92b257-9624-4b41-ba2a-1e227cab6892,31,760,20240625,951.15,13,2024-06-25 02:18:00
cf762532-df94-455d-95f2-dc8c1eb5a39a,32,229,20240802,1958.29,14,2024-08-02 09:36:00
b4e65198-4de7-445c-a281-464361c8dc40,1,4,20240818,1956.31,36,2024-08-18 21:53:00
b22b2558-52ba-4a4a-82b6-4f57f1921596,16,812,20240721,1262.49,41,2024-07-21 16:46:00
8f5b90de-6e07-4884-9d06-98fce4981618,45,301,20241010,74.24,30,2024-10-10 07:41:00
9152510e-5532-4ae7-b1d5-191ff8989810,46,853,20240623,1987.79,9,2024-06-23 12:22:00
ad80558d-5b23-411b-82f6-691c0dac561c,34,349,20241107,1349.54,33,2024-11-07 15:48:00
70927e0e-84d3-48cf-ad6f-cfe0501a0a62,45,922,20240621,1850.97,45,2024-06-21 11:12:00
57ef8130-ab72-4029-a708-c316f2df67f7,34,338,20240629,1951.24,19,2024-06-29 06:01:00
33521825-b37e-4309-899f-aa178e5ee9e3,17,892,20241112,1100.11,7,2024-11-12 13:35:00
4802da45-8582-4c66-865e-df75c47575e7,46,935,20241014,51.96,8,2024-10-14 22:57:00
d7898df0-c680-403e-b6c3-00214d97e21e,38,423,20240810,800.26,8,2024-08-10 11:23:00
84c665de-fab5-46c4-a16d-6789145f38ff,41,987,20241110,1275.01,37,2024-11-10 07:36:00
9fc70d14-c5b1-4b11-82fa-c2b3459eb497,15,701,20240827,1072.44,43,2024-08-27 05:27:00
f27389f9-2a22-459d-a24d-3f349d663b75,35,942,20241103,814.56,19,2024-11-03 02:45:00
26a2b45e-e9ad-40bc-9dfe-3bca8e163dee,49,255,20240706,998.24,8,2024-07-06 23:25:00
07513133-e2ea-487f-a04c-5b3356f78935,1,534,20240827,1610.11,33,2024-08-27 01:18:00
6607f046-0e42-4d6a-a17c-eeb06a79d73c,48,549,20240709,1545.8,49,2024-07-09 21:26:00
a51aa0f6-67dd-4aba-b9d9-f0c030723a4d,3,766,20241015,743.65,41,2024-10-15 05:56:00
093649ec-7fe8-47a6-b7df-2c97ebdf3188,45,255,20240609,1903.59,36,2024-06-09 16:27:00
529e5fca-ff2c-497b-a644-e86e51d53367,43,714,20240921,1710.86,33,2024-09-21 16:05:00
7851f1e2-1982-4596-be87-f02bbf8a1913,36,627,20240915,1327.95,37,2024-09-15 02:08:00
57c5dad9-d9b1-4f78-863d-7f17b41f9b2c,5,349,20240828,1793.46,23,2024-08-28 16:46:00
f2eae4fd-5aed-4726-8d0b-3dc86170b3cb,43,265,20240702,835.43,25,2024-07-02 19:11:00
cc3fd032-1190-4a51-bb73-24423d527490,19,113,20240813,1835.65,36,2024-08-13 20:43:00
1b812403-4463-4406-91a7-bd5461f9d44d,20,671,20241118,118.7,49,2024-11-18 03:48:00
34d198cb-1453-4209-825c-a9d4ec4b74ae,50,331,20241127,487.92,24,2024-11-27 14:58:00
253017f9-ef35-43af-a5d5-4fde7fb3609b,12,557,20241116,1759.95,39,2024-11-16 16:55:00
a9dc4986-dd4e-4f29-a6d7-33af76230a3b,12,591,20240916,155.48,47,2024-09-16 03:07:00
338d6b51-002b-4593-b01b-ef38970988b5,27,12,20240630,179.79,9,2024-06-30 17:26:00
7a02fc1e-2f2d-47e9-9f10-d6cf0853c68c,2,401,20240818,482.98,12,2024-08-18 18:05:00
5b48546e-575a-42fd-ba35-48dda4da208e,3,351,20240731,1767.99,41,2024-07-31 23:59:00
92f34609-d789-43a9-b44f-06a5b2c79214,13,700,20240728,1011.26,33,2024-07-28 19:51:00
830320c3-fcaa-4612-b8aa-c6baa7e8f9a4,2,748,20241116,1651.44,27,2024-11-16 17:54:00
4e1fd86a-1d43-4c4e-a723-e335fee7c65b,15,251,20240608,890.62,5,2024-06-08 23:58:00
30d34175-4f0f-4702-af37-391655c44ca5,34,492,20241113,668.76,29,2024-11-13 08:27:00
60f9720d-175f-480c-90ed-be912c38e9d3,12,9,20240705,692.56,12,2024-07-05 00:29:00
3ff05e5d-e800-4341-af23-467d268c2487,10,163,20240805,227.76,36,2024-08-05 03:55:00
582a236b-8263-480d-b027-ba3c522efaa5,20,470,20240929,1906.03,7,2024-09-29 02:09:00
d09053c9-b7b5-4df8-a48f-7279ffdda89d,4,111,20240829,704.17,15,2024-08-29 08:28:00
c3878d50-b085-41f0-aedf-8bc07ee7deb4,6,852,20240825,676.75,19,2024-08-25 01:53:00
542c859b-f8b0-4374-b3a0-3bba187ece32,25,395,20241111,238.73,47,2024-11-11 01:45:00
78b14642-06e8-4cc3-af92-ccbd4f2e57e4,25,144,20240607,69.89,1,2024-06-07 18:19:00
cd1caf7e-a015-43f4-a9ec-3046a905485f,43,86,20240609,1507.41,11,2024-06-09 08:09:00
854eca03-bb48-4d6f-9e1f-2c4cf2f5fb3e,22,271,20240909,1580.14,19,2024-09-09 18:38:00
90250f37-2102-4486-a263-0c716bbc5263,16,617,20240707,502.47,21,2024-07-07 04:51:00
9f9b468e-d7fd-40cb-949d-d103147360c5,49,668,20240610,1031.1,17,2024-06-10 15:18:00
e526216a-e9b6-4d27-8767-03b96d63a851,8,965,20240830,603.29,49,2024-08-30 09:13:00
377d0004-2c2f-494a-aa17-2bd30d0253cf,50,225,20240612,1516.66,16,2024-06-12 10:58:00
14b6ce4e-1fc5-47cc-82e1-8bf3f95734dc,3,476,20241122,1093.26,8,2024-11-22 14:49:00
7bf11fae-253e-45b1-90d3-174eae8398df,8,406,20240731,1735.53,38,2024-07-31 01:47:00
e1ed7454-5b06-4598-ba29-cd527e729b6d,23,246,20241127,738.85,38,2024-11-27 23:04:00
ebcd60d9-1e9d-45dd-b322-12cccdc4ee71,5,694,20240612,1989.26,37,2024-06-12 04:36:00
8435a71b-38ff-418e-a2ef-da63815ce3ae,22,349,20241104,1374.58,4,2024-11-04 18:40:00
94959903-0a04-4e89-972f-7a8d40422461,22,757,20241109,895.13,17,2024-11-09 17:31:00
4a0e3f3c-f280-453c-96e2-52e2900328f4,12,852,20240615,912.14,13,2024-06-15 01:27:00
7eac27f9-b4a3-44c6-a835-29bfb84c4c44,19,409,20240727,1075.46,2,2024-07-27 06:49:00
5034da99-9ed3-4d54-afbc-97647efa1268,6,786,20240811,758.97,5,2024-08-11 20:21:00
2827d0ff-1b84-4084-89f2-a30a9045efd3,10,757,20240818,1359.99,35,2024-08-18 08:27:00
b9efe8eb-1d29-4766-82b6-81d70ab4ae94,14,184,20240630,669.42,2,2024-06-30 14:46:00
9cf8bbb8-8b26-46da-90c7-de487c45016f,1,791,20241013,404.78,20,2024-10-13 22:06:00
51e59d4b-e1c5-40e6-a1fb-ed1c754ab0f0,32,344,20240813,1519.04,48,2024-08-13 16:17:00
13458bcb-8219-4b1f-9e50-954b11df2acd,15,734,20241026,373.51,27,2024-10-26 02:24:00
6c49cf59-2cdc-49fc-b7fd-ff4f8cb59954,11,24,20240920,1380.16,19,2024-09-20 13:17:00
b21ceee9-538d-4d34-9ea7-f5f10ef009e3,40,910,20240718,1481.22,48,2024-07-18 19:43:00
45e057a5-e93c-477b-8a61-a2b023346d95,44,641,20241102,375.01,22,2024-11-02 17:06:00
50e464b7-8bcd-456d-af60-b4360dc9d6a1,2,699,20241126,1742.71,29,2024-11-26 04:19:00
39a528af-fb12-47a6-8867-d0e32aaf72bc,38,393,20241012,716.85,37,2024-10-12 08:58:00
892724a5-b213-41bb-b0f0-a5fed10ad4bc,10,792,20241106,150.27,16,2024-11-06 23:51:00
0ed3f5bc-a045-4462-ad0b-72afa1fa2804,29,849,20241112,423.62,15,2024-11-12 23:49:00
58cd3ded-cd26-4320-92c2-1e59ffadb7c6,1,994,20240619,1264.02,14,2024-06-19 03:33:00
e549ab64-679d-4c79-96e8-687110fa4694,40,400,20240927,325.06,4,2024-09-27 11:00:00
3f8bfb1e-d5ff-404d-a4e9-12e99ca3444c,24,41,20240909,1233.2,38,2024-09-09 22:39:00
393bc69d-5e4e-430b-b358-50f335c850a6,32,897,20240727,1247.25,30,2024-07-27 15:00:00
0cbfb0b9-f123-49d5-a7ed-d84e651bc49b,46,845,20241031,181.95,11,2024-10-31 08:06:00
9ef54acf-47a9-452a-9403-49edf89fcd47,8,923,20241028,844.44,2,2024-10-28 06:06:00
26ea6103-b673-49a6-8709-776e6ce5484d,38,407,20240913,1970.62,15,2024-09-13 14:55:00
765c8e3d-b8e7-45a3-93f7-5932cd3e1596,1,591,20240707,1089.59,46,2024-07-07 10:15:00
8dd0b809-51c1-4177-ad6e-2db4dd77ea75,38,234,20240920,1694.35,2,2024-09-20 20:01:00
25f5995d-a1e1-44f7-82ab-429a7717c243,24,932,20240613,1036.02,34,2024-06-13 15:28:00
06130387-522d-440c-a0de-a8889b0ab7ae,23,252,20240624,1912.97,21,2024-06-24 18:28:00
6fce2105-901b-48a4-a908-e01f66537b91,49,225,20240815,706.94,11,2024-08-15 12:36:00
f90deccc-86ae-4f38-86d5-e0e3a9904a1a,32,129,20240719,319.89,36,2024-07-19 12:24:00
0900f61f-3083-4bf2-91c7-30c0f18c108c,30,989,20240817,1006.97,24,2024-08-17 15:57:00
d885d02d-77db-4302-9078-0a0ed9e4eb2c,36,965,20240615,1045.4,43,2024-06-15 09:34:00
5cc59b77-d55b-44b7-a408-d44582dccf58,28,717,20240802,1565.49,2,2024-08-02 19:25:00
16eae04f-4916-44bb-af89-a5c1fc4582b1,15,916,20240926,314.6,10,2024-09-26 14:15:00
b8edaff1-bb3c-4a5f-b7a8-2c256ccde028,34,932,20240812,1271.27,32,2024-08-12 10:37:00
83664d42-7020-4c58-bed0-f9a75e720294,37,375,20240913,1442.4,48,2024-09-13 12:54:00
29978b94-696d-45d5-8479-24222cf684b1,25,786,20241119,1944.61,2,2024-11-19 19:30:00
b59c7299-cceb-42af-bdae-254de36910a8,36,91,20240908,166.55,15,2024-09-08 06:04:00
a5942151-edc7-4b73-9be6-1212e15afd4a,41,749,20240702,412.58,43,2024-07-02 02:56:00
d2fdb180-1094-4316-a75c-aecb3b08b305,10,519,20240811,1470.52,46,2024-08-11 09:47:00
1a7da75d-4fc7-47ae-ba95-bd7c637245b1,49,112,20240709,1495.04,38,2024-07-09 16:57:00
cc719a98-08f5-4f38-b024-292c732107f5,42,878,20240924,891.23,17,2024-09-24 04:28:00
e33fee1a-d150-457e-a96a-14141841b45b,2,395,20240806,658.74,30,2024-08-06 14:45:00
7e5986b0-e437-46b4-b67e-079d0e7dffef,36,393,20241109,1759.53,41,2024-11-09 10:39:00
86d51a17-1f16-4aa1-85a9-04c876daeffc,14,222,20240713,1618.38,7,2024-07-13 00:20:00
13313903-381b-477c-9409-b8c8570f7a41,12,264,20240919,607.03,15,2024-09-19 02:55:00
2bf86207-5349-4d1f-9005-f7675edafe32,24,615,20240605,1097.01,29,2024-06-05 16:28:00
6b638e92-bbf7-42c3-95ba-1ee3a3157231,5,336,20241026,1679.37,14,2024-10-26 21:02:00
56fe367d-609b-4821-b7b3-7395b7452518,49,361,20240717,995.22,19,2024-07-17 09:19:00
9b39fb58-8554-44b3-b6e3-3741ff845229,48,637,20241122,894.66,5,2024-11-22 19:19:00
aaaa1075-8a80-442b-84e7-2939b99bbc59,27,473,20240709,986.65,6,2024-07-09 21:40:00
60c871df-ec74-414c-a9be-cdbc0c2e41b0,38,205,20240910,647.02,7,2024-09-10 05:17:00
fabc52c9-04b0-48c9-989e-ca3a0572fdaf,33,921,20240625,1915.0,41,2024-06-25 22:36:00
5e930069-809a-4a98-bd0f-ed5a645f722c,36,903,20240621,1562.14,31,2024-06-21 08:11:00
b7e4ae55-a79f-4b62-93e0-e30c24ddd660,47,2,20240602,1284.02,41,2024-06-02 05:34:00
ed8750fe-6f6e-4e2f-8a41-2e90e82a10a5,16,510,20240918,412.72,18,2024-09-18 00:02:00
e855b5bb-9b37-443a-bc3c-7bb2b0f35b64,39,30,20241012,962.75,5,2024-10-12 07:40:00
d2413f32-1a7d-4962-a786-47363ddee15f,28,938,20240909,83.94,36,2024-09-09 20:46:00
7b04865a-d7f5-4b38-bb2d-4502c0f6fdc9,8,723,20241003,1306.66,19,2024-10-03 02:17:00
f5152646-1d01-4d0f-9c70-8c07cfb09e67,3,741,20240709,520.48,50,2024-07-09 03:51:00
9e3277d1-96bb-4771-a832-71c6965c0a13,12,92,20240628,1537.79,38,2024-06-28 12:16:00
4c157d0b-c37f-4b08-ad2b-f42eb7d2de97,10,65,20240829,294.5,1,2024-08-29 07:13:00
4e8c5e33-6509-44b9-a383-888414733d87,10,118,20241102,1835.38,14,2024-11-02 08:10:00
40051c50-f325-437a-9e9a-8559ca053b31,21,388,20240905,953.53,4,2024-09-05 22:20:00
7f1ba9f3-a7ae-4f33-b27a-9c65bf1f3584,47,100,20240709,1324.2,44,2024-07-09 13:32:00
2e10cc0f-1010-4ef1-9fd6-5885aaa5b454,7,942,20240613,1028.95,25,2024-06-13 01:50:00
f9641914-c1d7-4453-a13d-63dc71bef4ac,27,898,20240803,202.45,33,2024-08-03 02:10:00
1e351d80-bab9-4bb8-b6b1-751aaf7ebbdd,33,190,20241127,119.85,32,2024-11-27 23:03:00
8acadeba-587d-4eec-ab93-cfd02ec29e6c,49,831,20241116,1306.29,41,2024-11-16 21:48:00
017fa46a-e86c-4b11-8945-f95d4d9c3cf3,1,577,20240807,1420.13,36,2024-08-07 14:26:00
a5d52d58-7864-45af-8726-0659b5e8b8da,33,734,20240622,91.98,5,2024-06-22 06:57:00
9f88cbaf-f83f-4a47-b236-f4c7fe962104,33,444,20240716,912.3,41,2024-07-16 07:12:00
22f5bee1-43df-4e31-a535-b8b33c09f4e3,13,2,20240822,330.56,7,2024-08-22 14:28:00
bcd06e4a-2036-4ad1-aa10-b570e38b72a7,37,972,20241125,976.79,4,2024-11-25 03:29:00
746439e5-ac38-406b-a9ce-5f05710b0388,29,161,20240612,550.65,20,2024-06-12 16:29:00
77215b01-bbde-4b0a-9634-e4afa1de4290,11,630,20240911,920.62,26,2024-09-11 07:06:00
823e54db-02d9-4584-8c3d-d92d37be088a,14,440,20241110,1404.94,13,2024-11-10 20:14:00
446420dc-0358-4711-9ee1-6476389779de,18,794,20240831,1114.5,22,2024-08-31 14:13:00
9d68d7bd-81a1-49b0-89b7-1b99771e9efc,19,219,20241128,1609.81,21,2024-11-28 05:55:00
b9419e14-e1b9-463e-9461-cf7542abc551,31,434,20241108,1307.88,21,2024-11-08 19:03:00
054fd17a-f48a-4fba-a2db-cb50a806bd24,14,177,20241018,447.94,41,2024-10-18 19:41:00
23ad91e6-f747-4467-8d35-d0b9aec86a04,24,308,20240803,92.7,34,2024-08-03 01:10:00
74732440-1db7-4efb-9369-3b87208013cd,10,768,20240607,1357.19,22,2024-06-07 13:31:00
dcd1ed40-4b83-4be6-bcfd-7356353c6ef6,26,640,20240819,845.9,39,2024-08-19 00:25:00
6917f471-f370-44a2-84de-fe89b64fc38f,6,174,20240914,1950.35,33,2024-09-14 19:11:00
4e444f87-6576-48ef-a45f-4d4fce718a6c,27,815,20240702,599.22,34,2024-07-02 17:42:00
18795e0b-7d25-4747-a5dd-8579bcdad503,35,836,20241022,1637.67,9,2024-10-22 20:14:00
2d867239-abb0-4237-b415-b0e2b9de37b9,28,481,20240701,1603.2,33,2024-07-01 21:17:00
157713d2-bbe7-4e5e-ac20-b5eec6c5d1a3,45,163,20240619,1402.16,24,2024-06-19 17:58:00
6acaffe0-6832-4d12-b3df-722ea5e172ab,35,694,20240824,1699.74,50,2024-08-24 17:06:00
bc5cb8d7-9dbc-498a-ba36-42c725a966fe,3,679,20240705,1370.93,2,2024-07-05 16:11:00
d0d7dff2-d5bb-4215-81ea-3d9c757c1343,21,820,20240610,924.86,20,2024-06-10 15:40:00
50836a18-7d36-466c-9f58-f9ff4cb23edd,48,194,20241013,1550.21,24,2024-10-13 13:03:00
da472f39-ef78-48d7-a160-cda0fbb07eff,22,895,20240918,1942.14,11,2024-09-18 06:23:00
60f980e7-9e69-496e-86c5-dbd08416f13d,9,261,20241113,1433.24,38,2024-11-13 08:38:00
067a463e-76f2-4c97-8001-593fa282c35f,43,238,20240604,1065.78,13,2024-06-04 12:09:00
ffe5a5ca-3c98-4010-a36d-e5b0b0d354ce,28,592,20240621,1064.61,10,2024-06-21 12:09:00
f59bddb2-a636-4246-bfe0-2ceeed1c6598,33,909,20240921,920.63,25,2024-09-21 15:11:00
2cfbbc21-97ab-44e8-8826-7ef8d7926ff9,44,10,20241004,1195.88,10,2024-10-04 17:08:00
2219d040-bc1a-4c9b-adb5-58fcce30e796,36,442,20240820,195.82,36,2024-08-20 01:14:00
ea54f127-870f-46f6-beb2-5cbb40737f01,29,662,20240706,486.43,20,2024-07-06 01:00:00
ae79bbf6-b567-470e-9a0c-1eb9e747647c,13,235,20241030,1274.63,22,2024-10-30 17:20:00
740bf707-c699-43dc-8f7a-f602e8686089,17,838,20240908,1479.35,32,2024-09-08 12:11:00
f270e0da-8738-4860-9367-2d7030192977,29,71,20241010,1574.18,34,2024-10-10 16:55:00
2fcaa635-5d6a-4bd5-bdc1-876b86c444da,31,144,20241011,61695.49,20,2024-10-11 04:00:00
b3557453-e089-4984-ae1a-7265a8513481,11,513,20240928,1953.26,17,2024-09-28 08:06:00
8b110622-389e-4714-aec2-5d7aa748fdeb,5,264,20240706,1214.26,15,2024-07-06 23:22:00
6fcb6bbc-997d-4a9a-ac89-8c8981afc642,41,899,20240821,114.95,17,2024-08-21 01:04:00
b30ff51e-e1dd-442b-a191-9859b4ec6edc,43,6,20240708,862.11,26,2024-07-08 18:32:00
d7e40b57-b2c7-4468-845b-4b094bd67738,36,687,20240923,1810.15,7,2024-09-23 12:06:00
3159fac5-8252-4cf5-9e96-6d0b1884d131,47,340,20241117,576.73,37,2024-11-17 02:56:00
daf13650-dc52-4c7d-aa41-266b08000ee5,41,312,20240604,890.65,38,2024-06-04 18:21:00
c775ef88-3f21-474d-875c-c3ee57065999,6,656,20240720,409.95,25,2024-07-20 07:14:00
7942248b-14a3-43ff-ae84-0958f5d3dfe9,3,91,20241007,582.1,16,2024-10-07 16:18:00
05640fd1-9a40-47f6-b534-a2a7d46b4508,47,48,20241008,897.47,20,2024-10-08 09:50:00
715292a2-37c3-4451-96c6-67aa3a4a1525,42,891,20241018,744.61,7,2024-10-18 04:56:00
e62348e0-6419-4627-b9cc-5c4167a1e15d,37,790,20240719,1854.57,29,2024-07-19 16:07:00
e27bb70c-1f41-490a-8e28-d5f6aee40dac,11,720,20241002,462.37,23,2024-10-02 06:45:00
be20d501-859d-42db-99da-612673dddd9f,41,139,20240621,759.33,40,2024-06-21 16:50:00
62dc4f10-cf71-47e0-abd1-4fdc54fa442f,19,730,20241106,1383.43,11,2024-11-06 14:47:00
c069d897-31e2-4723-9d32-ce47339eaf0f,1,891,20240801,1215.58,16,2024-08-01 00:33:00
1d1b399d-9c3a-4bca-992d-6ffc61e062f9,3,653,20240831,1106.43,29,2024-08-31 23:17:00
ed33e3a1-29e0-4445-9be5-f3c3e0d6a3ba,16,249,20241028,1274.45,37,2024-10-28 22:36:00
324d4ae7-d3db-493d-8b6c-654bd64138d6,9,365,20240911,1740.98,28,2024-09-11 03:39:00
f663a1cf-5874-4c1f-9baa-7b79a33b1e18,19,959,20240721,162.4,19,2024-07-21 06:59:00
10f83fe1-cba2-439c-8a7c-b42f381d3b39,50,742,20241114,479.45,46,2024-11-14 17:32:00
5bec9f3d-0722-4efe-93a0-411ad1add03e,7,716,20240826,1009.1,17,2024-08-26 22:26:00
af963830-494a-45af-baf6-19afa94a45dd,45,758,20240801,1131.63,14,2024-08-01 19:52:00
32cc0553-81c9-4d27-bf21-c222675a6a84,8,155,20241107,868.93,47,2024-11-07 04:48:00
c8d04c11-8837-4733-9eb3-82948d0e0464,27,165,20241026,476.84,24,2024-10-26 07:26:00
5317c59c-4953-45a9-a927-bd13b950f72a,30,412,20240919,223.79,42,2024-09-19 06:40:00
311acc36-0e36-4912-8ee2-212379ddf1f5,22,162,20241012,898.28,43,2024-10-12 07:35:00
d78bb610-0277-4e41-b984-083609af1c64,19,861,20240910,1273.36,38,2024-09-10 16:13:00
fcf5821a-f7ee-4da6-b356-daa62af57ac9,13,377,20240902,888.11,22,2024-09-02 11:07:00
7c9845b5-c24d-4a19-926e-5a28a207a64d,21,856,20240716,1831.22,44,2024-07-16 03:44:00
bb5aeb1d-8ea7-4fc1-a3eb-547511a016c1,1,533,20240705,259.19,25,2024-07-05 06:12:00
f88c8295-5a02-4017-84da-d369f8c9a628,50,695,20241022,1347.92,25,2024-10-22 22:19:00
43736033-1186-4521-a82c-dc5a04590a33,27,334,20240809,296.46,48,2024-08-09 00:18:00
7ac4349a-a588-495b-b53b-a36bb06df8ab,20,678,20240905,1994.45,32,2024-09-05 03:52:00
0bcc5b25-57d3-4418-85dc-a37f656a57af,36,337,20240810,1905.62,47,2024-08-10 06:38:00
e0914a70-a73e-4b91-bdc4-14f34e84d13e,42,555,20241005,1527.04,40,2024-10-05 19:39:00
dca8ddba-5c1a-4079-8522-aa7f2b198934,32,561,20241028,1699.61,49,2024-10-28 05:43:00
7f5f60fd-4ced-498a-9a7b-f5255bab328c,28,153,20241006,1650.25,44,2024-10-06 04:08:00
0590a7e4-adf4-41da-90db-58b2ead02f26,6,634,20240815,583.24,5,2024-08-15 12:41:00
26a72687-9fa9-434c-8ab6-a329f3d7aa79,34,72,20240702,470.63,14,2024-07-02 06:55:00
3f95a703-2eb8-416c-9fc2-81e82df72958,32,330,20240730,907.14,38,2024-07-30 12:07:00
5644d99d-dc47-4d12-a8fe-b786831ed1cc,5,287,20240624,208.55,14,2024-06-24 15:18:00
216dcbdb-8064-4a0d-8152-02860bcc92f4,23,48,20241110,1617.69,3,2024-11-10 22:28:00
747f472b-1b9a-4283-adf7-fd855d5f5858,27,979,20241101,449.24,29,2024-11-01 17:57:00
3f8ff3dc-b614-40b1-96ac-7317e0192300,3,504,20240614,1931.57,15,2024-06-14 09:25:00
44cf8501-06e6-44ec-a9e7-1342f825c934,8,530,20240919,62.56,24,2024-09-19 21:28:00
48170744-3cc5-470c-8656-05330d36b0ae,37,284,20240602,83.91,27,2024-06-02 18:30:00
c622fe9a-e727-4533-86b2-b78f75054a6b,17,783,20241125,1623.13,3,2024-11-25 15:11:00
62446e78-1bc9-4c10-97af-f43cc15e0458,14,943,20240809,1010.17,4,2024-08-09 08:24:00
d9f1f815-08da-42ba-9d3d-8d69b3e45827,9,515,20241127,1327.51,9,2024-11-27 06:54:00
3f42042f-aee4-4fe6-a1a5-504cfffd712e,21,873,20240812,1479.58,19,2024-08-12 20:03:00
a935d5a4-150e-4b89-88ef-52712b3b2333,35,521,20240909,1321.95,50,2024-09-09 11:06:00
00f831a1-0c11-4167-9608-80c824e89581,18,611,20240624,354.63,7,2024-06-24 04:05:00
54b2fc32-ce6e-4fca-9380-99b17925b5af,48,491,20240612,1106.77,11,2024-06-12 16:56:00
c780bca9-13b8-4278-9282-e5ed6bd7d553,39,140,20240903,1444.65,15,2024-09-03 18:40:00
3b74d4f1-9dd0-4efd-a4f6-d3b707fd6d6a,48,790,20241124,1667.15,4,2024-11-24 21:48:00
9a09dbf9-443b-4f79-8121-f56c37667819,34,391,20241010,542.9,28,2024-10-10 18:11:00
29aacb7b-f351-4d45-8531-aacae1ee8b4c,36,742,20240604,1169.86,24,2024-06-04 08:53:00
d1953155-42d7-4300-92ee-5de7b95579cf,18,829,20240908,1050.66,44,2024-09-08 20:43:00
6fcebf19-82a7-4197-a35e-39b85f4f5d0d,44,49,20240728,1030.35,25,2024-07-28 11:11:00
2a87669f-63aa-4488-86b5-3a78d8461501,4,141,20240824,1245.86,41,2024-08-24 22:39:00
b6ee334e-129e-4b9c-bf38-df558ebcc34d,4,226,20240627,1470.88,36,2024-06-27 17:15:00
25ecb571-c279-4714-8b4c-ac3b0b48f5eb,50,971,20240705,1445.49,44,2024-07-05 12:40:00
19b23c28-3a53-4872-a2b6-54e747830d1e,42,517,20241110,560.01,50,2024-11-10 17:40:00
159afaff-3c99-49cc-83a1-429de0f43d39,27,973,20240911,884.26,35,2024-09-11 09:27:00
a1e5a8f8-7f55-4fe8-b73b-0eebe9c4bf64,20,503,20240608,934.85,33,2024-06-08 21:09:00
f6de7d10-076d-4e0b-9f06-3bfa821bdace,47,394,20240719,1930.74,8,2024-07-19 15:55:00
8c3610a7-db9a-45c9-b706-a07e29e4ff87,27,988,20240918,1367.04,25,2024-09-18 20:31:00
e47d6e21-c9ee-4f44-be2d-e201bf91ae81,18,560,20240813,199.23,24,2024-08-13 22:40:00
73ec5d8a-a1cc-4e2f-b534-b749c3a5293c,24,49,20240702,575.57,15,2024-07-02 06:02:00
280bc9e7-4241-42db-bfca-0befe23d8ee4,34,840,20240618,111.89,15,2024-06-18 23:07:00
13061c20-023e-44fd-8926-60b1f056508d,21,605,20240920,617.84,12,2024-09-20 17:56:00
80f0d143-8062-4bec-aae6-b5429ecd6d43,16,96,20241108,1939.07,40,2024-11-08 15:23:00
9b825fda-1462-48c7-815a-83cde8ab218b,46,797,20240717,467.99,20,2024-07-17 12:17:00
b78b567a-66de-420d-b59f-af12ccc1eca7,9,475,20240905,1537.27,25,2024-09-05 13:34:00
a035b40d-e5a9-42a1-b536-3653aaa41892,21,588,20241121,1051.99,37,2024-11-21 15:02:00
c1a0cb83-42d1-4fd9-b028-18f93d582293,42,326,20240805,735.44,28,2024-08-05 10:20:00
e281ed40-0565-4ac6-b58e-60f55ba232d8,42,249,20240604,1872.41,20,2024-06-04 19:49:00
af0028d4-a482-4b56-958b-25948f374909,42,435,20240725,781.64,43,2024-07-25 11:57:00
da705ba1-cc1c-4d01-9cf2-f2d1563b7913,23,756,20240906,468.68,29,2024-09-06 17:06:00
1220fa59-db74-46cc-bb28-43ba85ac865c,42,334,20240811,1874.22,40,2024-08-11 07:07:00
31a595f8-e237-4bf4-9cb1-bb7b341095c8,15,604,20240806,761.47,3,2024-08-06 21:06:00
e50f55b7-86ff-42b2-8aa1-7fa9d120f49c,23,68,20240826,1351.15,29,2024-08-26 07:50:00
d5a29b2d-34d7-42b5-a37f-8c80fd9b4c54,10,840,20240711,664.6,22,2024-07-11 14:07:00
7dac5030-eadd-4f64-9f38-095d2bd86961,3,257,20241001,1806.68,38,2024-10-01 11:14:00
2a20c126-f9e0-48a0-9c56-34f6148c5119,10,583,20240811,967.1,26,2024-08-11 01:08:00
afc06f3a-80b1-48ff-8439-fde81d5f5135,24,754,20240905,1232.97,13,2024-09-05 06:49:00
f7eae72b-2a02-4f47-b384-1f4757da1a1c,5,207,20240811,231.91,20,2024-08-11 08:56:00
506c9060-4743-4967-8fe0-b69e4c830254,44,579,20240623,992.07,26,2024-06-23 11:38:00
8cb69149-4a42-4b8f-8ccd-221eca13903a,8,171,20241001,1372.91,6,2024-10-01 04:17:00
bbbf59c4-ff08-4d5e-844e-7783cd78dfcc,39,569,20240829,557.89,33,2024-08-29 18:13:00
d4a9afb2-160a-49f8-b228-2ed68d333c86,6,157,20241007,229.93,33,2024-10-07 01:49:00
af6146df-724f-491b-9f2b-53b3fa02af01,5,881,20240801,1428.63,14,2024-08-01 23:04:00
7cfaee74-0276-40ad-b4ce-6ff3ae3fa36d,21,980,20240817,1589.18,43,2024-08-17 12:37:00
046ccaf5-5100-4746-8b32-821589ab2cfb,5,336,20240613,307.6,9,2024-06-13 01:33:00
ad695c5f-51a8-4ff2-a07d-20b5eef9de8e,11,971,20241019,462.93,36,2024-10-19 18:32:00
c272e529-37cf-457e-8039-d102918d0bd4,7,571,20241001,176.77,2,2024-10-01 16:01:00
5d28233b-2ddc-4a8c-83f5-d3ebf09f5276,20,604,20240611,1715.97,38,2024-06-11 08:29:00
56bc05c7-1c17-4e76-9205-1d33e336c5f2,27,493,20240921,1253.04,8,2024-09-21 08:32:00
0e0c55d8-601c-4561-a475-ad8f1aad6768,40,412,20240803,1074.77,4,2024-08-03 01:20:00
4781bd62-43ec-4c27-a07f-dcce3f03c218,40,38,20240824,1152.82,27,2024-08-24 20:38:00
62d084b2-6524-4d68-b3a4-117f6acf1a56,40,945,20240907,1225.38,29,2024-09-07 06:20:00
e8a0c918-37ed-41fa-bd91-09b8c9bdf4f6,31,278,20240603,214.33,40,2024-06-03 00:38:00
5bf13876-b6ed-4557-9d18-993ca9cbfba3,42,330,20241010,1492.08,17,2024-10-10 10:06:00
2472244f-9b65-4a35-a8ae-c1928f9a0814,34,76,20240616,509.68,11,2024-06-16 00:29:00
85e51757-485b-416f-8384-945898779717,22,112,20240710,653.97,3,2024-07-10 13:54:00
71b064c5-58bb-4376-a76f-b28183bf0c65,48,456,20240811,1425.75,22,2024-08-11 10:20:00
2d9f0c6d-f2a3-4880-bba0-8fd8678a64f2,29,878,20241026,1551.22,33,2024-10-26 14:27:00
5d0a86a5-0103-4261-b2da-0f8d88b0638e,15,31,20240719,1733.88,39,2024-07-19 18:57:00
276728d0-6d51-4113-8793-e567838919e5,7,208,20240711,1143.07,7,2024-07-11 11:29:00
7ad439d6-fb86-43c1-9251-6e04bebdd183,1,392,20241016,712.88,22,2024-10-16 08:52:00
f101e2fc-ae55-45c2-9b5c-86c8e2b639c7,42,109,20240817,376.32,43,2024-08-17 02:33:00
9831fa79-666c-4507-a0a6-803023493347,48,781,20240722,1299.37,16,2024-07-22 06:51:00
caa8fefb-5488-4662-9ead-8f3beb189b61,11,939,20241115,689.36,29,2024-11-15 22:04:00
83917966-c046-4dc0-996b-fb964352c85e,3,266,20241030,825.58,18,2024-10-30 12:57:00
7d34e48e-776e-4efb-81ee-24a1cfbfb5df,8,523,20240817,604.0,15,2024-08-17 00:03:00
4318edd6-263e-4f20-b911-67c832af8886,23,81,20241009,638.61,33,2024-10-09 02:25:00
614d2b7b-33e0-479b-9247-32971fc5bc7e,29,516,20240629,1905.73,48,2024-06-29 16:14:00
8fc4f5e8-91fb-4894-b010-1a5867b71bf7,4,379,20241105,460.31,29,2024-11-05 00:46:00
e7128ed7-aa9a-45d9-b95d-a4779e645273,16,471,20240810,140.61,48,2024-08-10 03:22:00
cf3bcf37-c288-4aa6-a7b6-eb89b23a9e96,23,312,20240923,890.91,41,2024-09-23 22:14:00
9535ce96-0522-464c-ab43-47a511c6aac6,24,143,20240814,258.9,20,2024-08-14 06:01:00
b59dd744-254f-4771-8633-f66ff4037012,3,201,20240831,592.45,13,2024-08-31 01:51:00
8aef3b92-4f44-4322-8b0b-194db97ac7f8,14,576,20241031,1367.1,37,2024-10-31 15:52:00
3790c207-b07b-4f74-9751-b5ffad0a2adf,11,244,20240608,453.28,14,2024-06-08 16:15:00
2320bb47-f554-4029-8324-23f32f6363a4,24,605,20240620,1053.85,2,2024-06-20 09:22:00
da48c8c5-c248-444d-a76b-d9e1118cf582,8,49,20241001,1906.89,11,2024-10-01 23:09:00
852aea58-c146-4407-805b-df7658d4dab3,13,640,20240804,1367.85,48,2024-08-04 02:33:00
02abffa5-8b3b-4dae-a245-d555f367bceb,40,283,20240929,1763.11,31,2024-09-29 12:40:00
74133b3a-769e-4dac-a8b3-763a8e7ee480,31,387,20240923,1150.52,42,2024-09-23 05:09:00
2257fda0-fa31-4f4f-a0eb-61916017c7a9,47,90,20240822,1984.14,27,2024-08-22 09:09:00
e5f9bcb4-2340-4d91-b28b-ca0462929a4f,12,421,20240812,1652.22,1,2024-08-12 09:57:00
90af529c-8c31-4c5a-8cc6-f0ec1cb0d7f6,16,960,20240720,61.26,34,2024-07-20 01:33:00
e4a7c5f9-e426-4645-99d0-1fa1de946429,29,22,20240728,1005.96,16,2024-07-28 02:41:00
de210a2a-4fd7-4248-86bb-85e4cf66b7b7,41,646,20241001,490.74,42,2024-10-01 14:24:00
c98314e6-169a-4282-8856-114db0e69067,41,494,20241012,646.27,28,2024-10-12 01:18:00
e8b6b65c-c2b1-4a79-bb63-2e0aad3ce42c,5,176,20241114,1374.2,7,2024-11-14 17:02:00
efc26784-b97b-4126-ae83-1e1f801abfd7,33,475,20240924,1254.93,44,2024-09-24 00:41:00
2f3b3321-c7a0-4409-8ee5-6d60e06cec89,49,237,20240802,1951.67,24,2024-08-02 03:36:00
63fb1093-f78f-44ca-bd29-5b177fd70e9b,45,686,20240817,1021.53,21,2024-08-17 10:56:00
0e9bf544-8811-44c5-ac97-157184879385,23,717,20240921,665.27,6,2024-09-21 11:57:00
ed51b063-66e7-48bf-bfb8-7afbf13f7cfd,23,384,20240711,1970.74,25,2024-07-11 20:35:00
9b543253-a910-4c62-b47a-31bc9ef5217e,21,715,20240923,619.03,23,2024-09-23 10:54:00
ec5a9df1-2d0b-4d1a-8852-1035561b8de8,31,112,20240925,1557.07,7,2024-09-25 17:05:00
9c34b2cd-cf91-43ec-9956-0b4e5c476c05,17,553,20240627,745.81,48,2024-06-27 22:41:00
ec82ecfd-25ff-4b6d-b0b8-5c4e3440be34,26,638,20240723,1026.32,30,2024-07-23 05:25:00
81f383c7-c60f-423e-96e6-d06853aa6b76,44,923,20240730,1400.2,36,2024-07-30 09:57:00
2f4b0b5e-ae94-411e-ac53-c96b96a1d79c,45,158,20240818,1867.95,1,2024-08-18 02:49:00
6f4d2c0e-0cc7-4431-979d-41c34e3e2043,7,131,20241121,1191.62,21,2024-11-21 22:27:00
453c4290-141e-46f3-9a4b-12ae69737cf3,34,175,20241029,1304.78,21,2024-10-29 20:54:00
d937d181-b17f-48c4-8f6d-786fd8084b2e,33,939,20241018,839.71,31,2024-10-18 00:11:00
49e153a1-ec2a-4983-88df-368253a504bb,10,293,20241126,768.09,38,2024-11-26 20:16:00
468226e4-6547-47e0-9dc0-fdb28f55ec14,42,201,20240612,575.1,6,2024-06-12 22:25:00
102782af-74f5-4423-aa23-eb46e14b935d,43,57,20241115,529.03,46,2024-11-15 07:15:00
e4e8d5a5-5b06-4fb9-8a20-97a50fffd231,15,305,20240624,1631.5,19,2024-06-24 01:31:00
34b16409-ffc6-4ade-8168-722dc111f1a9,27,835,20240903,1910.61,35,2024-09-03 10:51:00
0e4e2757-1fc7-49fa-aeda-8bedd66c1778,31,847,20241027,810.21,21,2024-10-27 22:10:00
1501948a-01f4-48e2-a55b-842688fe2fe3,35,979,20240710,523.32,5,2024-07-10 01:07:00
09ca0dd3-5410-443c-88ae-ce57d4bf8e98,14,630,20240907,1565.07,43,2024-09-07 14:03:00
54189246-66f3-445b-9863-152487830a89,50,303,20240610,1895.96,32,2024-06-10 00:49:00
a8f66b4a-ef91-4bca-ab02-2f1dd1adc6ec,24,656,20240831,63.39,6,2024-08-31 19:08:00
83489c42-5e25-476d-94ff-21f0fd8126db,21,488,20240930,167.37,30,2024-09-30 12:24:00
b042adbd-0589-4543-9880-a7d2a3b0d1d4,22,673,20241012,1919.47,49,2024-10-12 06:59:00
e772457e-97b0-47e0-a213-388801d3b501,49,67,20240911,1942.76,36,2024-09-11 15:35:00
90211108-bbf6-41fe-96ad-08e8aaac25c2,19,480,20240623,404.81,2,2024-06-23 19:02:00
2cde2238-e3fa-4988-9729-b09a1a8aa175,46,638,20240929,244.45,43,2024-09-29 05:59:00
1b497c1a-5678-498e-a091-9321eac327e8,44,964,20241024,70.04,29,2024-10-24 09:10:00
7ebfd4c9-2958-4a48-9805-75d7ade02c27,49,129,20240706,404.18,38,2024-07-06 17:45:00
df53416c-1d96-4986-a73a-9804689c6c06,14,834,20241020,1632.78,34,2024-10-20 20:05:00
c43efba6-60bb-4c50-8fcc-0509fc87e8e9,25,63,20240823,1468.37,44,2024-08-23 17:55:00
65e9e94d-7aa3-4700-908f-26a0684054ec,3,118,20240911,1916.33,45,2024-09-11 22:54:00
9d491b1f-d752-42bd-9ce9-37ed39cea8e9,46,531,20241027,1256.56,13,2024-10-27 08:47:00
4e040714-08db-469f-bf4a-87de62cbe74b,25,341,20241016,758.17,6,2024-10-16 11:40:00
9568167f-b2b1-4c9f-8726-85b5d2b28436,39,416,20240724,567.5,39,2024-07-24 12:30:00
e6570e77-607c-47a3-a268-bf8740679968,8,840,20240609,779.95,46,2024-06-09 06:05:00
5ac2d4db-9096-4814-a010-fa42f3be3c8f,18,911,20241125,573.95,39,2024-11-25 02:31:00
19565e84-77a5-430a-a5c2-861a17f19861,43,475,20241027,1767.53,39,2024-10-27 14:07:00
adfb6778-1698-42bd-93c9-9b7a3e8a414e,35,420,20240618,1323.03,35,2024-06-18 14:11:00
937005f7-ad77-4612-9721-6097873549a9,33,102,20240911,531.68,29,2024-09-11 04:37:00
a0aa102c-eefe-414d-bea0-f1d0a88b5542,24,695,20241010,1744.61,19,2024-10-10 23:43:00
e25196b0-3d47-444c-8328-4b0088f42037,35,558,20241113,1010.18,46,2024-11-13 15:23:00
f886f5fa-7b87-45f2-8c23-3f613e0afaea,44,140,20240627,1263.22,12,2024-06-27 11:55:00
7dc3b779-1b5e-44a2-8038-6527af3a77b8,18,802,20241029,1664.62,5,2024-10-29 15:53:00
e220d08a-2177-4f65-9014-2cfcce5c44ff,25,944,20240705,321.54,16,2024-07-05 13:16:00
e7627574-61f9-4639-ba74-e2cb6b23f757,23,348,20240917,1518.81,15,2024-09-17 20:15:00
7103ada5-a466-4832-96ee-0ca84ccd2771,38,996,20240618,894.63,15,2024-06-18 04:20:00
19e86ed7-4610-42b8-b698-00f6c7b2224c,35,753,20240908,369.93,25,2024-09-08 17:29:00
566aff5c-993e-4d0b-9827-6cbe8c146a9d,38,329,20240827,1323.84,10,2024-08-27 19:36:00
0c9e4a45-6946-4da1-bedc-e7aadc8d2bb7,10,821,20240602,1924.64,34,2024-06-02 02:26:00
e079ed83-7038-46aa-8999-7b53bf4a8904,49,905,20241002,1216.37,12,2024-10-02 05:59:00
dec7ebdc-ea35-4dcb-9e97-688b640307b1,35,122,20241022,59637.24,29,2024-10-22 00:07:00
afc2ad6b-d216-48ee-bb72-7232ff1ce869,40,431,20240721,1297.14,47,2024-07-21 04:36:00
5cc48034-adea-44d1-b6e1-f4131b6fd073,24,884,20241120,1525.76,33,2024-11-20 19:40:00
c88c227c-a62f-42b4-a176-5256d75f5e1a,13,194,20240719,425.05,1,2024-07-19 01:50:00
4e5d4226-d2f7-4379-8665-c4a7d3fb7370,10,379,20240814,1821.33,6,2024-08-14 19:06:00
0d417825-64e3-499a-a674-a5a1d9a9bea6,5,830,20240725,1282.49,23,2024-07-25 16:02:00
576a1cf6-76dc-40fd-90ee-fd855bb2fed2,41,742,20240709,890.72,4,2024-07-09 23:27:00
31d32732-8719-4f7d-b6d4-5ad5a61834fe,39,962,20240830,749.58,30,2024-08-30 09:29:00
41e2779b-5f1c-491f-b634-543a088ba551,6,767,20240828,254.0,15,2024-08-28 02:35:00
a272d925-d72b-42f7-92e4-63542b666a2e,8,736,20240831,1906.43,18,2024-08-31 05:26:00
dd6be4b5-bd0c-40d8-9310-ca6e10dc4672,48,431,20241006,1605.92,17,2024-10-06 09:04:00
2f16a2eb-6fc2-4c0d-9529-f9d6fe18f0bf,27,318,20240701,389.95,12,2024-07-01 09:50:00
91f7a4bb-60b1-4e44-99ba-df5780240ed9,13,426,20241020,739.07,45,2024-10-20 18:24:00
85600d17-73cc-4f38-ba15-cd012cbbd786,6,372,20240928,1143.43,37,2024-09-28 23:17:00
d10a7d35-3c56-4eb7-b5f4-4472e2eabf14,31,236,20240812,1241.57,9,2024-08-12 03:44:00
a99cc4ce-8f44-4a0d-8b26-65abd120bf24,30,851,20240703,937.03,24,2024-07-03 06:25:00
62cf49bc-a318-4495-9363-48d9c155a0ec,27,631,20241024,1516.8,2,2024-10-24 16:36:00
fd906331-56eb-47f3-89b6-f0ed4bc2aa3e,34,219,20241115,1069.03,32,2024-11-15 14:46:00
fee40a86-2361-43c7-935f-d2a551a03a92,32,537,20240807,861.26,12,2024-08-07 10:06:00
b1c09253-c5d2-4b35-819b-ad2810f10e5a,40,51,20240908,1558.48,23,2024-09-08 04:30:00
2b5327a8-e4c4-4190-8414-ab69d54d73cf,33,222,20241118,793.15,22,2024-11-18 12:07:00
c0543cb6-d306-45a5-a393-af602becafb4,14,525,20241122,955.81,2,2024-11-22 09:46:00
ddad35ad-bb7d-4cd6-9f5c-5f6e7bf83859,40,963,20240914,1094.38,40,2024-09-14 10:52:00
52a1357e-8ef2-4d9e-8207-ecfdc065d601,22,48,20240721,1446.93,3,2024-07-21 20:45:00
c507cf06-9341-449a-930a-a287faa220ba,14,780,20240625,733.48,2,2024-06-25 16:33:00
cab5eb63-b436-48bc-bf02-56ff88534db0,36,389,20240625,1142.03,32,2024-06-25 02:49:00
0dce00f9-4f8e-4c17-bc0f-6b19d247b2d8,25,173,20241119,1102.1,35,2024-11-19 11:16:00
d37ba5b5-02db-494e-9fb2-7388928388a8,42,626,20240831,1791.03,4,2024-08-31 18:01:00
37d1d7a9-544a-44af-8b9a-9275f75997c8,23,150,20240628,746.24,13,2024-06-28 08:34:00
863f6ae1-b4f7-468c-928b-2e0b5a3155bc,30,766,20241013,352.15,50,2024-10-13 23:53:00
55fc7387-d9aa-4873-aa59-473b0cb04bc7,32,676,20241009,144.66,24,2024-10-09 04:42:00
efb8462d-16d3-4658-ad50-1698f0cc4dbd,4,189,20241007,1141.15,18,2024-10-07 20:23:00
49d1bc1c-b15d-4f32-8e9d-4bcd4a211541,31,384,20240812,493.56,38,2024-08-12 13:03:00
0449e02a-4946-492f-96ba-f46add4c9896,5,397,20240823,685.63,16,2024-08-23 21:55:00
879ec006-2754-45e4-b69e-e171f69913c8,24,668,20240930,505.22,3,2024-09-30 04:19:00
15823198-edd3-4858-bf16-93636b6af99d,19,589,20240805,1472.6,9,2024-08-05 08:16:00
d95ad960-a0ed-4f94-a015-848d0b89c62c,46,619,20241125,1935.75,30,2024-11-25 18:12:00
dc6396ee-ddff-4e0a-a4b6-5d5ba3174927,43,950,20240712,248.99,32,2024-07-12 09:58:00
33a571ef-f793-40ca-879d-ee8434cca87b,36,27,20240822,1710.13,32,2024-08-22 07:48:00
4ffb0e40-cc81-4c8a-afbe-5f6b453f00e2,20,278,20240918,1504.44,7,2024-09-18 07:14:00
bc9b94d3-ad7e-48f4-965b-6bb3399857cc,16,154,20240830,461.49,6,2024-08-30 00:56:00
1433cc2a-4691-4bc0-84ee-6ca97c8b6f45,39,103,20241113,490.85,20,2024-11-13 20:59:00
3699545b-14e0-477e-97d2-6bdb91449fce,4,586,20241008,1504.52,24,2024-10-08 03:07:00
371c6935-d7f1-41ad-951a-18d809f4707d,14,389,20241102,624.5,31,2024-11-02 04:27:00
438a4fb6-ecd1-47f5-8afe-f442647f9d26,42,483,20241026,1858.67,45,2024-10-26 21:26:00
e3f6b131-d8e5-44ca-9e6f-0fabb007bd72,21,507,20240924,113.26,4,2024-09-24 16:50:00
cc176dfb-cb81-4414-b318-cf28673ea29c,13,291,20240908,1533.9,12,2024-09-08 17:26:00
e586fbec-e1d2-4044-9626-aeb7a263e9b7,49,708,20241119,52.8,18,2024-11-19 01:55:00
0da8b0a8-20a8-4cbb-9476-7d615b9bd04d,34,972,20241024,1910.02,39,2024-10-24 15:41:00
fbd9d233-688b-4ddb-b248-24be03650682,13,424,20240601,1167.13,33,2024-06-01 21:17:00
77573778-21aa-498b-af54-af1d4489005c,9,594,20241016,452.01,5,2024-10-16 09:26:00
c3d1859d-51b6-4eef-a659-3dc64cfc43d1,35,445,20240723,868.91,19,2024-07-23 17:26:00
3769470f-7778-4a74-b336-0ed8bbe04d2f,21,713,20240904,1402.09,11,2024-09-04 22:19:00
e66b5bdf-0974-4201-b3b7-131ecac9b683,31,187,20241124,830.08,16,2024-11-24 20:16:00
c3d44595-155f-4383-a701-7c6d722e3fab,12,926,20241128,1336.98,30,2024-11-28 01:20:00
3722d534-a472-4fb3-ace7-95b3794c28e1,48,69,20240902,1566.84,47,2024-09-02 05:54:00
37a65829-42f1-44f4-8e5a-bafba057e57d,37,569,20240827,362.77,13,2024-08-27 08:31:00
9d235fda-48db-4602-b7e7-2b260af9aa57,30,944,20241104,906.51,22,2024-11-04 14:05:00
39dda9d8-6dd2-4b1f-9eea-fcfc740a9f50,44,819,20241103,428.62,24,2024-11-03 17:40:00
6cae010b-ed88-4077-a615-cc3b13030737,42,988,20240930,1751.99,26,2024-09-30 09:06:00
59ebb23f-77db-4042-ba9d-b822b540b20d,14,694,20241007,362.12,22,2024-10-07 16:12:00
06dafbc2-b561-4bf7-b3c9-96a1fd43ada5,6,697,20241101,1815.78,26,2024-11-01 21:20:00
186dc889-3bbf-4031-ae7a-4e2c23be04a8,41,43,20240724,1682.71,3,2024-07-24 16:26:00
5f5d1e59-9af7-43d2-bfc6-a9168649ded1,5,429,20241127,1210.87,3,2024-11-27 02:23:00
5898192f-790a-48db-b90d-db419fb28cd4,34,33,20240628,1314.96,15,2024-06-28 08:49:00
603561f1-3d47-4b60-b4a5-874ec4d69983,31,666,20240820,746.8,23,2024-08-20 00:19:00
10ccc6cf-e16b-4029-ba0b-bfd3f57068ed,45,113,20241124,1727.25,25,2024-11-24 05:42:00
1e7f74f6-6ea4-4b5b-b9ec-e1c863ca17f9,34,445,20241104,112.8,47,2024-11-04 04:45:00
3a4d1425-b567-4213-813d-a990a9e9fd66,45,266,20240803,998.84,27,2024-08-03 07:13:00
b2310638-c546-4915-80d8-bd8dd3452083,11,691,20240928,833.7,1,2024-09-28 02:48:00
4de8ef70-f7b2-40d2-8ead-544c056d4e80,24,136,20241127,1359.31,19,2024-11-27 18:01:00
8ab3f1f5-6da1-4095-b450-73b754c867a9,32,219,20241017,500.92,37,2024-10-17 12:07:00
ffd677c6-d313-4833-baa6-a8d738fd1492,35,734,20240928,287.21,15,2024-09-28 23:53:00
0207a15c-71f0-4e09-af8e-31b7268e0dee,33,74,20241025,1013.1,33,2024-10-25 10:07:00
d8548163-81e2-4e45-82b7-e344b8f624f5,46,116,20240719,1295.91,7,2024-07-19 17:43:00
b08ae95c-1846-4f6f-a5c4-60c65df69ba0,3,907,20240619,342.12,27,2024-06-19 18:58:00
7234640e-179f-43ac-b35a-a24e05989ac5,13,222,20241017,1195.76,44,2024-10-17 02:06:00
0b4d3b9b-8f76-4160-ab12-38f292b75307,24,267,20241124,780.75,19,2024-11-24 00:05:00
4eefb091-7465-4567-9b23-4f94edeecb35,25,51,20241103,1478.81,43,2024-11-03 03:02:00
bb3f8aa2-de63-4a12-83c5-b1446c514583,35,914,20241115,418.32,38,2024-11-15 15:26:00
f9076e97-3743-4606-b548-990fce8322cc,32,400,20240902,1137.31,2,2024-09-02 17:17:00
dae20410-7c14-4e4b-81fe-dec5099f8943,33,202,20240625,1027.4,30,2024-06-25 11:33:00
566bc948-9329-4a71-b2de-804db3681dd7,15,949,20240605,1827.07,25,2024-06-05 07:40:00
21cb933a-9a9d-4149-a1be-751914be5786,42,367,20240926,718.08,12,2024-09-26 07:22:00
28b8682a-97df-414d-9ca6-c140d673eac9,26,950,20241125,1703.41,42,2024-11-25 13:37:00
391908f8-fba3-4528-9e2b-27c708639bc5,10,981,20240927,91.17,43,2024-09-27 16:54:00
df9ed632-4c32-421a-a19d-97aa485bf86a,35,916,20240919,1117.11,2,2024-09-19 22:00:00
9f1276fa-3f25-4136-962f-e02c698722d1,3,264,20240822,1105.95,5,2024-08-22 16:22:00
c89fa764-bb6c-4cba-943d-74059901d751,1,518,20240609,1975.72,13,2024-06-09 11:36:00
4f8ca5f6-0425-4b21-b8ac-eface102f79a,21,700,20241123,665.89,6,2024-11-23 18:07:00
d1431c71-39ff-4100-83de-c170c30cbbac,46,86,20240906,1451.51,40,2024-09-06 01:10:00
bee24a29-3452-426a-b464-64a4af8791f5,16,829,20240724,1422.87,18,2024-07-24 10:20:00
61088539-6f0c-48e1-b6bb-a6a35f994755,3,207,20240702,287.15,19,2024-07-02 11:55:00
1e94efe3-40f6-4d6e-954d-101c6106b353,19,583,20240710,1820.23,3,2024-07-10 11:02:00
8730190b-1dc1-401d-843f-b71864d784a4,25,886,20240810,1490.41,34,2024-08-10 19:41:00
c6f2aeef-4570-4632-82a4-8e68045a8fdf,2,77,20240812,1659.7,48,2024-08-12 02:19:00
b40c3f06-1d91-4c8b-a540-8e2d8903ac61,30,618,20240802,1662.93,18,2024-08-02 03:07:00
d27f5b89-fa3c-42f0-8aba-bb97fe6bf15a,22,219,20240711,157.28,45,2024-07-11 08:51:00
5050616a-2cde-4869-8059-1711b5a3dc13,18,760,20240925,1618.4,34,2024-09-25 09:38:00
ae8e176a-4ae7-487e-a4cb-88c81576a46d,30,44,20240916,409.41,28,2024-09-16 20:29:00
59c29637-08fd-4633-9411-73e56b5eac65,11,143,20240807,1616.12,33,2024-08-07 05:51:00
1542b138-5073-4377-b0a4-343c39f082a6,50,647,20241108,747.84,35,2024-11-08 22:23:00
22daea75-9ce4-484d-84cd-30e0143c4a5c,14,881,20240707,632.22,3,2024-07-07 01:49:00
5aee917c-b15f-4fbb-b784-af5fe45e407a,10,764,20240804,143.54,47,2024-08-04 22:48:00
00e2c66d-6f55-429b-ab03-a8639376747b,38,132,20240617,129.81,36,2024-06-17 11:36:00
45d9efa7-41db-4c4e-a1b9-b3d3aec77a9d,48,714,20240605,1159.99,20,2024-06-05 02:07:00
581fc2a2-f044-4f7d-9053-2be9f3a2a3c0,40,553,20241126,147.27,6,2024-11-26 06:54:00
a7f01062-e37d-434c-87c3-ca8e64fad7d4,39,223,20240801,515.85,23,2024-08-01 13:31:00
63f15402-897f-4bfd-8a28-fc1f2d689fbb,5,541,20241018,509.06,50,2024-10-18 06:12:00
d1cca01e-0b3f-4b80-9a5a-99f10d3604b7,32,958,20240627,570.4,42,2024-06-27 07:51:00
40c141f1-05a7-4e3a-809e-1d4c29e9b163,44,811,20240713,1274.63,21,2024-07-13 04:23:00
75410219-d2fd-409a-a964-17155307e7ff,10,518,20241111,196.04,45,2024-11-11 14:28:00
84cbc26e-98e3-4408-bcde-e81bb6da8bc1,30,605,20241009,607.98,44,2024-10-09 06:22:00
ec3da19f-1888-4e17-a8cf-ab5750adab43,9,732,20240709,592.65,8,2024-07-09 11:32:00
7ad9385d-4685-480e-810a-3ea270ab3f0b,3,657,20240721,171.68,4,2024-07-21 03:04:00
ad8a656f-bcb8-46b9-b6c1-ab53b66c8fe5,20,302,20241026,492.24,18,2024-10-26 17:33:00
74e9b7da-0244-4987-8ddf-27541758f368,41,320,20240812,1047.05,27,2024-08-12 00:15:00
2a46b080-972a-4674-a23a-0fdf4f71ccd6,9,257,20241102,1738.58,42,2024-11-02 21:00:00
bae96876-7a12-489a-91d3-3d8792b91c3e,31,269,20241113,76993.72,22,2024-11-13 02:55:00
65594963-98b4-4a84-b1a8-f5c03826fadc,33,370,20240619,1568.29,12,2024-06-19 01:19:00
03414035-5d83-43e7-9dde-2ad15e89ca6b,36,699,20240730,951.0,25,2024-07-30 08:00:00
1bb5760b-db40-4966-8edf-9c5c1d6729da,1,799,20240601,1224.83,50,2024-06-01 23:57:00
af094064-6e81-428e-a586-be2d53b51434,22,318,20240612,394.28,21,2024-06-12 12:46:00
3ced46cb-5029-443e-86c8-abfe0bd4412f,18,907,20240917,1929.33,26,2024-09-17 00:15:00
9d278f7e-9ecb-4bb6-8215-f5c9ef1dc288,13,857,20241104,1375.8,16,2024-11-04 22:46:00
51507896-ada2-401c-8383-4915c72bf3ab,14,695,20240622,583.84,21,2024-06-22 16:08:00
7757df81-c2ed-41f2-b255-a8a4c356a789,20,495,20241125,145.11,50,2024-11-25 14:11:00
56aa51cf-b202-4a01-8f5e-5b5a335cebaf,40,51,20240911,77834.11,46,2024-09-11 01:14:00
cf6e7031-c14e-4f78-be5a-de146525cd5d,19,120,20240710,374.23,23,2024-07-10 01:04:00
51a3f806-4a1b-4223-9d85-4acbb263c4ae,26,989,20240823,1077.16,42,2024-08-23 13:22:00
5344c0c7-d21c-462b-8b8e-4f5c67dce78d,10,140,20241008,416.42,22,2024-10-08 03:34:00
67f44037-b962-481a-a23c-bd6f48145d35,35,470,20240709,1487.21,48,2024-07-09 13:59:00
4e4320b6-fa42-4d68-8dc6-1a9f9c1d0165,39,818,20241024,1472.89,5,2024-10-24 18:29:00
ef106393-6dec-4c67-b1d5-a668a5ccb608,4,331,20241117,155.1,8,2024-11-17 00:17:00
39c89d66-36f8-4046-9738-634de993d66c,9,213,20240814,1201.83,17,2024-08-14 09:41:00
5c9fada4-f863-4545-b2c9-0fa4a5878778,24,544,20240802,378.06,34,2024-08-02 14:16:00
03504c0b-867e-4565-8a2e-fec85edd8478,9,308,20240920,325.01,31,2024-09-20 06:02:00
396da975-b4e5-41f2-8c12-ceee54df3acc,36,652,20240813,1131.17,19,2024-08-13 23:16:00
952b8e6e-da50-4cc5-8420-5f9c5ee4d3f6,30,646,20240908,732.17,16,2024-09-08 19:22:00
e6fe070f-9e10-49f0-a4a5-2e59cfdaadce,29,781,20241123,1967.61,8,2024-11-23 17:02:00
c5322b48-7595-42a2-91b1-f8fd4a6be832,22,174,20240901,881.28,22,2024-09-01 12:55:00
29d41d96-f218-49dc-b220-ab3e90ac47f8,19,533,20241019,1786.8,33,2024-10-19 13:41:00
5aab6f8d-d45b-4158-b34e-eac875beebf8,32,209,20240801,86.38,27,2024-08-01 01:45:00
26dde49e-1d79-4083-8695-51585b1f0a35,43,172,20240603,530.44,50,2024-06-03 12:46:00
a236cd71-0ac6-408f-a4ef-65eef6939788,17,710,20240803,146.15,18,2024-08-03 15:07:00
b667c9b3-f2ea-4899-8689-4e897152f0e9,8,560,20241121,874.47,50,2024-11-21 14:14:00
67f88aba-f1c7-4c1c-bb11-d978ba661275,18,635,20240722,1521.53,17,2024-07-22 12:36:00
45f3cc21-5244-4dda-8f0d-c993de9a53c4,6,809,20240806,27261.56,3,2024-08-06 09:07:00
382b2b89-8159-493b-8362-ee5e9c4ce4d6,45,64,20241023,1939.38,30,2024-10-23 14:58:00
255b91c7-0dba-4bac-a6a6-d6141c837187,47,735,20240718,152.68,10,2024-07-18 11:29:00
d2fb12db-4e28-4ea3-aa47-44cd2eb5b1ca,41,932,20240816,967.54,14,2024-08-16 13:57:00
ce4151f4-3ae2-4902-8607-ac2a3394f95c,14,916,20240827,1411.7,33,2024-08-27 06:43:00
b34a7ec6-b3dd-4afc-b8d0-7be6cbe91715,14,583,20241007,1570.62,2,2024-10-07 23:01:00
a6f39389-79cf-4bca-98b1-c3a5a5745b1e,23,918,20241027,1859.18,15,2024-10-27 10:11:00
afe7fe42-3de2-4808-ac6d-3cbeecd049f9,32,330,20241028,1355.14,20,2024-10-28 00:11:00
72e937a6-6dc8-4904-8628-8e106fee3fa1,8,108,20241010,1044.95,23,2024-10-10 02:09:00
cd7b5484-a94f-4afa-ad5b-7c028c4334ff,32,656,20240809,188.16,2,2024-08-09 14:04:00
ea77ae07-882d-477b-9ee3-4f43bb8786e3,41,732,20240709,637.11,5,2024-07-09 20:30:00
c90bde2f-a47d-4641-abe4-90be0ffced0b,44,260,20240921,1961.49,1,2024-09-21 13:06:00
b2dec135-e87a-458d-a4b0-4fe6ca8f57f1,33,659,20240605,1590.25,45,2024-06-05 04:42:00
39bf5cda-e2d2-40c9-9225-7c2ef3b8f74c,28,602,20240928,571.49,40,2024-09-28 17:43:00
096f8f79-8286-4db7-a0d4-312b93740bb4,20,194,20241108,140.3,20,2024-11-08 02:09:00
7129f59e-fedf-4c0b-b752-08e114c21a76,39,434,20240709,379.03,16,2024-07-09 01:24:00
cefe5c37-49ae-492d-b653-b6c51a349c0c,18,141,20240613,69.32,14,2024-06-13 14:09:00
88948c18-a388-41e3-90d9-eaa18a9daeba,41,698,20241004,757.64,15,2024-10-04 23:45:00
690681ce-3993-4db3-986a-dcc6926bf6f7,49,305,20240808,724.07,13,2024-08-08 06:00:00
4eca9a31-1d16-4ac4-b640-855b30cebeda,17,874,20240715,1770.65,30,2024-07-15 12:34:00
c46b5b17-2ca5-427b-bbd0-7a656e0d8790,13,222,20240610,238.1,37,2024-06-10 12:21:00
75f24438-0bec-4a83-9db0-1653f7666394,9,474,20240626,1572.03,8,2024-06-26 22:59:00
353616ba-0f68-4275-b772-a2729d84994f,43,54,20241128,95.9,46,2024-11-28 03:05:00
372436c6-18a9-4e77-a020-47a4601c7e7f,14,343,20240716,1073.65,9,2024-07-16 18:02:00
0a10fd08-6a61-4f07-9132-f1a1c930e3fa,38,180,20241107,164.72,1,2024-11-07 03:34:00
28023b7f-e2f3-487b-8910-595299f53dac,47,565,20241029,681.38,38,2024-10-29 05:22:00
1c7a2206-86db-458b-9a86-2eb08444ca72,17,955,20240605,185.61,1,2024-06-05 13:51:00
e62eca36-51a4-49e8-b8ff-df118599e7d2,27,221,20240819,1553.83,26,2024-08-19 08:32:00
74a85dbd-0f16-4926-a3e9-8b2eef5d0a16,16,91,20240925,694.22,41,2024-09-25 19:56:00
88d60bf5-6aa0-432d-9d75-cadcff889e9c,18,948,20240801,1074.43,32,2024-08-01 15:54:00
71e362d8-5503-40fc-9957-0cb9a0f33994,40,902,20241124,412.92,4,2024-11-24 16:01:00
b35392eb-cb85-4fc9-ba96-4ca07d4a6cf5,33,308,20241015,85.78,38,2024-10-15 13:39:00
391509f5-be9b-40ab-80e2-a64f0152d276,1,538,20240810,1525.02,10,2024-08-10 12:38:00
fac6d025-7dac-43b5-a2f9-f76730d9ac48,49,517,20241006,822.86,46,2024-10-06 18:50:00
2244ad15-c624-4432-8f4f-3b4966c690b0,47,350,20240821,842.56,33,2024-08-21 07:47:00
9b406983-3513-41e2-bb07-837c9c0e1957,28,233,20240916,1668.33,22,2024-09-16 16:21:00
a8070acd-841e-4bf8-948d-06be216cca68,36,33,20240607,1822.85,49,2024-06-07 02:21:00
6930980f-c919-4b7b-aada-ee10e2decf1d,44,544,20241002,1357.27,29,2024-10-02 22:52:00
